#SampleID	d__Bacteria;p__Gemmatimonadota	d__Bacteria;p__Proteobacteria	d__Bacteria;p__Bacteroidota	d__Bacteria;p__Desulfobacterota	d__Bacteria;p__Acidobacteriota	d__Bacteria;p__Firmicutes	d__Bacteria;p__Actinobacteriota	d__Bacteria;p__Abditibacteriota	d__Bacteria;p__Myxococcota	d__Bacteria;p__Verrucomicrobiota	d__Bacteria;p__Chloroflexi	d__Bacteria;p__Bdellovibrionota	d__Bacteria;p__Planctomycetota	d__Bacteria;p__Dependentiae	d__Bacteria;p__Armatimonadota	d__Bacteria;p__Elusimicrobiota	d__Bacteria;p__NB1-j	d__Bacteria;p__Campylobacterota	d__Bacteria;p__Fibrobacterota	d__Bacteria;p__Nitrospirota	d__Bacteria;p__SAR324_clade(Marine_group_B)	d__Bacteria;p__Cyanobacteria	d__Bacteria;p__Patescibacteria	d__Bacteria;p__FCPU426	d__Bacteria;p__MBNT15	d__Bacteria;p__Entotheonellaeota	d__Bacteria;p__Latescibacterota	d__Bacteria;p__Deinococcota	d__Bacteria;p__Fusobacteriota	d__Bacteria;p__WPS-2
SRR21722989	64.0	12404.0	634.0	0.0	758.0	961.0	11622.0	5.0	42.0	18.0	36.0	0.0	0.0	5.0	20.0	10.0	0.0	0.0	0.0	8.0	0.0	0.0	0.0	0.0	0.0	0.0	0.0	0.0	0.0	0.0
SRR21722990	40.0	23982.0	1655.0	0.0	244.0	703.0	5998.0	0.0	45.0	0.0	0.0	0.0	0.0	0.0	0.0	0.0	0.0	0.0	0.0	0.0	0.0	0.0	0.0	0.0	0.0	0.0	0.0	0.0	0.0	0.0
SRR21722991	77.0	10840.0	1349.0	0.0	75.0	4737.0	6384.0	0.0	0.0	0.0	0.0	0.0	0.0	0.0	0.0	0.0	0.0	0.0	0.0	0.0	0.0	0.0	0.0	0.0	0.0	0.0	0.0	0.0	0.0	0.0
SRR21722992	7.0	7589.0	292.0	0.0	34.0	95.0	2871.0	0.0	20.0	0.0	0.0	4.0	0.0	0.0	0.0	0.0	0.0	0.0	0.0	0.0	0.0	0.0	0.0	0.0	0.0	0.0	0.0	0.0	0.0	0.0
SRR21722994	34.0	13038.0	855.0	0.0	736.0	284.0	10080.0	10.0	11.0	12.0	18.0	0.0	0.0	12.0	0.0	0.0	0.0	0.0	0.0	0.0	0.0	0.0	0.0	0.0	0.0	0.0	0.0	0.0	0.0	0.0
SRR21722995	3.0	22324.0	38.0	0.0	4.0	24.0	1173.0	3.0	13.0	0.0	0.0	0.0	0.0	0.0	0.0	0.0	0.0	0.0	0.0	0.0	0.0	0.0	0.0	0.0	0.0	0.0	0.0	0.0	0.0	0.0
SRR21722997	528.0	4078.0	298.0	0.0	2034.0	2161.0	6659.0	2.0	90.0	70.0	45.0	25.0	0.0	35.0	6.0	0.0	2.0	0.0	0.0	45.0	0.0	0.0	6.0	0.0	0.0	0.0	0.0	0.0	0.0	0.0
SRR21723014	691.0	3660.0	692.0	6.0	411.0	1228.0	7390.0	12.0	132.0	50.0	25.0	6.0	0.0	14.0	0.0	2.0	0.0	0.0	0.0	57.0	0.0	3.0	0.0	0.0	0.0	0.0	0.0	0.0	0.0	0.0
SRR21723015	366.0	7204.0	1548.0	0.0	1891.0	991.0	8018.0	2.0	73.0	32.0	44.0	11.0	3.0	9.0	9.0	7.0	0.0	3.0	0.0	15.0	0.0	0.0	26.0	0.0	0.0	0.0	0.0	0.0	0.0	0.0
SRR21723026	1582.0	6167.0	973.0	0.0	1092.0	3091.0	15737.0	31.0	270.0	174.0	37.0	33.0	2.0	29.0	4.0	11.0	15.0	0.0	0.0	99.0	0.0	3.0	4.0	0.0	0.0	12.0	0.0	0.0	0.0	0.0
SRR21723044	41.0	32306.0	494.0	0.0	157.0	116.0	4950.0	4.0	63.0	0.0	10.0	4.0	0.0	7.0	0.0	0.0	0.0	0.0	0.0	5.0	0.0	0.0	0.0	0.0	0.0	0.0	0.0	0.0	0.0	0.0
SRR21723045	229.0	5851.0	1182.0	28.0	459.0	631.0	7179.0	7.0	27.0	7.0	14.0	31.0	0.0	0.0	0.0	0.0	0.0	0.0	0.0	19.0	0.0	7.0	0.0	0.0	0.0	0.0	0.0	0.0	0.0	0.0
SRR21723046	34.0	10071.0	853.0	0.0	438.0	398.0	6257.0	0.0	30.0	32.0	2.0	16.0	0.0	10.0	0.0	0.0	0.0	0.0	0.0	0.0	10.0	0.0	0.0	0.0	0.0	0.0	0.0	0.0	0.0	0.0
SRR21723047	0.0	12492.0	403.0	0.0	47.0	859.0	4733.0	8.0	0.0	0.0	0.0	0.0	0.0	6.0	0.0	0.0	0.0	0.0	0.0	0.0	0.0	3.0	0.0	0.0	0.0	0.0	0.0	0.0	0.0	0.0
SRR21723048	22.0	26567.0	272.0	0.0	239.0	273.0	5205.0	0.0	0.0	36.0	22.0	0.0	0.0	6.0	0.0	0.0	0.0	0.0	0.0	0.0	0.0	0.0	0.0	0.0	0.0	0.0	0.0	0.0	0.0	0.0
SRR21723049	94.0	12190.0	826.0	0.0	980.0	5145.0	11181.0	0.0	38.0	19.0	44.0	9.0	0.0	13.0	0.0	3.0	0.0	0.0	0.0	0.0	0.0	0.0	7.0	0.0	0.0	0.0	0.0	0.0	0.0	0.0
SRR21723050	51.0	10077.0	461.0	0.0	1294.0	299.0	11107.0	0.0	71.0	28.0	26.0	0.0	0.0	12.0	0.0	0.0	0.0	0.0	0.0	12.0	0.0	0.0	0.0	0.0	0.0	0.0	0.0	0.0	0.0	0.0
SRR21723051	6.0	13601.0	1227.0	0.0	609.0	1291.0	7447.0	61.0	9.0	6.0	0.0	6.0	0.0	21.0	0.0	0.0	0.0	0.0	0.0	9.0	0.0	4.0	0.0	0.0	0.0	0.0	0.0	0.0	0.0	0.0
SRR21723052	613.0	3723.0	375.0	0.0	2377.0	971.0	5514.0	12.0	30.0	89.0	26.0	3.0	0.0	48.0	0.0	2.0	0.0	0.0	0.0	39.0	0.0	0.0	32.0	0.0	0.0	0.0	0.0	0.0	0.0	0.0
SRR21723053	148.0	15556.0	1767.0	0.0	469.0	258.0	10298.0	64.0	40.0	6.0	81.0	10.0	4.0	0.0	5.0	0.0	0.0	0.0	0.0	0.0	0.0	0.0	0.0	0.0	0.0	0.0	0.0	0.0	0.0	0.0
SRR21723054	38.0	9437.0	1217.0	2.0	199.0	143.0	7325.0	0.0	27.0	5.0	56.0	7.0	0.0	0.0	11.0	0.0	0.0	0.0	0.0	0.0	0.0	0.0	0.0	0.0	0.0	0.0	0.0	0.0	0.0	0.0
SRR21723055	54.0	10715.0	714.0	0.0	565.0	340.0	11094.0	0.0	66.0	7.0	58.0	3.0	0.0	0.0	3.0	2.0	0.0	0.0	0.0	0.0	0.0	0.0	0.0	0.0	0.0	0.0	0.0	0.0	0.0	0.0
SRR21723056	122.0	13523.0	1288.0	0.0	200.0	188.0	10174.0	3.0	128.0	6.0	57.0	14.0	0.0	0.0	9.0	0.0	0.0	0.0	0.0	5.0	0.0	0.0	3.0	0.0	0.0	0.0	0.0	0.0	0.0	0.0
SRR21723057	48.0	13864.0	1067.0	0.0	879.0	647.0	8536.0	0.0	20.0	2.0	10.0	0.0	0.0	0.0	0.0	0.0	0.0	0.0	0.0	0.0	0.0	0.0	32.0	0.0	0.0	0.0	0.0	0.0	0.0	0.0
SRR21723058	0.0	7565.0	168.0	0.0	46.0	54.0	3632.0	0.0	0.0	0.0	0.0	0.0	0.0	0.0	0.0	0.0	0.0	0.0	0.0	2.0	0.0	0.0	0.0	0.0	0.0	0.0	0.0	0.0	0.0	0.0
SRR21723059	7.0	15011.0	838.0	0.0	137.0	868.0	8813.0	0.0	4.0	0.0	0.0	10.0	0.0	0.0	0.0	0.0	0.0	0.0	0.0	0.0	0.0	0.0	0.0	0.0	0.0	0.0	0.0	0.0	0.0	0.0
SRR21723061	748.0	3813.0	295.0	0.0	1781.0	4004.0	7092.0	14.0	149.0	40.0	43.0	5.0	0.0	27.0	11.0	9.0	0.0	0.0	0.0	43.0	0.0	0.0	8.0	0.0	0.0	0.0	0.0	0.0	0.0	0.0
SRR21723062	743.0	2910.0	299.0	0.0	1725.0	2370.0	4679.0	2.0	67.0	44.0	32.0	27.0	0.0	43.0	5.0	4.0	2.0	0.0	0.0	24.0	0.0	0.0	10.0	0.0	0.0	4.0	0.0	0.0	0.0	0.0
SRR21723063	577.0	4021.0	361.0	14.0	1444.0	912.0	6008.0	5.0	149.0	63.0	57.0	9.0	0.0	11.0	2.0	4.0	0.0	0.0	0.0	47.0	0.0	0.0	11.0	0.0	0.0	0.0	0.0	0.0	0.0	0.0
SRR21723064	894.0	4470.0	387.0	26.0	2015.0	1607.0	5375.0	17.0	170.0	80.0	39.0	14.0	0.0	25.0	0.0	0.0	0.0	0.0	0.0	53.0	0.0	2.0	0.0	0.0	3.0	4.0	0.0	0.0	0.0	0.0
SRR21723065	778.0	3285.0	138.0	0.0	2037.0	3011.0	6272.0	8.0	101.0	72.0	26.0	11.0	0.0	48.0	6.0	8.0	0.0	0.0	0.0	20.0	0.0	0.0	23.0	0.0	0.0	0.0	0.0	0.0	0.0	0.0
SRR21723066	968.0	3303.0	408.0	0.0	434.0	1808.0	8890.0	8.0	160.0	24.0	15.0	16.0	0.0	13.0	0.0	0.0	8.0	0.0	0.0	73.0	0.0	0.0	2.0	0.0	0.0	0.0	0.0	0.0	0.0	0.0
SRR21723067	1119.0	5531.0	489.0	0.0	2681.0	2121.0	7220.0	9.0	145.0	120.0	76.0	45.0	0.0	24.0	5.0	3.0	0.0	0.0	2.0	43.0	0.0	2.0	0.0	0.0	0.0	0.0	0.0	0.0	0.0	0.0
SRR21723068	1029.0	5755.0	569.0	6.0	2128.0	1904.0	7183.0	20.0	210.0	107.0	48.0	15.0	2.0	42.0	5.0	3.0	0.0	0.0	2.0	45.0	0.0	0.0	25.0	0.0	0.0	0.0	0.0	0.0	0.0	0.0
SRR21723070	1364.0	6270.0	499.0	14.0	1859.0	1474.0	8911.0	19.0	220.0	102.0	94.0	71.0	6.0	24.0	8.0	17.0	0.0	0.0	2.0	44.0	0.0	0.0	3.0	0.0	9.0	0.0	0.0	0.0	0.0	0.0
SRR21723071	730.0	4204.0	522.0	0.0	1800.0	2896.0	6434.0	17.0	168.0	51.0	28.0	18.0	0.0	44.0	0.0	9.0	0.0	0.0	0.0	38.0	0.0	0.0	15.0	0.0	0.0	0.0	0.0	0.0	0.0	0.0
SRR21723072	897.0	4071.0	373.0	0.0	2268.0	2901.0	6043.0	6.0	158.0	88.0	31.0	32.0	2.0	44.0	0.0	14.0	0.0	0.0	0.0	46.0	0.0	2.0	23.0	0.0	0.0	0.0	0.0	0.0	0.0	0.0
SRR21723073	1086.0	3747.0	200.0	0.0	1794.0	2807.0	6362.0	4.0	182.0	103.0	16.0	6.0	2.0	37.0	2.0	19.0	0.0	0.0	0.0	16.0	0.0	0.0	18.0	0.0	0.0	0.0	0.0	0.0	0.0	0.0
SRR21723075	1054.0	5385.0	367.0	6.0	2104.0	2438.0	7708.0	11.0	253.0	186.0	39.0	25.0	0.0	59.0	2.0	3.0	0.0	0.0	4.0	44.0	0.0	0.0	12.0	0.0	0.0	8.0	0.0	0.0	0.0	0.0
SRR21723076	861.0	2923.0	183.0	0.0	998.0	2960.0	7577.0	0.0	163.0	51.0	24.0	9.0	0.0	25.0	0.0	0.0	0.0	0.0	0.0	30.0	0.0	6.0	0.0	0.0	0.0	12.0	0.0	0.0	0.0	0.0
SRR21723077	1211.0	4219.0	636.0	0.0	635.0	2939.0	9570.0	7.0	320.0	90.0	11.0	15.0	3.0	23.0	0.0	12.0	17.0	0.0	0.0	98.0	0.0	0.0	0.0	0.0	0.0	0.0	0.0	0.0	0.0	0.0
SRR21723078	607.0	3205.0	308.0	0.0	826.0	3044.0	7731.0	6.0	148.0	80.0	31.0	14.0	0.0	20.0	0.0	3.0	2.0	0.0	0.0	34.0	0.0	2.0	0.0	0.0	0.0	2.0	0.0	0.0	0.0	0.0
SRR21723080	316.0	3947.0	564.0	0.0	2085.0	996.0	4719.0	11.0	93.0	57.0	41.0	27.0	3.0	14.0	11.0	11.0	0.0	0.0	0.0	30.0	0.0	0.0	16.0	0.0	0.0	0.0	0.0	0.0	0.0	0.0
SRR21723084	967.0	6062.0	1091.0	0.0	1802.0	3606.0	10113.0	15.0	187.0	123.0	62.0	19.0	9.0	19.0	0.0	12.0	0.0	0.0	0.0	13.0	0.0	0.0	2.0	0.0	0.0	0.0	0.0	0.0	0.0	0.0
SRR21723085	743.0	3288.0	293.0	0.0	931.0	2164.0	7921.0	6.0	71.0	73.0	27.0	3.0	0.0	29.0	0.0	0.0	0.0	0.0	0.0	39.0	0.0	5.0	0.0	0.0	0.0	0.0	0.0	0.0	0.0	0.0
SRR21723086	1024.0	5185.0	561.0	0.0	2714.0	3109.0	9732.0	0.0	230.0	124.0	20.0	14.0	3.0	20.0	0.0	0.0	0.0	0.0	0.0	77.0	0.0	0.0	21.0	0.0	3.0	7.0	0.0	0.0	0.0	0.0
SRR21723087	715.0	5229.0	349.0	0.0	2389.0	2762.0	11530.0	17.0	290.0	138.0	85.0	7.0	4.0	39.0	7.0	17.0	4.0	0.0	0.0	3.0	0.0	0.0	15.0	0.0	0.0	0.0	0.0	0.0	0.0	0.0
SRR21723088	2679.0	13487.0	1059.0	16.0	4593.0	8655.0	28584.0	12.0	661.0	391.0	85.0	17.0	9.0	36.0	26.0	10.0	9.0	0.0	11.0	140.0	4.0	0.0	89.0	0.0	0.0	0.0	0.0	0.0	0.0	0.0
SRR21723089	808.0	3546.0	327.0	0.0	1497.0	2392.0	8255.0	4.0	77.0	34.0	21.0	18.0	0.0	9.0	7.0	0.0	0.0	0.0	0.0	17.0	0.0	0.0	13.0	0.0	0.0	3.0	0.0	0.0	0.0	0.0
SRR21723090	1533.0	6368.0	861.0	0.0	2586.0	5021.0	14276.0	15.0	235.0	139.0	42.0	19.0	4.0	46.0	8.0	19.0	5.0	0.0	0.0	39.0	0.0	0.0	6.0	0.0	0.0	4.0	0.0	0.0	0.0	0.0
SRR21723091	283.0	4979.0	859.0	0.0	1350.0	676.0	4528.0	31.0	124.0	53.0	50.0	17.0	0.0	6.0	9.0	0.0	0.0	0.0	0.0	33.0	0.0	0.0	6.0	0.0	0.0	0.0	0.0	0.0	0.0	0.0
SRR21723099	674.0	3367.0	232.0	0.0	1130.0	2801.0	5407.0	5.0	119.0	22.0	35.0	7.0	3.0	52.0	0.0	3.0	0.0	0.0	9.0	32.0	0.0	2.0	7.0	0.0	0.0	4.0	0.0	0.0	0.0	0.0
SRR21723117	678.0	2976.0	297.0	0.0	746.0	2063.0	7242.0	6.0	116.0	61.0	38.0	9.0	0.0	5.0	2.0	0.0	0.0	0.0	0.0	51.0	0.0	0.0	0.0	0.0	0.0	0.0	0.0	0.0	0.0	0.0
SRR21723124	2169.0	35985.0	6227.0	0.0	9134.0	4251.0	30545.0	45.0	946.0	296.0	244.0	128.0	6.0	58.0	87.0	7.0	0.0	0.0	25.0	132.0	0.0	0.0	225.0	0.0	0.0	0.0	0.0	0.0	0.0	0.0
SRR21723126	309.0	8352.0	1636.0	6.0	1811.0	1381.0	10355.0	7.0	62.0	16.0	62.0	31.0	0.0	31.0	7.0	3.0	0.0	0.0	0.0	26.0	0.0	0.0	16.0	0.0	0.0	0.0	0.0	0.0	0.0	0.0
SRR21723127	749.0	16213.0	2022.0	0.0	3128.0	1312.0	21464.0	21.0	496.0	168.0	172.0	124.0	12.0	33.0	0.0	10.0	0.0	0.0	36.0	53.0	0.0	0.0	47.0	0.0	0.0	0.0	0.0	0.0	0.0	0.0
SRR21723128	1042.0	14976.0	1848.0	0.0	5437.0	1562.0	17843.0	17.0	370.0	147.0	200.0	83.0	0.0	19.0	19.0	20.0	0.0	0.0	0.0	174.0	0.0	2.0	81.0	0.0	0.0	0.0	0.0	0.0	0.0	0.0
SRR21723129	1378.0	22870.0	2973.0	0.0	3470.0	1787.0	24513.0	41.0	624.0	231.0	135.0	129.0	17.0	28.0	37.0	20.0	0.0	0.0	99.0	41.0	0.0	14.0	26.0	0.0	0.0	0.0	0.0	0.0	0.0	0.0
SRR21723130	938.0	14144.0	2827.0	0.0	1059.0	839.0	13171.0	39.0	424.0	151.0	93.0	70.0	0.0	5.0	12.0	2.0	0.0	0.0	17.0	18.0	0.0	4.0	12.0	0.0	0.0	0.0	0.0	0.0	0.0	0.0
SRR21723131	681.0	13378.0	2379.0	0.0	3657.0	1933.0	15042.0	19.0	218.0	87.0	134.0	28.0	0.0	33.0	0.0	0.0	0.0	0.0	0.0	63.0	0.0	3.0	16.0	0.0	0.0	0.0	0.0	0.0	0.0	0.0
SRR21723132	1125.0	18899.0	2085.0	0.0	3912.0	1447.0	23691.0	36.0	445.0	207.0	144.0	62.0	7.0	34.0	3.0	6.0	0.0	0.0	17.0	102.0	0.0	0.0	40.0	0.0	0.0	0.0	0.0	0.0	0.0	0.0
SRR21723133	788.0	14279.0	2488.0	2.0	2984.0	958.0	15043.0	12.0	382.0	200.0	96.0	87.0	3.0	16.0	27.0	0.0	0.0	0.0	23.0	58.0	2.0	0.0	44.0	0.0	0.0	0.0	0.0	0.0	0.0	0.0
SRR21723134	1425.0	16838.0	2616.0	0.0	2768.0	2218.0	21014.0	42.0	49.0	44.0	166.0	65.0	0.0	30.0	8.0	10.0	0.0	0.0	0.0	92.0	0.0	5.0	5.0	0.0	0.0	0.0	0.0	0.0	0.0	0.0
SRR21723135	953.0	16241.0	1784.0	0.0	2842.0	1234.0	19120.0	19.0	363.0	224.0	146.0	46.0	13.0	30.0	5.0	12.0	0.0	0.0	55.0	55.0	0.0	19.0	57.0	0.0	0.0	0.0	0.0	0.0	0.0	0.0
SRR21723136	4977.0	38026.0	5785.0	0.0	9817.0	8454.0	52860.0	29.0	962.0	597.0	321.0	113.0	0.0	136.0	24.0	48.0	0.0	0.0	0.0	368.0	4.0	2.0	8.0	0.0	0.0	4.0	0.0	0.0	0.0	0.0
SRR21723137	1158.0	12253.0	1093.0	0.0	3558.0	2252.0	17561.0	0.0	262.0	12.0	104.0	7.0	0.0	28.0	5.0	5.0	0.0	0.0	0.0	52.0	0.0	0.0	26.0	0.0	0.0	0.0	0.0	0.0	0.0	0.0
SRR21723138	869.0	17021.0	3229.0	0.0	1615.0	1009.0	16853.0	23.0	308.0	117.0	146.0	78.0	2.0	26.0	15.0	6.0	0.0	0.0	42.0	43.0	0.0	9.0	9.0	0.0	0.0	0.0	0.0	0.0	11.0	0.0
SRR21723139	1167.0	16077.0	1661.0	10.0	3263.0	1486.0	17953.0	41.0	385.0	218.0	216.0	127.0	0.0	19.0	14.0	7.0	0.0	0.0	92.0	80.0	4.0	3.0	3.0	0.0	0.0	0.0	0.0	0.0	0.0	0.0
SRR21723140	2610.0	8584.0	761.0	6.0	1776.0	4327.0	18291.0	25.0	477.0	150.0	65.0	2.0	9.0	33.0	3.0	21.0	0.0	0.0	3.0	160.0	0.0	0.0	8.0	0.0	0.0	3.0	0.0	0.0	0.0	0.0
SRR21723141	1734.0	8525.0	676.0	16.0	2339.0	4763.0	17849.0	30.0	314.0	164.0	128.0	36.0	0.0	30.0	0.0	6.0	7.0	0.0	0.0	35.0	0.0	0.0	15.0	0.0	0.0	0.0	0.0	0.0	0.0	0.0
SRR21723142	2131.0	8415.0	911.0	0.0	2755.0	6231.0	18516.0	26.0	330.0	264.0	133.0	58.0	0.0	80.0	7.0	23.0	0.0	0.0	3.0	124.0	0.0	2.0	29.0	0.0	0.0	25.0	0.0	0.0	0.0	0.0
SRR21723143	1367.0	5478.0	843.0	0.0	1531.0	4648.0	13344.0	6.0	303.0	165.0	52.0	36.0	0.0	33.0	2.0	5.0	0.0	0.0	2.0	81.0	0.0	0.0	14.0	0.0	0.0	16.0	0.0	0.0	0.0	0.0
SRR21723147	364.0	3610.0	687.0	0.0	1468.0	1371.0	7583.0	14.0	100.0	43.0	78.0	23.0	0.0	4.0	6.0	3.0	0.0	0.0	0.0	5.0	0.0	0.0	0.0	0.0	0.0	0.0	0.0	0.0	0.0	0.0
SRR21723148	622.0	6307.0	1050.0	0.0	1882.0	2481.0	11640.0	25.0	192.0	162.0	77.0	3.0	0.0	18.0	0.0	0.0	0.0	0.0	0.0	13.0	0.0	0.0	0.0	0.0	3.0	0.0	0.0	0.0	0.0	0.0
SRR21723149	566.0	6112.0	1210.0	0.0	1784.0	2029.0	12736.0	2.0	170.0	85.0	87.0	12.0	0.0	46.0	8.0	5.0	0.0	0.0	0.0	5.0	0.0	0.0	7.0	0.0	0.0	0.0	0.0	0.0	0.0	0.0
SRR21723150	298.0	4223.0	475.0	0.0	1623.0	983.0	5890.0	9.0	125.0	58.0	59.0	19.0	0.0	14.0	0.0	6.0	0.0	0.0	0.0	27.0	0.0	0.0	0.0	0.0	0.0	0.0	0.0	0.0	0.0	0.0
SRR21723151	444.0	7331.0	1612.0	0.0	2000.0	2272.0	14983.0	11.0	100.0	76.0	76.0	11.0	0.0	11.0	2.0	0.0	0.0	0.0	0.0	9.0	0.0	3.0	19.0	0.0	0.0	0.0	0.0	0.0	0.0	0.0
SRR21723152	664.0	5073.0	1810.0	4.0	760.0	2458.0	15176.0	13.0	50.0	57.0	68.0	8.0	0.0	11.0	5.0	2.0	0.0	0.0	0.0	5.0	0.0	0.0	0.0	0.0	0.0	3.0	0.0	0.0	0.0	0.0
SRR21723153	241.0	5350.0	1749.0	0.0	2192.0	1545.0	10934.0	0.0	40.0	41.0	61.0	20.0	0.0	7.0	0.0	5.0	0.0	0.0	0.0	15.0	0.0	0.0	2.0	0.0	0.0	0.0	0.0	0.0	0.0	0.0
SRR21723154	427.0	4122.0	603.0	4.0	1016.0	1526.0	10163.0	3.0	80.0	35.0	63.0	6.0	0.0	9.0	0.0	7.0	0.0	0.0	0.0	0.0	0.0	0.0	0.0	0.0	0.0	0.0	0.0	0.0	0.0	0.0
SRR21723157	268.0	5714.0	1137.0	0.0	1552.0	806.0	8043.0	7.0	72.0	57.0	0.0	7.0	0.0	0.0	11.0	0.0	0.0	0.0	0.0	13.0	0.0	0.0	12.0	0.0	0.0	0.0	0.0	0.0	0.0	0.0
SRR21723168	496.0	4974.0	935.0	0.0	520.0	1643.0	11834.0	7.0	196.0	60.0	58.0	3.0	0.0	5.0	14.0	0.0	0.0	0.0	0.0	16.0	0.0	0.0	3.0	0.0	0.0	0.0	0.0	0.0	0.0	0.0
SRR21723171	991.0	17483.0	2501.0	6.0	2625.0	1780.0	15533.0	39.0	345.0	167.0	128.0	70.0	8.0	35.0	0.0	2.0	0.0	0.0	16.0	21.0	0.0	7.0	26.0	0.0	0.0	0.0	0.0	0.0	0.0	0.0
SRR21723172	317.0	5878.0	608.0	0.0	1656.0	566.0	8052.0	7.0	274.0	17.0	72.0	4.0	0.0	0.0	9.0	0.0	0.0	0.0	14.0	0.0	0.0	0.0	7.0	0.0	0.0	0.0	0.0	0.0	0.0	0.0
SRR21723173	262.0	4460.0	283.0	0.0	968.0	495.0	6337.0	9.0	85.0	51.0	53.0	0.0	0.0	0.0	0.0	0.0	0.0	0.0	0.0	10.0	0.0	0.0	5.0	0.0	0.0	0.0	0.0	0.0	0.0	0.0
SRR21723174	491.0	6007.0	402.0	10.0	1448.0	614.0	8411.0	8.0	85.0	57.0	73.0	66.0	0.0	13.0	3.0	0.0	0.0	0.0	28.0	57.0	0.0	0.0	0.0	0.0	0.0	0.0	0.0	0.0	0.0	0.0
SRR21723176	295.0	5918.0	855.0	0.0	1563.0	1032.0	7766.0	7.0	41.0	5.0	46.0	0.0	0.0	5.0	0.0	6.0	0.0	0.0	0.0	0.0	0.0	0.0	19.0	0.0	0.0	0.0	0.0	0.0	0.0	0.0
SRR21723177	401.0	8811.0	1814.0	0.0	770.0	1014.0	8971.0	14.0	57.0	8.0	79.0	31.0	0.0	6.0	2.0	0.0	0.0	0.0	0.0	3.0	0.0	0.0	0.0	0.0	0.0	0.0	0.0	0.0	0.0	0.0
SRR21723178	479.0	5116.0	762.0	0.0	1786.0	2002.0	10285.0	5.0	121.0	66.0	80.0	7.0	0.0	12.0	4.0	7.0	0.0	0.0	0.0	0.0	0.0	0.0	0.0	0.0	0.0	0.0	0.0	0.0	0.0	0.0
SRR21723180	525.0	9276.0	1601.0	0.0	1719.0	1604.0	10827.0	8.0	106.0	39.0	88.0	15.0	0.0	3.0	11.0	0.0	0.0	0.0	0.0	0.0	0.0	2.0	8.0	0.0	0.0	0.0	0.0	0.0	0.0	0.0
SRR21723181	275.0	7042.0	1374.0	0.0	2264.0	2264.0	12541.0	6.0	85.0	0.0	72.0	22.0	0.0	0.0	11.0	0.0	0.0	0.0	0.0	0.0	0.0	0.0	26.0	0.0	0.0	0.0	0.0	0.0	0.0	0.0
SRR21723182	292.0	5523.0	817.0	0.0	769.0	980.0	7189.0	5.0	73.0	0.0	70.0	0.0	0.0	3.0	0.0	0.0	0.0	0.0	0.0	0.0	0.0	0.0	5.0	0.0	0.0	0.0	0.0	0.0	0.0	0.0
SRR21723183	675.0	7099.0	1685.0	0.0	683.0	2229.0	15905.0	0.0	212.0	74.0	77.0	9.0	0.0	0.0	0.0	3.0	0.0	0.0	0.0	15.0	0.0	0.0	0.0	0.0	0.0	0.0	0.0	0.0	0.0	0.0
SRR21723184	648.0	6420.0	1025.0	0.0	1862.0	2322.0	11487.0	0.0	174.0	91.0	105.0	2.0	0.0	36.0	0.0	0.0	0.0	0.0	0.0	0.0	0.0	0.0	10.0	0.0	0.0	0.0	0.0	0.0	0.0	0.0
SRR21723185	148.0	3305.0	561.0	0.0	531.0	2472.0	10491.0	0.0	57.0	14.0	42.0	0.0	0.0	7.0	0.0	0.0	0.0	0.0	0.0	10.0	0.0	0.0	8.0	0.0	0.0	0.0	0.0	0.0	0.0	0.0
SRR21723186	471.0	8216.0	1532.0	0.0	969.0	1498.0	10492.0	9.0	96.0	9.0	102.0	30.0	0.0	0.0	0.0	0.0	0.0	0.0	0.0	0.0	0.0	0.0	8.0	0.0	0.0	0.0	0.0	0.0	0.0	0.0
SRR21723187	673.0	6982.0	956.0	2.0	1504.0	2092.0	8391.0	9.0	46.0	43.0	75.0	17.0	0.0	4.0	0.0	0.0	0.0	0.0	8.0	5.0	0.0	0.0	5.0	0.0	0.0	0.0	0.0	0.0	0.0	0.0
SRR21723188	484.0	7771.0	1430.0	0.0	962.0	926.0	9075.0	2.0	197.0	38.0	73.0	19.0	0.0	5.0	8.0	3.0	0.0	0.0	0.0	0.0	0.0	5.0	0.0	0.0	0.0	0.0	0.0	0.0	0.0	0.0
SRR21723189	103.0	3456.0	1077.0	0.0	404.0	697.0	5633.0	4.0	14.0	0.0	43.0	0.0	0.0	0.0	4.0	2.0	0.0	0.0	0.0	0.0	0.0	0.0	0.0	0.0	0.0	0.0	0.0	0.0	0.0	0.0
SRR21723193	139.0	7055.0	934.0	0.0	2415.0	1032.0	9016.0	0.0	54.0	44.0	42.0	10.0	0.0	7.0	0.0	0.0	0.0	0.0	0.0	15.0	0.0	0.0	0.0	0.0	0.0	0.0	0.0	0.0	0.0	0.0
SRR21723194	578.0	3255.0	436.0	0.0	1319.0	3004.0	10772.0	8.0	104.0	116.0	56.0	5.0	0.0	3.0	0.0	0.0	0.0	0.0	0.0	0.0	0.0	0.0	5.0	0.0	0.0	0.0	0.0	0.0	0.0	0.0
SRR21723196	495.0	4900.0	449.0	0.0	1804.0	1382.0	6714.0	6.0	105.0	75.0	66.0	8.0	0.0	6.0	2.0	9.0	0.0	0.0	0.0	45.0	0.0	0.0	8.0	0.0	0.0	0.0	0.0	0.0	0.0	0.0
SRR21723197	272.0	1624.0	175.0	0.0	807.0	2550.0	5097.0	0.0	23.0	56.0	17.0	6.0	0.0	0.0	0.0	0.0	0.0	0.0	0.0	17.0	0.0	0.0	0.0	0.0	0.0	0.0	0.0	0.0	0.0	0.0
SRR21723199	478.0	3384.0	113.0	0.0	1869.0	2327.0	8034.0	0.0	117.0	47.0	21.0	0.0	0.0	20.0	0.0	0.0	0.0	0.0	0.0	41.0	0.0	0.0	4.0	0.0	0.0	0.0	0.0	0.0	0.0	0.0
SRR21723200	843.0	4095.0	492.0	0.0	2093.0	2941.0	8626.0	0.0	170.0	151.0	11.0	4.0	5.0	2.0	0.0	10.0	4.0	0.0	0.0	23.0	0.0	0.0	0.0	0.0	4.0	0.0	0.0	0.0	0.0	0.0
SRR21723201	914.0	4324.0	468.0	0.0	1341.0	2035.0	11826.0	0.0	139.0	97.0	53.0	2.0	0.0	10.0	4.0	2.0	0.0	0.0	0.0	16.0	0.0	0.0	0.0	0.0	0.0	8.0	0.0	0.0	0.0	0.0
SRR21723202	731.0	5247.0	609.0	0.0	2117.0	4810.0	10983.0	3.0	225.0	162.0	25.0	2.0	0.0	18.0	6.0	31.0	0.0	0.0	0.0	24.0	0.0	0.0	0.0	0.0	0.0	0.0	0.0	0.0	0.0	0.0
SRR21723217	333.0	2691.0	474.0	0.0	465.0	1404.0	8659.0	7.0	60.0	43.0	35.0	0.0	0.0	0.0	0.0	3.0	0.0	0.0	0.0	11.0	0.0	4.0	2.0	0.0	0.0	0.0	0.0	0.0	0.0	0.0
SRR21723219	609.0	4701.0	582.0	0.0	1632.0	2085.0	8881.0	5.0	131.0	63.0	61.0	10.0	0.0	15.0	4.0	0.0	0.0	2.0	2.0	23.0	0.0	0.0	2.0	0.0	0.0	3.0	0.0	0.0	0.0	0.0
SRR21723220	970.0	6518.0	836.0	0.0	2509.0	3366.0	12132.0	19.0	161.0	87.0	73.0	12.0	0.0	27.0	3.0	19.0	2.0	0.0	0.0	13.0	0.0	0.0	0.0	0.0	0.0	7.0	0.0	0.0	0.0	0.0
SRR21723221	2208.0	6347.0	831.0	0.0	666.0	3520.0	13835.0	27.0	339.0	160.0	45.0	29.0	0.0	28.0	0.0	11.0	2.0	3.0	0.0	83.0	3.0	4.0	11.0	0.0	3.0	35.0	0.0	0.0	0.0	0.0
SRR21723222	856.0	8921.0	1425.0	0.0	3668.0	3357.0	13581.0	19.0	257.0	138.0	74.0	41.0	3.0	16.0	26.0	9.0	3.0	0.0	0.0	28.0	0.0	0.0	35.0	0.0	0.0	0.0	0.0	0.0	0.0	0.0
SRR21723223	683.0	7132.0	1106.0	0.0	1907.0	1744.0	8099.0	9.0	110.0	51.0	62.0	13.0	0.0	0.0	0.0	6.0	0.0	0.0	0.0	0.0	0.0	3.0	14.0	0.0	0.0	0.0	0.0	0.0	0.0	0.0
SRR21723227	201.0	2712.0	722.0	0.0	1413.0	1547.0	5600.0	0.0	58.0	42.0	31.0	2.0	0.0	0.0	15.0	3.0	0.0	0.0	0.0	9.0	0.0	0.0	0.0	0.0	0.0	0.0	0.0	0.0	0.0	0.0
SRR21723229	406.0	5046.0	1359.0	0.0	2897.0	1944.0	9984.0	2.0	96.0	43.0	74.0	10.0	0.0	16.0	17.0	0.0	0.0	0.0	0.0	3.0	0.0	2.0	6.0	0.0	0.0	0.0	0.0	0.0	0.0	0.0
SRR21723230	1332.0	6888.0	1185.0	0.0	3017.0	4349.0	14912.0	21.0	297.0	241.0	118.0	43.0	3.0	64.0	5.0	11.0	0.0	0.0	3.0	64.0	0.0	3.0	10.0	0.0	6.0	14.0	0.0	0.0	0.0	0.0
SRR21723231	1081.0	4866.0	1376.0	0.0	1569.0	3338.0	11758.0	13.0	163.0	41.0	69.0	25.0	0.0	17.0	3.0	0.0	0.0	0.0	0.0	40.0	0.0	4.0	0.0	0.0	0.0	9.0	0.0	0.0	0.0	0.0
SRR21723232	318.0	3357.0	766.0	0.0	1284.0	1835.0	7829.0	0.0	108.0	54.0	32.0	2.0	0.0	18.0	10.0	7.0	0.0	0.0	0.0	12.0	0.0	2.0	8.0	0.0	0.0	3.0	0.0	0.0	0.0	0.0
SRR21723234	259.0	3196.0	1161.0	0.0	1312.0	1898.0	7327.0	12.0	37.0	17.0	31.0	18.0	0.0	14.0	4.0	2.0	0.0	0.0	0.0	21.0	0.0	2.0	3.0	0.0	0.0	0.0	0.0	0.0	0.0	0.0
SRR21723236	2.0	33400.0	13.0	0.0	4.0	104.0	307.0	0.0	5.0	0.0	0.0	0.0	0.0	0.0	0.0	0.0	0.0	0.0	0.0	0.0	0.0	0.0	0.0	0.0	0.0	0.0	0.0	0.0	0.0	0.0
SRR21723237	114.0	11189.0	311.0	0.0	727.0	471.0	9677.0	0.0	46.0	7.0	22.0	14.0	0.0	19.0	0.0	0.0	0.0	0.0	0.0	18.0	0.0	0.0	9.0	0.0	0.0	0.0	0.0	0.0	0.0	0.0
SRR21723238	68.0	22394.0	431.0	0.0	678.0	584.0	8218.0	7.0	38.0	35.0	28.0	19.0	0.0	0.0	0.0	0.0	0.0	0.0	0.0	11.0	0.0	0.0	4.0	0.0	0.0	0.0	0.0	0.0	0.0	0.0
SRR21723239	207.0	12669.0	602.0	0.0	826.0	749.0	10501.0	0.0	125.0	36.0	47.0	0.0	0.0	11.0	6.0	12.0	0.0	0.0	0.0	23.0	0.0	0.0	0.0	0.0	0.0	0.0	0.0	0.0	0.0	0.0
SRR21723240	33.0	12159.0	675.0	0.0	166.0	511.0	6848.0	10.0	61.0	0.0	15.0	0.0	0.0	14.0	0.0	0.0	0.0	0.0	0.0	0.0	0.0	0.0	0.0	0.0	0.0	0.0	0.0	0.0	0.0	0.0
SRR21723241	0.0	15340.0	80.0	0.0	62.0	81.0	943.0	0.0	3.0	0.0	0.0	0.0	0.0	0.0	0.0	0.0	0.0	0.0	0.0	0.0	0.0	0.0	0.0	0.0	0.0	0.0	0.0	0.0	0.0	0.0
SRR21723242	143.0	21697.0	1372.0	0.0	1217.0	1264.0	12074.0	20.0	39.0	51.0	50.0	15.0	0.0	24.0	0.0	0.0	0.0	0.0	0.0	0.0	0.0	0.0	0.0	0.0	0.0	0.0	0.0	0.0	0.0	0.0
SRR21723244	4.0	23688.0	12899.0	0.0	70.0	935.0	4248.0	0.0	9.0	0.0	5.0	0.0	0.0	0.0	0.0	0.0	0.0	0.0	0.0	0.0	0.0	0.0	0.0	0.0	0.0	0.0	0.0	0.0	0.0	0.0
SRR21723245	2.0	17352.0	313.0	0.0	91.0	442.0	2627.0	0.0	6.0	0.0	0.0	0.0	0.0	0.0	5.0	0.0	0.0	0.0	0.0	0.0	0.0	0.0	0.0	0.0	0.0	0.0	0.0	0.0	0.0	0.0
SRR21723246	429.0	3107.0	205.0	3.0	981.0	1574.0	4438.0	8.0	87.0	14.0	4.0	32.0	0.0	12.0	0.0	0.0	2.0	0.0	0.0	12.0	0.0	0.0	0.0	0.0	0.0	0.0	0.0	0.0	0.0	0.0
SRR21723247	122.0	13773.0	1236.0	0.0	1241.0	2070.0	16357.0	55.0	4.0	13.0	28.0	16.0	0.0	19.0	16.0	27.0	0.0	0.0	0.0	0.0	0.0	0.0	0.0	0.0	0.0	0.0	0.0	0.0	0.0	0.0
SRR21723248	44.0	7632.0	1468.0	0.0	185.0	1445.0	5372.0	0.0	3.0	0.0	3.0	0.0	0.0	0.0	0.0	0.0	0.0	0.0	0.0	3.0	0.0	0.0	0.0	0.0	0.0	0.0	0.0	0.0	0.0	0.0
SRR21723250	12.0	7997.0	128.0	0.0	120.0	562.0	4064.0	0.0	5.0	0.0	0.0	4.0	0.0	4.0	0.0	0.0	0.0	0.0	0.0	0.0	0.0	0.0	0.0	0.0	0.0	0.0	0.0	0.0	0.0	0.0
SRR21723256	486.0	4799.0	496.0	0.0	2568.0	1287.0	7135.0	12.0	156.0	92.0	54.0	13.0	0.0	26.0	9.0	8.0	0.0	0.0	0.0	49.0	0.0	5.0	2.0	0.0	0.0	0.0	0.0	0.0	0.0	0.0
SRR21723272	905.0	15968.0	2815.0	0.0	4435.0	1509.0	18455.0	27.0	390.0	77.0	113.0	63.0	0.0	3.0	15.0	5.0	0.0	0.0	0.0	93.0	0.0	0.0	25.0	0.0	0.0	0.0	0.0	0.0	0.0	0.0
SRR21723273	1506.0	12483.0	1663.0	0.0	3702.0	2903.0	19578.0	13.0	377.0	140.0	152.0	13.0	10.0	39.0	0.0	32.0	0.0	0.0	3.0	95.0	0.0	0.0	0.0	0.0	0.0	0.0	0.0	0.0	0.0	0.0
SRR21723274	833.0	12298.0	1491.0	0.0	3437.0	792.0	15402.0	3.0	369.0	128.0	86.0	13.0	2.0	19.0	8.0	13.0	0.0	0.0	11.0	95.0	0.0	3.0	41.0	0.0	0.0	0.0	0.0	0.0	0.0	0.0
SRR21723275	800.0	12796.0	1390.0	0.0	3933.0	1413.0	14954.0	8.0	261.0	77.0	130.0	9.0	0.0	2.0	22.0	13.0	0.0	0.0	0.0	76.0	0.0	0.0	4.0	0.0	0.0	0.0	0.0	0.0	0.0	0.0
SRR21723276	689.0	15206.0	2591.0	4.0	2505.0	1128.0	17377.0	12.0	218.0	27.0	105.0	20.0	0.0	7.0	9.0	2.0	0.0	0.0	0.0	35.0	0.0	0.0	11.0	0.0	0.0	3.0	0.0	0.0	0.0	0.0
SRR21723277	921.0	16681.0	3275.0	6.0	2162.0	1303.0	19349.0	28.0	592.0	215.0	116.0	137.0	10.0	21.0	10.0	0.0	0.0	0.0	23.0	34.0	0.0	13.0	0.0	0.0	0.0	0.0	0.0	0.0	0.0	0.0
SRR21723278	1354.0	14604.0	1688.0	0.0	2416.0	2306.0	20764.0	21.0	143.0	76.0	115.0	36.0	0.0	23.0	27.0	8.0	0.0	0.0	0.0	28.0	0.0	2.0	18.0	0.0	0.0	0.0	0.0	0.0	0.0	0.0
SRR21723279	1256.0	15557.0	2907.0	2.0	3226.0	1417.0	17242.0	38.0	382.0	112.0	192.0	51.0	0.0	31.0	22.0	20.0	0.0	0.0	0.0	136.0	0.0	0.0	105.0	0.0	0.0	0.0	0.0	0.0	0.0	0.0
SRR21723280	1894.0	16914.0	2458.0	2.0	3085.0	1833.0	19469.0	47.0	720.0	339.0	200.0	124.0	66.0	20.0	28.0	10.0	0.0	4.0	58.0	101.0	0.0	19.0	14.0	0.0	0.0	0.0	0.0	0.0	0.0	0.0
SRR21723281	771.0	13522.0	2303.0	0.0	2833.0	1929.0	18029.0	40.0	217.0	74.0	92.0	9.0	0.0	16.0	11.0	3.0	0.0	0.0	0.0	65.0	0.0	3.0	24.0	0.0	0.0	0.0	0.0	0.0	0.0	0.0
SRR21723282	704.0	6415.0	607.0	2.0	1843.0	1271.0	7382.0	3.0	170.0	100.0	0.0	4.0	5.0	12.0	13.0	0.0	0.0	0.0	38.0	28.0	0.0	5.0	14.0	0.0	0.0	0.0	0.0	0.0	0.0	0.0
SRR21723283	179.0	2695.0	752.0	0.0	776.0	1291.0	7119.0	12.0	72.0	7.0	33.0	5.0	0.0	6.0	0.0	4.0	0.0	0.0	0.0	9.0	0.0	0.0	7.0	0.0	0.0	0.0	0.0	0.0	0.0	0.0
SRR21723284	724.0	6540.0	1109.0	12.0	1908.0	1050.0	10252.0	11.0	22.0	64.0	111.0	28.0	2.0	13.0	2.0	10.0	0.0	0.0	0.0	49.0	0.0	0.0	4.0	0.0	0.0	0.0	0.0	0.0	0.0	0.0
SRR21723285	287.0	4084.0	752.0	0.0	1389.0	1456.0	9432.0	2.0	72.0	38.0	41.0	0.0	0.0	5.0	0.0	4.0	0.0	0.0	0.0	8.0	0.0	0.0	0.0	0.0	0.0	0.0	0.0	0.0	0.0	0.0
SRR21723315	857.0	12095.0	2653.0	25.0	3324.0	1553.0	13685.0	14.0	228.0	58.0	130.0	42.0	0.0	35.0	0.0	0.0	0.0	0.0	0.0	47.0	0.0	3.0	49.0	0.0	0.0	0.0	0.0	0.0	0.0	0.0
SRR21723316	504.0	6669.0	802.0	0.0	2443.0	1195.0	7343.0	25.0	117.0	112.0	55.0	2.0	0.0	10.0	2.0	7.0	0.0	0.0	0.0	37.0	0.0	0.0	18.0	0.0	0.0	0.0	0.0	0.0	0.0	0.0
SRR21723317	56.0	35302.0	1973.0	0.0	710.0	259.0	15251.0	0.0	10.0	4.0	30.0	6.0	0.0	0.0	12.0	0.0	0.0	0.0	0.0	5.0	0.0	0.0	8.0	0.0	0.0	0.0	0.0	0.0	0.0	0.0
SRR21723318	15.0	41535.0	2523.0	0.0	164.0	729.0	11713.0	0.0	34.0	0.0	28.0	14.0	0.0	0.0	0.0	0.0	0.0	0.0	0.0	0.0	0.0	0.0	0.0	0.0	0.0	0.0	0.0	0.0	0.0	0.0
SRR21723319	650.0	4253.0	384.0	0.0	2463.0	1994.0	7643.0	9.0	115.0	121.0	36.0	22.0	0.0	34.0	0.0	10.0	0.0	0.0	0.0	60.0	0.0	0.0	14.0	0.0	0.0	0.0	0.0	0.0	0.0	0.0
SRR21723320	58.0	22453.0	1211.0	0.0	530.0	175.0	11147.0	0.0	53.0	3.0	22.0	11.0	0.0	0.0	8.0	0.0	0.0	0.0	0.0	0.0	0.0	0.0	0.0	0.0	0.0	0.0	0.0	0.0	0.0	0.0
SRR21723323	4.0	6383.0	880.0	0.0	8.0	36.0	4671.0	0.0	9.0	0.0	0.0	4.0	0.0	0.0	0.0	0.0	0.0	0.0	0.0	0.0	0.0	0.0	0.0	0.0	0.0	0.0	0.0	0.0	0.0	0.0
SRR21723324	23.0	10065.0	988.0	0.0	135.0	71.0	6082.0	0.0	21.0	0.0	22.0	0.0	0.0	0.0	0.0	0.0	0.0	0.0	0.0	0.0	0.0	0.0	0.0	0.0	0.0	0.0	0.0	0.0	0.0	0.0
SRR21723325	10.0	10626.0	175.0	0.0	118.0	65.0	3487.0	3.0	3.0	8.0	0.0	0.0	0.0	0.0	0.0	0.0	0.0	0.0	0.0	5.0	0.0	0.0	5.0	0.0	0.0	0.0	0.0	0.0	0.0	0.0
SRR21723326	7.0	19315.0	2513.0	4.0	83.0	443.0	7103.0	5.0	54.0	0.0	0.0	0.0	0.0	0.0	0.0	0.0	0.0	0.0	0.0	6.0	0.0	0.0	0.0	0.0	0.0	0.0	0.0	0.0	0.0	0.0
SRR21723327	23.0	17180.0	1219.0	0.0	694.0	659.0	13692.0	0.0	29.0	15.0	25.0	4.0	0.0	0.0	9.0	0.0	0.0	0.0	0.0	0.0	0.0	0.0	0.0	0.0	0.0	0.0	0.0	0.0	0.0	0.0
SRR21723328	25.0	33899.0	216.0	0.0	269.0	94.0	4135.0	0.0	14.0	0.0	8.0	4.0	0.0	0.0	0.0	0.0	0.0	0.0	0.0	3.0	0.0	0.0	3.0	0.0	0.0	0.0	0.0	0.0	0.0	0.0
SRR21723329	155.0	14949.0	664.0	0.0	1473.0	1435.0	15200.0	4.0	110.0	18.0	36.0	12.0	0.0	0.0	7.0	16.0	0.0	0.0	0.0	0.0	0.0	0.0	6.0	0.0	0.0	0.0	0.0	0.0	0.0	0.0
SRR21723331	0.0	19262.0	979.0	0.0	125.0	268.0	6785.0	3.0	25.0	11.0	0.0	0.0	0.0	0.0	0.0	0.0	0.0	0.0	0.0	0.0	0.0	0.0	0.0	0.0	0.0	0.0	0.0	0.0	0.0	0.0
SRR21723332	73.0	15306.0	1236.0	0.0	661.0	575.0	16376.0	0.0	41.0	4.0	13.0	11.0	0.0	18.0	6.0	0.0	0.0	0.0	0.0	12.0	0.0	0.0	0.0	0.0	0.0	0.0	0.0	0.0	0.0	0.0
SRR21723352	5493.0	14495.0	1065.0	0.0	2984.0	12941.0	34319.0	27.0	846.0	487.0	116.0	24.0	6.0	98.0	22.0	26.0	28.0	0.0	2.0	297.0	0.0	0.0	20.0	0.0	13.0	69.0	0.0	0.0	0.0	0.0
SRR21723353	1214.0	3609.0	375.0	0.0	729.0	3479.0	9293.0	15.0	167.0	111.0	18.0	27.0	0.0	24.0	0.0	7.0	0.0	0.0	0.0	74.0	0.0	0.0	2.0	0.0	0.0	19.0	0.0	2.0	0.0	0.0
SRR21723355	942.0	5509.0	415.0	4.0	2313.0	1832.0	8510.0	20.0	167.0	134.0	66.0	5.0	0.0	71.0	7.0	0.0	2.0	0.0	0.0	48.0	3.0	0.0	8.0	0.0	0.0	4.0	0.0	0.0	0.0	0.0
SRR21723356	1045.0	2754.0	208.0	2.0	1145.0	3099.0	7801.0	11.0	122.0	80.0	27.0	4.0	4.0	22.0	3.0	0.0	10.0	0.0	0.0	10.0	0.0	0.0	16.0	0.0	0.0	0.0	0.0	0.0	0.0	0.0
SRR21723357	1833.0	6922.0	584.0	0.0	3230.0	4325.0	11320.0	10.0	307.0	160.0	56.0	14.0	0.0	50.0	8.0	30.0	0.0	0.0	0.0	42.0	0.0	0.0	8.0	0.0	0.0	7.0	0.0	0.0	0.0	0.0
SRR21723360	556.0	5826.0	845.0	2.0	2291.0	1265.0	6990.0	3.0	140.0	81.0	63.0	8.0	0.0	17.0	0.0	3.0	0.0	0.0	0.0	26.0	0.0	0.0	32.0	0.0	0.0	0.0	0.0	0.0	0.0	0.0
SRR21723361	1510.0	3117.0	291.0	0.0	692.0	2906.0	8202.0	7.0	193.0	61.0	56.0	22.0	0.0	13.0	0.0	6.0	0.0	0.0	0.0	63.0	0.0	0.0	4.0	2.0	0.0	26.0	0.0	0.0	0.0	0.0
SRR21723362	855.0	3636.0	486.0	2.0	1017.0	2899.0	7031.0	5.0	160.0	55.0	39.0	22.0	0.0	15.0	7.0	0.0	0.0	0.0	0.0	30.0	0.0	0.0	6.0	0.0	0.0	0.0	0.0	0.0	0.0	0.0
SRR21723363	1338.0	4691.0	540.0	0.0	912.0	3790.0	8350.0	16.0	150.0	90.0	23.0	16.0	0.0	42.0	0.0	10.0	10.0	0.0	0.0	3.0	0.0	2.0	0.0	0.0	0.0	0.0	0.0	0.0	0.0	0.0
SRR21723364	3455.0	13542.0	1309.0	0.0	4012.0	6416.0	22668.0	55.0	637.0	297.0	81.0	85.0	7.0	82.0	16.0	5.0	3.0	0.0	0.0	76.0	0.0	8.0	37.0	0.0	7.0	37.0	0.0	0.0	0.0	0.0
SRR21723365	1210.0	3798.0	446.0	0.0	632.0	1973.0	7697.0	10.0	226.0	105.0	27.0	18.0	0.0	44.0	0.0	0.0	5.0	0.0	0.0	36.0	0.0	0.0	3.0	0.0	0.0	2.0	0.0	0.0	0.0	0.0
SRR21723366	1435.0	6255.0	1296.0	0.0	697.0	2509.0	10631.0	40.0	314.0	105.0	8.0	25.0	0.0	14.0	3.0	9.0	0.0	0.0	6.0	91.0	0.0	3.0	2.0	0.0	0.0	16.0	0.0	0.0	0.0	0.0
SRR21723369	610.0	5736.0	402.0	0.0	960.0	1201.0	9014.0	30.0	129.0	71.0	51.0	66.0	4.0	37.0	4.0	2.0	0.0	0.0	3.0	56.0	0.0	3.0	4.0	0.0	0.0	3.0	0.0	0.0	0.0	0.0
SRR21723373	161.0	34729.0	4968.0	0.0	1023.0	161.0	12409.0	22.0	335.0	55.0	51.0	68.0	0.0	2.0	60.0	0.0	0.0	0.0	73.0	6.0	0.0	4.0	4.0	0.0	0.0	0.0	0.0	0.0	0.0	0.0
SRR21723374	117.0	32309.0	3600.0	0.0	1131.0	290.0	13398.0	20.0	107.0	3.0	25.0	6.0	0.0	8.0	38.0	0.0	0.0	0.0	31.0	0.0	0.0	0.0	20.0	0.0	0.0	0.0	0.0	0.0	0.0	0.0
SRR21723375	18.0	30976.0	1953.0	0.0	926.0	141.0	9666.0	9.0	74.0	2.0	24.0	32.0	0.0	0.0	67.0	0.0	0.0	0.0	0.0	2.0	0.0	0.0	24.0	0.0	0.0	0.0	0.0	0.0	0.0	0.0
SRR21723376	65.0	26472.0	4249.0	0.0	682.0	111.0	9477.0	24.0	108.0	21.0	93.0	20.0	0.0	3.0	29.0	0.0	0.0	0.0	37.0	7.0	0.0	6.0	5.0	0.0	0.0	0.0	0.0	0.0	0.0	0.0
SRR21723377	182.0	82537.0	2171.0	0.0	475.0	588.0	25663.0	29.0	58.0	7.0	79.0	38.0	0.0	0.0	2.0	0.0	0.0	0.0	0.0	6.0	0.0	0.0	0.0	0.0	0.0	0.0	0.0	0.0	0.0	0.0
SRR21723378	94.0	29006.0	3871.0	5.0	730.0	463.0	9650.0	18.0	251.0	40.0	59.0	59.0	0.0	9.0	42.0	0.0	0.0	0.0	54.0	6.0	0.0	0.0	6.0	0.0	0.0	0.0	0.0	0.0	0.0	0.0
SRR21723379	78.0	28968.0	4239.0	0.0	813.0	203.0	9732.0	48.0	233.0	61.0	67.0	90.0	3.0	15.0	81.0	0.0	0.0	0.0	52.0	0.0	0.0	9.0	40.0	0.0	0.0	0.0	0.0	0.0	0.0	0.0
SRR21723380	555.0	6576.0	924.0	4.0	1213.0	1111.0	6994.0	22.0	152.0	47.0	36.0	17.0	0.0	30.0	2.0	0.0	0.0	0.0	0.0	42.0	2.0	5.0	34.0	0.0	0.0	0.0	0.0	0.0	0.0	0.0
SRR21723381	62.0	48646.0	6748.0	0.0	1404.0	231.0	17283.0	27.0	142.0	47.0	88.0	23.0	0.0	6.0	52.0	0.0	0.0	0.0	0.0	8.0	0.0	0.0	5.0	0.0	0.0	0.0	0.0	0.0	0.0	0.0
SRR21723382	39.0	22044.0	1949.0	0.0	680.0	158.0	8078.0	14.0	106.0	9.0	32.0	27.0	0.0	5.0	29.0	0.0	0.0	0.0	16.0	0.0	0.0	0.0	4.0	0.0	0.0	0.0	0.0	0.0	0.0	0.0
SRR21723383	105.0	36031.0	4963.0	0.0	993.0	295.0	12007.0	46.0	200.0	51.0	78.0	67.0	0.0	23.0	49.0	0.0	0.0	0.0	13.0	13.0	0.0	0.0	28.0	0.0	0.0	0.0	0.0	0.0	0.0	0.0
SRR21723384	317.0	4952.0	871.0	0.0	534.0	1157.0	7550.0	19.0	2.0	4.0	61.0	11.0	0.0	0.0	0.0	0.0	0.0	0.0	0.0	0.0	0.0	0.0	0.0	0.0	0.0	0.0	0.0	0.0	0.0	0.0
SRR21723385	789.0	7579.0	1225.0	0.0	913.0	1604.0	9497.0	22.0	124.0	28.0	74.0	21.0	0.0	8.0	0.0	0.0	0.0	0.0	0.0	12.0	0.0	10.0	0.0	0.0	0.0	0.0	0.0	0.0	0.0	0.0
SRR21723386	615.0	8387.0	1671.0	0.0	1830.0	1505.0	10816.0	6.0	72.0	10.0	83.0	13.0	0.0	0.0	0.0	0.0	0.0	0.0	0.0	11.0	0.0	0.0	26.0	0.0	0.0	0.0	0.0	0.0	0.0	0.0
SRR21723389	378.0	9120.0	1518.0	2.0	1604.0	1492.0	9513.0	5.0	83.0	17.0	118.0	3.0	2.0	0.0	0.0	0.0	0.0	0.0	0.0	0.0	0.0	2.0	7.0	0.0	0.0	0.0	0.0	0.0	0.0	0.0
SRR21723390	513.0	7410.0	1389.0	0.0	1609.0	1430.0	8564.0	4.0	82.0	21.0	70.0	15.0	0.0	7.0	0.0	0.0	0.0	0.0	0.0	7.0	0.0	0.0	29.0	0.0	0.0	0.0	0.0	0.0	0.0	0.0
SRR21723391	450.0	7355.0	1131.0	0.0	1383.0	1209.0	8329.0	3.0	114.0	6.0	83.0	12.0	0.0	0.0	8.0	8.0	0.0	0.0	4.0	0.0	0.0	2.0	0.0	0.0	0.0	0.0	0.0	0.0	0.0	0.0
SRR21723392	301.0	4191.0	622.0	0.0	113.0	1145.0	6159.0	2.0	64.0	7.0	40.0	16.0	0.0	4.0	0.0	0.0	0.0	0.0	0.0	0.0	0.0	12.0	0.0	0.0	0.0	0.0	0.0	0.0	0.0	0.0
SRR21723393	135.0	4489.0	498.0	0.0	1555.0	1584.0	8337.0	0.0	61.0	0.0	37.0	0.0	0.0	0.0	0.0	0.0	0.0	0.0	0.0	0.0	0.0	0.0	13.0	0.0	0.0	0.0	0.0	0.0	0.0	0.0
SRR21723395	392.0	5479.0	1617.0	0.0	211.0	1076.0	12581.0	0.0	52.0	17.0	34.0	25.0	0.0	2.0	0.0	0.0	0.0	0.0	5.0	14.0	0.0	0.0	0.0	0.0	0.0	0.0	0.0	0.0	0.0	0.0
SRR21723396	476.0	5673.0	1125.0	0.0	740.0	2303.0	11289.0	18.0	64.0	0.0	87.0	0.0	0.0	18.0	6.0	0.0	0.0	0.0	0.0	18.0	0.0	9.0	0.0	0.0	0.0	0.0	0.0	0.0	0.0	0.0
SRR21723398	350.0	4398.0	397.0	3.0	1617.0	1444.0	4706.0	0.0	63.0	50.0	5.0	0.0	0.0	34.0	0.0	6.0	0.0	0.0	0.0	38.0	0.0	0.0	17.0	0.0	0.0	0.0	0.0	0.0	0.0	0.0
SRR21723399	277.0	5880.0	949.0	0.0	1921.0	906.0	8984.0	0.0	72.0	52.0	20.0	7.0	0.0	8.0	0.0	0.0	0.0	0.0	0.0	10.0	0.0	0.0	0.0	0.0	0.0	0.0	0.0	0.0	0.0	0.0
SRR21723401	494.0	4528.0	415.0	22.0	2450.0	1400.0	8436.0	0.0	127.0	84.0	63.0	4.0	0.0	13.0	0.0	16.0	0.0	0.0	0.0	40.0	0.0	0.0	5.0	0.0	0.0	0.0	0.0	0.0	0.0	0.0
SRR21723402	937.0	4425.0	548.0	0.0	2124.0	3224.0	11385.0	10.0	176.0	109.0	79.0	41.0	0.0	21.0	0.0	0.0	0.0	0.0	0.0	26.0	0.0	0.0	8.0	0.0	0.0	12.0	0.0	0.0	0.0	0.0
SRR21723404	677.0	4769.0	351.0	0.0	3043.0	1573.0	9285.0	5.0	169.0	98.0	62.0	34.0	0.0	38.0	9.0	15.0	0.0	0.0	0.0	43.0	0.0	0.0	15.0	0.0	0.0	0.0	0.0	0.0	0.0	0.0
SRR21723405	824.0	4865.0	368.0	0.0	2232.0	1584.0	13342.0	5.0	210.0	47.0	36.0	4.0	0.0	45.0	0.0	14.0	11.0	0.0	0.0	20.0	0.0	0.0	15.0	0.0	0.0	0.0	0.0	0.0	0.0	0.0
SRR21723406	897.0	6692.0	759.0	0.0	2930.0	2737.0	11095.0	10.0	114.0	70.0	70.0	47.0	0.0	52.0	0.0	0.0	0.0	0.0	0.0	71.0	0.0	0.0	17.0	0.0	0.0	0.0	0.0	0.0	0.0	0.0
SRR21723407	486.0	2991.0	453.0	0.0	1642.0	2120.0	6756.0	0.0	51.0	89.0	17.0	0.0	0.0	6.0	0.0	0.0	0.0	0.0	0.0	57.0	0.0	0.0	6.0	0.0	3.0	0.0	0.0	0.0	0.0	0.0
SRR21723408	717.0	3637.0	255.0	0.0	2402.0	1637.0	8461.0	3.0	73.0	57.0	66.0	0.0	0.0	9.0	6.0	4.0	0.0	0.0	0.0	75.0	0.0	0.0	0.0	0.0	0.0	0.0	0.0	0.0	0.0	0.0
SRR21723410	507.0	5720.0	862.0	0.0	992.0	878.0	9550.0	8.0	86.0	26.0	63.0	2.0	0.0	0.0	9.0	0.0	0.0	0.0	0.0	12.0	0.0	4.0	0.0	0.0	0.0	0.0	0.0	0.0	0.0	0.0
SRR21723411	724.0	3524.0	248.0	0.0	2466.0	1691.0	6892.0	3.0	77.0	0.0	51.0	5.0	0.0	46.0	0.0	0.0	0.0	0.0	0.0	43.0	0.0	0.0	13.0	0.0	0.0	0.0	0.0	0.0	0.0	0.0
SRR21723413	539.0	3236.0	208.0	0.0	1352.0	2521.0	7175.0	6.0	171.0	40.0	49.0	0.0	0.0	10.0	0.0	0.0	0.0	0.0	0.0	7.0	0.0	0.0	9.0	0.0	0.0	0.0	0.0	0.0	0.0	0.0
SRR21723414	798.0	5540.0	533.0	0.0	2045.0	2453.0	10417.0	4.0	221.0	142.0	85.0	6.0	4.0	17.0	7.0	0.0	0.0	0.0	3.0	81.0	0.0	0.0	0.0	0.0	0.0	0.0	0.0	0.0	0.0	0.0
SRR21723415	774.0	4159.0	332.0	0.0	2786.0	1797.0	7908.0	4.0	169.0	48.0	32.0	0.0	0.0	33.0	0.0	0.0	0.0	0.0	0.0	48.0	0.0	0.0	7.0	0.0	0.0	0.0	0.0	0.0	0.0	0.0
SRR21723416	737.0	4312.0	405.0	0.0	1529.0	1741.0	7214.0	0.0	107.0	45.0	57.0	6.0	0.0	15.0	0.0	0.0	0.0	0.0	4.0	52.0	0.0	0.0	0.0	0.0	0.0	2.0	0.0	0.0	0.0	0.0
SRR21723417	215.0	5605.0	817.0	0.0	1464.0	1475.0	8871.0	3.0	42.0	44.0	64.0	11.0	0.0	24.0	15.0	2.0	0.0	0.0	0.0	14.0	0.0	0.0	29.0	0.0	0.0	0.0	0.0	0.0	0.0	0.0
SRR21723418	885.0	3773.0	418.0	0.0	417.0	2155.0	9895.0	0.0	169.0	59.0	26.0	0.0	0.0	0.0	0.0	0.0	0.0	0.0	0.0	53.0	0.0	0.0	0.0	0.0	0.0	0.0	0.0	0.0	0.0	0.0
SRR21723419	1035.0	3240.0	160.0	0.0	2341.0	3738.0	8733.0	0.0	108.0	105.0	28.0	15.0	0.0	19.0	0.0	4.0	9.0	0.0	0.0	43.0	2.0	0.0	0.0	0.0	0.0	0.0	0.0	0.0	0.0	0.0
SRR21723420	855.0	4947.0	899.0	0.0	1229.0	3329.0	11795.0	9.0	130.0	60.0	68.0	4.0	0.0	27.0	0.0	0.0	0.0	0.0	0.0	45.0	0.0	0.0	0.0	0.0	0.0	4.0	0.0	0.0	0.0	0.0
SRR21723421	1035.0	4802.0	894.0	0.0	1961.0	4638.0	11220.0	6.0	150.0	79.0	40.0	4.0	0.0	39.0	3.0	5.0	11.0	0.0	0.0	87.0	0.0	0.0	0.0	0.0	0.0	0.0	0.0	0.0	0.0	0.0
SRR21723422	642.0	5439.0	1419.0	0.0	2310.0	3241.0	11727.0	14.0	164.0	112.0	59.0	30.0	0.0	42.0	0.0	6.0	0.0	0.0	0.0	17.0	0.0	0.0	22.0	0.0	0.0	0.0	0.0	0.0	0.0	0.0
SRR21723423	1283.0	4874.0	611.0	0.0	1730.0	4606.0	13187.0	6.0	344.0	143.0	57.0	0.0	0.0	35.0	0.0	12.0	11.0	0.0	0.0	95.0	3.0	0.0	8.0	0.0	4.0	0.0	0.0	0.0	0.0	0.0
SRR21723424	959.0	5136.0	936.0	0.0	2312.0	4405.0	12430.0	0.0	209.0	126.0	54.0	0.0	0.0	39.0	0.0	0.0	0.0	0.0	0.0	34.0	0.0	0.0	3.0	0.0	0.0	3.0	0.0	0.0	0.0	0.0
SRR21723425	474.0	3044.0	331.0	3.0	389.0	2598.0	6686.0	4.0	154.0	46.0	5.0	0.0	0.0	0.0	0.0	10.0	0.0	0.0	0.0	53.0	0.0	0.0	0.0	0.0	0.0	5.0	0.0	0.0	0.0	0.0
SRR21723426	746.0	3499.0	454.0	0.0	1332.0	2931.0	9209.0	10.0	232.0	93.0	35.0	10.0	0.0	19.0	4.0	0.0	0.0	0.0	0.0	46.0	0.0	0.0	0.0	0.0	0.0	0.0	0.0	0.0	0.0	0.0
SRR21723429	694.0	3888.0	873.0	0.0	1336.0	2799.0	10398.0	14.0	132.0	77.0	29.0	4.0	0.0	21.0	4.0	11.0	0.0	0.0	0.0	22.0	0.0	0.0	2.0	0.0	0.0	8.0	0.0	0.0	0.0	0.0
SRR21723430	974.0	5180.0	620.0	0.0	1717.0	2493.0	9832.0	7.0	108.0	50.0	73.0	11.0	5.0	22.0	0.0	16.0	0.0	0.0	0.0	38.0	0.0	0.0	8.0	0.0	0.0	0.0	0.0	0.0	0.0	0.0
SRR21723431	394.0	3936.0	783.0	0.0	1408.0	1385.0	5582.0	23.0	100.0	44.0	36.0	25.0	0.0	0.0	8.0	0.0	0.0	0.0	0.0	0.0	0.0	9.0	10.0	0.0	0.0	0.0	0.0	0.0	0.0	0.0
SRR21723437	383.0	4632.0	497.0	0.0	2056.0	765.0	9160.0	0.0	140.0	73.0	46.0	4.0	0.0	9.0	11.0	0.0	0.0	0.0	0.0	7.0	0.0	0.0	23.0	0.0	0.0	0.0	0.0	0.0	0.0	0.0
SRR21723448	1506.0	4936.0	478.0	0.0	2500.0	4303.0	8422.0	9.0	198.0	170.0	30.0	44.0	5.0	83.0	0.0	12.0	0.0	0.0	0.0	72.0	0.0	0.0	32.0	0.0	0.0	0.0	0.0	0.0	0.0	0.0
SRR21723449	1157.0	6032.0	1216.0	18.0	1801.0	1684.0	7796.0	4.0	207.0	79.0	51.0	17.0	2.0	14.0	9.0	10.0	0.0	0.0	0.0	49.0	0.0	0.0	0.0	0.0	0.0	0.0	0.0	0.0	0.0	0.0
SRR21723450	1441.0	5963.0	341.0	0.0	2743.0	3273.0	11035.0	0.0	254.0	152.0	57.0	24.0	0.0	17.0	0.0	22.0	8.0	0.0	0.0	19.0	0.0	0.0	14.0	0.0	3.0	0.0	0.0	0.0	0.0	0.0
SRR21723451	1192.0	5990.0	313.0	0.0	3267.0	1613.0	8388.0	12.0	195.0	175.0	10.0	30.0	2.0	41.0	5.0	4.0	0.0	0.0	0.0	49.0	0.0	6.0	26.0	0.0	0.0	0.0	0.0	0.0	0.0	0.0
SRR21723452	1025.0	5058.0	750.0	8.0	2045.0	3633.0	9032.0	3.0	116.0	173.0	41.0	13.0	0.0	20.0	0.0	3.0	3.0	0.0	2.0	25.0	0.0	0.0	6.0	0.0	0.0	15.0	0.0	0.0	0.0	0.0
SRR21723453	1509.0	6021.0	532.0	9.0	2618.0	2068.0	10678.0	19.0	311.0	243.0	82.0	38.0	0.0	66.0	0.0	34.0	0.0	0.0	0.0	74.0	0.0	2.0	0.0	0.0	0.0	0.0	0.0	0.0	0.0	0.0
SRR21723454	916.0	4649.0	275.0	0.0	1766.0	1505.0	11379.0	8.0	221.0	142.0	59.0	33.0	0.0	23.0	0.0	13.0	0.0	0.0	0.0	55.0	0.0	0.0	6.0	0.0	4.0	0.0	0.0	0.0	0.0	0.0
SRR21723455	799.0	6072.0	632.0	0.0	3147.0	1550.0	8378.0	14.0	256.0	120.0	56.0	47.0	0.0	46.0	18.0	15.0	0.0	0.0	0.0	30.0	0.0	0.0	28.0	0.0	0.0	0.0	0.0	0.0	0.0	0.0
SRR21723456	1672.0	7465.0	1065.0	5.0	2324.0	2642.0	13061.0	19.0	296.0	186.0	98.0	9.0	0.0	44.0	6.0	19.0	4.0	0.0	0.0	99.0	0.0	2.0	3.0	0.0	0.0	0.0	0.0	0.0	0.0	0.0
SRR21723458	570.0	4987.0	204.0	0.0	2404.0	1837.0	7058.0	6.0	143.0	70.0	27.0	23.0	3.0	42.0	7.0	6.0	0.0	0.0	0.0	59.0	0.0	0.0	34.0	0.0	0.0	0.0	0.0	0.0	0.0	0.0
SRR21723459	586.0	4543.0	371.0	0.0	2090.0	1371.0	6805.0	5.0	127.0	56.0	34.0	5.0	0.0	33.0	5.0	13.0	0.0	0.0	0.0	22.0	0.0	0.0	13.0	0.0	0.0	0.0	0.0	0.0	0.0	0.0
SRR21723460	1054.0	8294.0	843.0	2.0	3919.0	2855.0	12834.0	17.0	364.0	148.0	91.0	28.0	7.0	70.0	6.0	16.0	0.0	0.0	0.0	85.0	0.0	0.0	39.0	0.0	0.0	0.0	0.0	0.0	0.0	0.0
SRR21723461	706.0	3303.0	99.0	0.0	2272.0	1011.0	4998.0	6.0	101.0	76.0	16.0	16.0	3.0	41.0	0.0	14.0	4.0	0.0	0.0	16.0	0.0	0.0	11.0	0.0	0.0	0.0	0.0	0.0	0.0	0.0
SRR21723462	1631.0	7944.0	927.0	0.0	3440.0	4767.0	14488.0	10.0	401.0	166.0	62.0	64.0	0.0	33.0	17.0	11.0	0.0	0.0	0.0	72.0	0.0	0.0	11.0	0.0	5.0	0.0	0.0	0.0	0.0	0.0
SRR21723463	858.0	4471.0	612.0	13.0	1581.0	3152.0	8924.0	2.0	136.0	104.0	28.0	11.0	6.0	31.0	9.0	8.0	0.0	0.0	0.0	29.0	0.0	0.0	0.0	0.0	0.0	0.0	0.0	0.0	0.0	0.0
SRR21723464	82.0	25755.0	2717.0	3.0	900.0	296.0	10430.0	16.0	58.0	30.0	41.0	16.0	0.0	2.0	13.0	4.0	0.0	0.0	3.0	0.0	0.0	0.0	15.0	0.0	0.0	0.0	0.0	0.0	0.0	0.0
SRR21723465	205.0	39514.0	4880.0	0.0	600.0	332.0	11228.0	25.0	402.0	71.0	137.0	112.0	0.0	8.0	26.0	5.0	0.0	0.0	108.0	0.0	5.0	9.0	26.0	0.0	0.0	0.0	0.0	0.0	0.0	0.0
SRR21723466	584.0	97260.0	14889.0	0.0	1939.0	2931.0	26516.0	85.0	552.0	99.0	162.0	311.0	2.0	0.0	198.0	12.0	0.0	0.0	224.0	16.0	0.0	19.0	56.0	0.0	0.0	0.0	0.0	0.0	0.0	0.0
SRR21723467	11.0	19931.0	2978.0	0.0	722.0	113.0	9186.0	3.0	108.0	38.0	64.0	9.0	0.0	0.0	29.0	0.0	0.0	0.0	26.0	0.0	0.0	0.0	0.0	0.0	0.0	0.0	0.0	0.0	0.0	0.0
SRR21723468	47.0	15553.0	1432.0	0.0	676.0	106.0	6957.0	14.0	137.0	4.0	11.0	19.0	0.0	7.0	24.0	0.0	0.0	0.0	17.0	2.0	0.0	0.0	20.0	0.0	0.0	0.0	0.0	0.0	0.0	0.0
SRR21723469	13.0	21288.0	737.0	0.0	643.0	109.0	10874.0	0.0	16.0	6.0	25.0	3.0	0.0	5.0	5.0	0.0	0.0	0.0	0.0	5.0	0.0	0.0	0.0	0.0	0.0	0.0	0.0	0.0	0.0	0.0
SRR21723470	39.0	35773.0	1715.0	0.0	544.0	219.0	10698.0	2.0	20.0	5.0	46.0	11.0	0.0	3.0	11.0	0.0	0.0	0.0	3.0	10.0	0.0	0.0	2.0	0.0	0.0	0.0	0.0	0.0	0.0	0.0
SRR21723471	532.0	4637.0	346.0	0.0	1336.0	1739.0	6457.0	6.0	82.0	53.0	48.0	7.0	2.0	25.0	10.0	2.0	5.0	0.0	0.0	31.0	0.0	4.0	25.0	0.0	0.0	0.0	0.0	0.0	0.0	0.0
SRR21723472	266.0	46108.0	4793.0	0.0	1380.0	1116.0	20270.0	5.0	354.0	50.0	91.0	22.0	0.0	3.0	67.0	0.0	0.0	0.0	28.0	3.0	0.0	0.0	20.0	0.0	0.0	0.0	0.0	0.0	0.0	0.0
SRR21723473	88.0	24123.0	2700.0	0.0	707.0	52.0	11906.0	2.0	178.0	13.0	119.0	14.0	3.0	6.0	38.0	0.0	0.0	0.0	55.0	0.0	0.0	0.0	0.0	0.0	0.0	0.0	0.0	0.0	0.0	0.0
SRR21723474	137.0	28437.0	4097.0	0.0	755.0	110.0	9141.0	22.0	64.0	11.0	42.0	20.0	0.0	3.0	24.0	3.0	0.0	0.0	12.0	3.0	0.0	0.0	0.0	0.0	0.0	0.0	0.0	0.0	0.0	0.0
SRR21723475	36.0	27635.0	2721.0	0.0	1002.0	113.0	10925.0	3.0	38.0	7.0	85.0	22.0	0.0	0.0	12.0	0.0	0.0	0.0	4.0	7.0	0.0	4.0	0.0	0.0	0.0	0.0	0.0	0.0	0.0	0.0
SRR21723476	4.0	8198.0	553.0	0.0	171.0	41.0	1956.0	2.0	26.0	0.0	7.0	9.0	0.0	0.0	5.0	0.0	0.0	0.0	0.0	0.0	0.0	0.0	0.0	0.0	0.0	0.0	0.0	0.0	0.0	0.0
SRR21723477	109.0	29295.0	1564.0	0.0	672.0	414.0	18748.0	5.0	42.0	2.0	66.0	0.0	0.0	0.0	4.0	3.0	0.0	0.0	0.0	0.0	0.0	0.0	0.0	0.0	0.0	0.0	0.0	0.0	0.0	0.0
SRR21723478	56.0	21167.0	1577.0	0.0	7.0	296.0	10201.0	3.0	28.0	0.0	7.0	42.0	0.0	0.0	0.0	0.0	0.0	0.0	0.0	0.0	0.0	0.0	0.0	0.0	0.0	0.0	0.0	0.0	0.0	0.0
SRR21723479	53.0	36840.0	3153.0	0.0	112.0	379.0	10642.0	0.0	10.0	0.0	0.0	9.0	0.0	5.0	8.0	0.0	0.0	0.0	0.0	6.0	0.0	0.0	4.0	0.0	0.0	0.0	0.0	0.0	0.0	0.0
SRR21723480	7.0	14429.0	1282.0	0.0	396.0	168.0	9353.0	5.0	4.0	0.0	40.0	3.0	0.0	0.0	9.0	0.0	0.0	0.0	0.0	0.0	0.0	0.0	0.0	0.0	0.0	0.0	0.0	0.0	0.0	0.0
SRR21723482	10.0	13155.0	621.0	0.0	66.0	133.0	5658.0	0.0	6.0	4.0	14.0	0.0	0.0	0.0	0.0	0.0	0.0	0.0	0.0	0.0	0.0	0.0	0.0	0.0	0.0	0.0	0.0	0.0	0.0	0.0
SRR21723483	1578.0	6844.0	423.0	0.0	2390.0	3545.0	10460.0	7.0	166.0	145.0	62.0	20.0	4.0	55.0	0.0	9.0	0.0	0.0	10.0	42.0	0.0	0.0	22.0	0.0	0.0	0.0	0.0	0.0	0.0	0.0
SRR21723484	580.0	5832.0	1011.0	0.0	1275.0	896.0	8180.0	4.0	62.0	104.0	76.0	5.0	0.0	15.0	0.0	2.0	0.0	0.0	0.0	45.0	0.0	0.0	3.0	0.0	0.0	0.0	0.0	0.0	0.0	0.0
SRR21723485	31.0	18455.0	1619.0	0.0	430.0	218.0	11181.0	12.0	0.0	9.0	35.0	0.0	0.0	0.0	0.0	0.0	0.0	0.0	0.0	0.0	0.0	0.0	0.0	0.0	0.0	0.0	0.0	0.0	0.0	0.0
SRR21723486	16.0	14193.0	838.0	0.0	507.0	364.0	12179.0	0.0	0.0	0.0	17.0	4.0	0.0	0.0	0.0	0.0	0.0	0.0	0.0	0.0	0.0	0.0	0.0	0.0	0.0	0.0	0.0	0.0	0.0	0.0
SRR21723487	27.0	16807.0	1593.0	0.0	884.0	109.0	9993.0	12.0	2.0	0.0	44.0	0.0	0.0	3.0	11.0	0.0	0.0	0.0	0.0	0.0	0.0	0.0	0.0	0.0	0.0	0.0	0.0	0.0	0.0	0.0
SRR21723489	0.0	10983.0	423.0	0.0	374.0	709.0	7370.0	0.0	4.0	0.0	0.0	0.0	0.0	0.0	0.0	0.0	0.0	0.0	0.0	0.0	0.0	0.0	0.0	0.0	0.0	0.0	0.0	0.0	0.0	0.0
SRR21723490	213.0	26292.0	5318.0	0.0	197.0	334.0	14536.0	21.0	116.0	10.0	50.0	29.0	2.0	0.0	5.0	0.0	0.0	0.0	65.0	2.0	0.0	6.0	0.0	0.0	0.0	0.0	0.0	0.0	0.0	0.0
SRR21723493	17.0	11796.0	2224.0	0.0	50.0	49.0	5368.0	4.0	16.0	0.0	23.0	0.0	0.0	0.0	0.0	0.0	0.0	0.0	6.0	0.0	0.0	0.0	0.0	0.0	0.0	0.0	0.0	0.0	0.0	0.0
SRR21723494	31.0	14141.0	803.0	0.0	380.0	305.0	8618.0	3.0	9.0	0.0	21.0	0.0	0.0	0.0	0.0	0.0	0.0	0.0	0.0	0.0	0.0	0.0	0.0	0.0	0.0	0.0	0.0	0.0	0.0	0.0
SRR21723496	71.0	18457.0	1535.0	0.0	184.0	442.0	5178.0	17.0	35.0	41.0	0.0	51.0	0.0	0.0	0.0	0.0	0.0	0.0	0.0	0.0	0.0	0.0	0.0	0.0	0.0	0.0	0.0	0.0	0.0	0.0
SRR21723497	41.0	8451.0	1231.0	0.0	20.0	413.0	5834.0	0.0	27.0	0.0	0.0	0.0	0.0	0.0	6.0	0.0	0.0	0.0	0.0	2.0	0.0	0.0	0.0	0.0	0.0	0.0	0.0	0.0	0.0	0.0
SRR21723498	4.0	4397.0	398.0	0.0	555.0	185.0	4853.0	0.0	0.0	0.0	4.0	0.0	0.0	0.0	0.0	0.0	0.0	0.0	0.0	0.0	0.0	0.0	0.0	0.0	0.0	0.0	0.0	0.0	0.0	0.0
SRR21723499	44.0	8256.0	595.0	0.0	65.0	477.0	3001.0	6.0	24.0	5.0	0.0	0.0	0.0	0.0	0.0	0.0	0.0	0.0	0.0	0.0	0.0	0.0	0.0	0.0	0.0	0.0	0.0	0.0	0.0	0.0
SRR21723500	32.0	5779.0	706.0	0.0	130.0	2053.0	3227.0	0.0	8.0	0.0	0.0	0.0	0.0	14.0	0.0	3.0	0.0	0.0	0.0	0.0	0.0	0.0	0.0	0.0	0.0	0.0	0.0	0.0	0.0	0.0
SRR21723501	1513.0	12284.0	1230.0	0.0	6529.0	4039.0	17324.0	4.0	333.0	225.0	105.0	24.0	0.0	53.0	0.0	7.0	0.0	0.0	3.0	215.0	0.0	0.0	6.0	0.0	4.0	6.0	0.0	0.0	0.0	0.0
SRR21723502	0.0	23904.0	30.0	0.0	29.0	27.0	305.0	0.0	0.0	0.0	0.0	0.0	0.0	0.0	0.0	0.0	0.0	0.0	0.0	0.0	0.0	0.0	0.0	0.0	0.0	0.0	0.0	0.0	0.0	0.0
SRR21723503	43.0	30658.0	2387.0	0.0	248.0	1761.0	7125.0	0.0	21.0	12.0	12.0	0.0	0.0	0.0	0.0	0.0	0.0	0.0	0.0	6.0	0.0	0.0	0.0	0.0	0.0	0.0	0.0	0.0	0.0	0.0
SRR21723504	65.0	16883.0	367.0	0.0	33.0	85.0	5879.0	9.0	20.0	12.0	8.0	9.0	0.0	0.0	0.0	0.0	0.0	0.0	0.0	0.0	0.0	0.0	2.0	0.0	0.0	0.0	0.0	0.0	0.0	0.0
SRR21723505	19.0	5993.0	638.0	0.0	119.0	93.0	4408.0	0.0	0.0	0.0	16.0	0.0	0.0	0.0	0.0	0.0	0.0	0.0	0.0	0.0	0.0	0.0	0.0	0.0	0.0	0.0	0.0	0.0	0.0	0.0
SRR21723507	11.0	12998.0	325.0	0.0	322.0	100.0	5673.0	0.0	0.0	4.0	0.0	0.0	0.0	3.0	0.0	0.0	0.0	0.0	0.0	0.0	0.0	0.0	0.0	0.0	0.0	0.0	0.0	0.0	0.0	0.0
SRR21723508	18.0	7566.0	782.0	0.0	7.0	86.0	3228.0	4.0	0.0	0.0	0.0	0.0	0.0	0.0	0.0	0.0	0.0	0.0	0.0	0.0	0.0	2.0	0.0	0.0	0.0	0.0	0.0	0.0	0.0	0.0
SRR21723510	21.0	14444.0	1439.0	0.0	143.0	242.0	7184.0	4.0	11.0	0.0	38.0	3.0	0.0	0.0	6.0	0.0	0.0	0.0	0.0	0.0	0.0	0.0	0.0	0.0	0.0	0.0	0.0	0.0	0.0	0.0
SRR21723511	0.0	15765.0	371.0	0.0	233.0	165.0	6267.0	0.0	5.0	0.0	0.0	0.0	0.0	0.0	0.0	0.0	0.0	0.0	0.0	0.0	0.0	0.0	0.0	0.0	0.0	0.0	0.0	0.0	0.0	0.0
SRR21723512	0.0	13814.0	762.0	0.0	341.0	1129.0	13180.0	0.0	7.0	0.0	30.0	0.0	0.0	0.0	0.0	0.0	0.0	0.0	0.0	0.0	0.0	0.0	0.0	0.0	0.0	0.0	0.0	0.0	0.0	0.0
SRR21723513	36.0	14534.0	2835.0	0.0	55.0	182.0	6970.0	0.0	46.0	0.0	15.0	15.0	0.0	0.0	3.0	0.0	0.0	0.0	0.0	0.0	0.0	0.0	0.0	0.0	0.0	0.0	0.0	0.0	0.0	0.0
SRR21723514	7.0	13814.0	1262.0	0.0	223.0	169.0	6759.0	0.0	3.0	0.0	16.0	16.0	0.0	4.0	0.0	0.0	0.0	0.0	0.0	0.0	0.0	0.0	0.0	0.0	0.0	0.0	0.0	0.0	0.0	0.0
SRR21723515	657.0	6992.0	926.0	4.0	2033.0	1560.0	8494.0	0.0	223.0	94.0	66.0	96.0	8.0	52.0	0.0	2.0	0.0	0.0	6.0	58.0	0.0	3.0	30.0	0.0	0.0	0.0	0.0	0.0	0.0	0.0
SRR21723516	10.0	12250.0	1101.0	0.0	176.0	168.0	6528.0	0.0	0.0	0.0	32.0	0.0	0.0	0.0	2.0	0.0	0.0	0.0	0.0	0.0	0.0	0.0	0.0	0.0	0.0	0.0	0.0	0.0	0.0	0.0
SRR21723517	9.0	9129.0	980.0	0.0	247.0	157.0	5792.0	0.0	0.0	0.0	29.0	0.0	0.0	0.0	0.0	0.0	0.0	0.0	0.0	0.0	0.0	0.0	0.0	0.0	0.0	0.0	0.0	0.0	0.0	0.0
SRR21723518	4.0	10269.0	636.0	0.0	302.0	117.0	5789.0	0.0	9.0	0.0	0.0	3.0	0.0	0.0	0.0	0.0	0.0	0.0	0.0	0.0	0.0	0.0	0.0	0.0	0.0	0.0	0.0	0.0	0.0	0.0
SRR21723519	51.0	10868.0	1189.0	0.0	167.0	562.0	6304.0	0.0	40.0	2.0	12.0	0.0	0.0	10.0	0.0	0.0	0.0	0.0	0.0	0.0	0.0	0.0	0.0	0.0	0.0	0.0	0.0	0.0	0.0	0.0
SRR21723520	38.0	10359.0	558.0	0.0	153.0	132.0	5772.0	0.0	5.0	0.0	7.0	3.0	0.0	0.0	0.0	0.0	0.0	0.0	0.0	0.0	0.0	0.0	0.0	0.0	0.0	0.0	0.0	0.0	0.0	0.0
SRR21723521	0.0	13157.0	64.0	0.0	12.0	38.0	712.0	0.0	0.0	0.0	0.0	0.0	0.0	0.0	0.0	0.0	0.0	0.0	0.0	0.0	0.0	0.0	0.0	0.0	0.0	0.0	0.0	0.0	0.0	0.0
SRR21723522	44.0	17437.0	1383.0	0.0	434.0	616.0	7606.0	26.0	13.0	19.0	17.0	8.0	0.0	0.0	0.0	3.0	0.0	0.0	0.0	6.0	0.0	0.0	0.0	0.0	0.0	0.0	0.0	0.0	0.0	0.0
SRR21723523	41.0	11017.0	2880.0	0.0	167.0	1371.0	6018.0	7.0	5.0	11.0	0.0	0.0	0.0	2.0	0.0	0.0	0.0	0.0	0.0	6.0	0.0	0.0	0.0	0.0	0.0	0.0	0.0	0.0	0.0	0.0
SRR21723524	5.0	7335.0	649.0	0.0	451.0	609.0	14549.0	0.0	8.0	9.0	6.0	0.0	0.0	0.0	0.0	0.0	0.0	0.0	0.0	0.0	0.0	0.0	0.0	0.0	0.0	0.0	0.0	0.0	0.0	0.0
SRR21723525	9.0	14813.0	1508.0	0.0	226.0	969.0	3983.0	0.0	2.0	6.0	9.0	0.0	0.0	16.0	0.0	0.0	0.0	0.0	0.0	0.0	0.0	0.0	0.0	0.0	0.0	0.0	0.0	0.0	0.0	0.0
SRR21723526	63.0	17079.0	1725.0	0.0	1341.0	551.0	10144.0	0.0	28.0	23.0	12.0	10.0	0.0	4.0	0.0	0.0	0.0	0.0	0.0	0.0	0.0	0.0	0.0	0.0	0.0	0.0	0.0	0.0	0.0	0.0
SRR21723528	6.0	9494.0	1128.0	0.0	50.0	683.0	3125.0	0.0	0.0	0.0	0.0	0.0	0.0	0.0	0.0	0.0	0.0	0.0	0.0	0.0	0.0	0.0	0.0	0.0	0.0	0.0	0.0	0.0	0.0	0.0
SRR21723529	0.0	27336.0	593.0	0.0	335.0	383.0	6710.0	0.0	2.0	8.0	9.0	8.0	0.0	2.0	0.0	0.0	0.0	0.0	0.0	5.0	0.0	0.0	0.0	0.0	0.0	0.0	0.0	0.0	0.0	0.0
SRR21723530	86.0	12619.0	3973.0	0.0	71.0	643.0	6113.0	0.0	14.0	11.0	0.0	0.0	0.0	0.0	0.0	0.0	0.0	0.0	0.0	18.0	0.0	0.0	0.0	0.0	0.0	0.0	0.0	0.0	0.0	0.0
SRR21723531	3.0	19381.0	2714.0	0.0	12.0	39.0	4235.0	2.0	0.0	0.0	0.0	0.0	0.0	0.0	0.0	0.0	0.0	0.0	0.0	0.0	0.0	0.0	0.0	0.0	0.0	0.0	0.0	0.0	0.0	0.0
SRR21723532	0.0	30397.0	1304.0	0.0	0.0	71.0	4131.0	0.0	0.0	0.0	0.0	0.0	0.0	6.0	0.0	0.0	0.0	0.0	0.0	0.0	0.0	0.0	0.0	0.0	0.0	0.0	0.0	0.0	0.0	0.0
SRR21723533	53.0	19128.0	1911.0	0.0	822.0	689.0	15248.0	27.0	72.0	21.0	19.0	0.0	0.0	32.0	0.0	0.0	0.0	0.0	0.0	7.0	0.0	0.0	0.0	0.0	0.0	0.0	0.0	0.0	0.0	0.0
SRR21723534	184.0	20499.0	7071.0	0.0	201.0	1763.0	9358.0	0.0	79.0	28.0	0.0	0.0	0.0	19.0	0.0	0.0	0.0	0.0	0.0	16.0	0.0	0.0	0.0	0.0	0.0	0.0	0.0	0.0	0.0	0.0
SRR21723552	656.0	4620.0	439.0	0.0	1183.0	2337.0	4880.0	6.0	129.0	29.0	21.0	6.0	0.0	26.0	0.0	4.0	0.0	0.0	0.0	33.0	0.0	9.0	5.0	0.0	0.0	0.0	0.0	0.0	0.0	0.0
SRR21723563	1504.0	6831.0	684.0	0.0	2354.0	4047.0	13469.0	18.0	294.0	139.0	55.0	45.0	0.0	34.0	8.0	12.0	8.0	0.0	0.0	64.0	0.0	8.0	6.0	0.0	0.0	16.0	0.0	0.0	0.0	0.0
SRR21723569	853.0	3567.0	272.0	0.0	1798.0	2613.0	7288.0	3.0	165.0	39.0	21.0	0.0	0.0	30.0	0.0	14.0	0.0	0.0	0.0	62.0	0.0	0.0	8.0	0.0	0.0	4.0	0.0	0.0	0.0	0.0
SRR21723580	1188.0	5074.0	365.0	0.0	1760.0	3777.0	8762.0	20.0	212.0	87.0	41.0	25.0	0.0	47.0	0.0	11.0	8.0	0.0	2.0	47.0	0.0	7.0	0.0	0.0	0.0	20.0	0.0	0.0	0.0	0.0
SRR21723585	597.0	7944.0	1432.0	7.0	3455.0	3944.0	14526.0	4.0	135.0	124.0	115.0	17.0	0.0	0.0	12.0	10.0	0.0	0.0	0.0	19.0	0.0	3.0	0.0	0.0	0.0	0.0	0.0	0.0	0.0	0.0
SRR21723586	228.0	5274.0	999.0	0.0	2700.0	1134.0	7963.0	3.0	41.0	33.0	18.0	8.0	0.0	0.0	16.0	6.0	0.0	0.0	0.0	25.0	0.0	0.0	10.0	0.0	0.0	0.0	0.0	0.0	0.0	0.0
SRR21723587	447.0	3534.0	471.0	0.0	1337.0	2088.0	7890.0	8.0	58.0	37.0	66.0	0.0	0.0	19.0	2.0	3.0	0.0	0.0	0.0	14.0	0.0	0.0	4.0	0.0	0.0	0.0	0.0	0.0	0.0	0.0
SRR21723588	470.0	8092.0	1332.0	0.0	4550.0	2363.0	14970.0	4.0	175.0	79.0	76.0	23.0	0.0	0.0	8.0	12.0	0.0	0.0	0.0	37.0	0.0	0.0	10.0	0.0	0.0	0.0	0.0	0.0	0.0	0.0
SRR21723589	491.0	5750.0	774.0	0.0	2685.0	1972.0	12532.0	0.0	124.0	144.0	54.0	13.0	0.0	17.0	7.0	0.0	0.0	0.0	0.0	20.0	0.0	0.0	0.0	0.0	0.0	0.0	0.0	0.0	0.0	0.0
SRR21723590	1470.0	6354.0	792.0	0.0	1606.0	2894.0	12778.0	15.0	272.0	146.0	68.0	7.0	3.0	45.0	4.0	15.0	0.0	0.0	0.0	41.0	0.0	0.0	10.0	0.0	0.0	0.0	0.0	0.0	0.0	0.0
SRR21723591	488.0	5487.0	748.0	0.0	2151.0	977.0	6821.0	11.0	136.0	110.0	44.0	3.0	0.0	9.0	8.0	3.0	0.0	0.0	0.0	60.0	0.0	0.0	5.0	0.0	0.0	0.0	0.0	0.0	0.0	0.0
SRR21723592	1156.0	10624.0	1922.0	0.0	2048.0	2962.0	21721.0	31.0	303.0	180.0	97.0	7.0	2.0	19.0	5.0	11.0	0.0	0.0	0.0	24.0	0.0	0.0	0.0	0.0	0.0	0.0	0.0	0.0	0.0	3.0
SRR21723594	152.0	2524.0	650.0	0.0	1158.0	1124.0	5633.0	0.0	56.0	38.0	39.0	6.0	0.0	4.0	0.0	6.0	0.0	0.0	0.0	8.0	0.0	0.0	0.0	0.0	0.0	0.0	0.0	0.0	0.0	0.0
SRR21723595	439.0	2706.0	747.0	6.0	165.0	913.0	6737.0	8.0	62.0	21.0	26.0	8.0	0.0	3.0	0.0	0.0	0.0	0.0	2.0	16.0	0.0	0.0	2.0	0.0	0.0	0.0	0.0	0.0	0.0	0.0
SRR21723596	407.0	4684.0	812.0	0.0	1254.0	1457.0	7564.0	12.0	122.0	54.0	60.0	5.0	0.0	4.0	0.0	0.0	0.0	0.0	2.0	3.0	0.0	0.0	5.0	0.0	0.0	0.0	0.0	0.0	0.0	0.0
SRR21723597	164.0	4039.0	1261.0	0.0	856.0	1133.0	7993.0	10.0	86.0	15.0	24.0	7.0	0.0	6.0	4.0	7.0	0.0	0.0	0.0	12.0	0.0	0.0	6.0	0.0	0.0	0.0	0.0	0.0	0.0	0.0
SRR21723598	316.0	3544.0	487.0	0.0	1615.0	1569.0	7323.0	6.0	69.0	21.0	73.0	5.0	0.0	7.0	3.0	14.0	0.0	0.0	0.0	14.0	0.0	0.0	0.0	0.0	0.0	0.0	0.0	0.0	0.0	0.0
SRR21723599	1264.0	5831.0	697.0	0.0	948.0	2694.0	11180.0	16.0	234.0	157.0	37.0	23.0	6.0	34.0	7.0	17.0	3.0	0.0	0.0	127.0	0.0	3.0	0.0	0.0	0.0	0.0	0.0	0.0	0.0	0.0
SRR21723600	148.0	3338.0	1057.0	0.0	829.0	916.0	5923.0	0.0	27.0	21.0	32.0	2.0	0.0	0.0	0.0	0.0	0.0	0.0	0.0	0.0	0.0	0.0	0.0	0.0	0.0	0.0	0.0	0.0	0.0	0.0
SRR21723601	1803.0	7233.0	543.0	5.0	1607.0	3574.0	20618.0	9.0	341.0	110.0	71.0	5.0	0.0	22.0	0.0	4.0	20.0	0.0	0.0	77.0	0.0	0.0	3.0	0.0	0.0	0.0	0.0	0.0	0.0	0.0
SRR21723602	684.0	4205.0	435.0	0.0	2471.0	3322.0	9996.0	4.0	126.0	127.0	51.0	24.0	0.0	25.0	0.0	4.0	0.0	0.0	0.0	15.0	0.0	0.0	0.0	0.0	0.0	0.0	0.0	0.0	0.0	0.0
SRR21723603	1189.0	4101.0	455.0	2.0	1022.0	1840.0	10027.0	0.0	243.0	113.0	23.0	4.0	0.0	15.0	0.0	0.0	5.0	0.0	5.0	73.0	0.0	0.0	0.0	0.0	0.0	14.0	2.0	0.0	0.0	0.0
SRR21723604	840.0	5953.0	350.0	0.0	3457.0	1999.0	9328.0	0.0	173.0	140.0	63.0	0.0	0.0	59.0	0.0	6.0	0.0	0.0	0.0	19.0	0.0	0.0	17.0	0.0	0.0	0.0	0.0	0.0	0.0	0.0
SRR21723605	732.0	6903.0	936.0	0.0	2379.0	1598.0	8706.0	3.0	97.0	56.0	97.0	3.0	0.0	14.0	5.0	15.0	0.0	0.0	0.0	81.0	0.0	0.0	23.0	0.0	0.0	0.0	0.0	0.0	0.0	0.0
SRR21723606	679.0	3192.0	207.0	0.0	1428.0	3102.0	6766.0	0.0	111.0	85.0	6.0	0.0	0.0	18.0	0.0	0.0	0.0	0.0	0.0	0.0	0.0	0.0	6.0	0.0	0.0	0.0	0.0	0.0	0.0	0.0
SRR21723607	443.0	2767.0	220.0	0.0	1196.0	2721.0	7769.0	0.0	61.0	64.0	7.0	19.0	0.0	0.0	0.0	0.0	0.0	0.0	0.0	21.0	0.0	0.0	6.0	0.0	0.0	0.0	0.0	0.0	0.0	0.0
SRR21723608	477.0	3005.0	343.0	0.0	1142.0	1946.0	6791.0	2.0	130.0	105.0	5.0	6.0	0.0	12.0	0.0	5.0	0.0	0.0	0.0	0.0	0.0	0.0	12.0	0.0	0.0	0.0	0.0	0.0	0.0	0.0
SRR21723609	809.0	3417.0	329.0	0.0	477.0	2007.0	7616.0	6.0	167.0	106.0	2.0	0.0	0.0	9.0	0.0	0.0	8.0	0.0	0.0	59.0	0.0	0.0	3.0	0.0	0.0	0.0	0.0	0.0	0.0	0.0
SRR21723610	1781.0	8275.0	822.0	0.0	4078.0	6756.0	17916.0	26.0	366.0	165.0	80.0	44.0	0.0	22.0	14.0	19.0	7.0	0.0	0.0	48.0	0.0	0.0	11.0	0.0	0.0	13.0	0.0	0.0	0.0	0.0
SRR21723611	766.0	4516.0	427.0	0.0	2310.0	3757.0	8293.0	0.0	235.0	106.0	43.0	25.0	5.0	21.0	0.0	13.0	0.0	0.0	2.0	19.0	0.0	0.0	5.0	0.0	0.0	0.0	0.0	0.0	0.0	0.0
SRR21723612	307.0	3451.0	530.0	0.0	2416.0	1909.0	6352.0	4.0	55.0	79.0	47.0	13.0	0.0	4.0	2.0	3.0	0.0	0.0	0.0	36.0	0.0	0.0	14.0	0.0	0.0	0.0	0.0	0.0	0.0	0.0
SRR21723613	375.0	3919.0	500.0	0.0	1847.0	1333.0	6567.0	12.0	99.0	81.0	48.0	28.0	2.0	12.0	6.0	0.0	2.0	0.0	0.0	47.0	0.0	0.0	0.0	0.0	0.0	0.0	0.0	0.0	0.0	0.0
SRR21723614	804.0	5951.0	639.0	0.0	3561.0	2041.0	10092.0	11.0	128.0	79.0	77.0	43.0	0.0	41.0	14.0	0.0	0.0	0.0	0.0	55.0	0.0	0.0	21.0	0.0	2.0	0.0	0.0	0.0	0.0	0.0
SRR21723615	3283.0	22156.0	3467.0	30.0	7675.0	6088.0	40665.0	45.0	710.0	355.0	287.0	99.0	0.0	66.0	24.0	37.0	0.0	0.0	0.0	207.0	0.0	7.0	25.0	0.0	0.0	0.0	0.0	0.0	0.0	0.0
SRR21723616	1994.0	10334.0	1348.0	4.0	3878.0	3858.0	19827.0	5.0	512.0	244.0	115.0	10.0	4.0	56.0	13.0	15.0	0.0	0.0	0.0	110.0	7.0	0.0	5.0	0.0	0.0	0.0	0.0	0.0	0.0	0.0
SRR21723619	1505.0	5315.0	308.0	0.0	3197.0	3544.0	12270.0	0.0	207.0	167.0	58.0	33.0	2.0	26.0	0.0	0.0	0.0	0.0	0.0	65.0	0.0	0.0	5.0	0.0	0.0	15.0	0.0	0.0	0.0	0.0
SRR21723620	1160.0	3965.0	160.0	0.0	2921.0	2103.0	8342.0	8.0	129.0	33.0	51.0	2.0	0.0	43.0	0.0	22.0	0.0	0.0	0.0	41.0	0.0	3.0	14.0	0.0	0.0	2.0	0.0	0.0	0.0	0.0
SRR21723621	648.0	5867.0	641.0	4.0	2931.0	1877.0	10661.0	15.0	254.0	183.0	104.0	0.0	0.0	15.0	0.0	6.0	0.0	0.0	0.0	71.0	0.0	0.0	0.0	0.0	0.0	6.0	0.0	0.0	0.0	0.0
SRR21723622	441.0	4297.0	529.0	0.0	1998.0	913.0	5777.0	10.0	111.0	68.0	38.0	14.0	0.0	15.0	0.0	4.0	0.0	0.0	0.0	16.0	0.0	0.0	19.0	0.0	0.0	0.0	0.0	0.0	0.0	0.0
SRR21723623	818.0	4467.0	497.0	0.0	2301.0	2755.0	8628.0	0.0	69.0	52.0	42.0	5.0	0.0	50.0	0.0	7.0	0.0	0.0	0.0	43.0	0.0	0.0	14.0	0.0	0.0	0.0	0.0	0.0	0.0	0.0
SRR21723624	835.0	5191.0	236.0	0.0	3345.0	2239.0	8395.0	0.0	228.0	112.0	51.0	6.0	0.0	95.0	0.0	12.0	0.0	0.0	0.0	72.0	0.0	0.0	4.0	0.0	0.0	0.0	0.0	0.0	0.0	0.0
SRR21723625	603.0	3511.0	425.0	0.0	2246.0	2581.0	7760.0	5.0	166.0	32.0	32.0	0.0	3.0	37.0	0.0	0.0	0.0	0.0	0.0	32.0	0.0	0.0	0.0	0.0	0.0	0.0	0.0	0.0	0.0	0.0
SRR21723626	689.0	2859.0	204.0	0.0	1253.0	2247.0	6948.0	2.0	108.0	8.0	24.0	0.0	0.0	20.0	8.0	0.0	0.0	0.0	0.0	24.0	0.0	0.0	0.0	0.0	0.0	0.0	0.0	0.0	0.0	0.0
SRR21723627	599.0	3061.0	146.0	22.0	1571.0	1488.0	6485.0	2.0	121.0	92.0	34.0	3.0	0.0	5.0	0.0	5.0	0.0	0.0	0.0	31.0	0.0	0.0	0.0	0.0	0.0	0.0	0.0	0.0	0.0	0.0
SRR21723628	729.0	3859.0	273.0	0.0	2467.0	2004.0	7064.0	0.0	131.0	88.0	23.0	15.0	2.0	16.0	0.0	27.0	0.0	0.0	0.0	43.0	0.0	0.0	0.0	0.0	0.0	6.0	0.0	0.0	0.0	0.0
SRR21723629	444.0	3822.0	555.0	0.0	1405.0	2267.0	6319.0	18.0	92.0	35.0	23.0	0.0	0.0	22.0	5.0	12.0	0.0	0.0	0.0	23.0	0.0	0.0	0.0	0.0	0.0	0.0	0.0	0.0	0.0	0.0
SRR21723630	469.0	2364.0	305.0	2.0	1753.0	1400.0	4297.0	9.0	42.0	93.0	25.0	23.0	0.0	14.0	0.0	0.0	0.0	0.0	0.0	36.0	0.0	0.0	0.0	0.0	0.0	0.0	0.0	0.0	0.0	0.0
SRR21723631	474.0	3745.0	446.0	0.0	2157.0	1933.0	5941.0	0.0	65.0	7.0	39.0	4.0	0.0	19.0	0.0	0.0	0.0	0.0	0.0	44.0	0.0	0.0	16.0	0.0	0.0	0.0	0.0	0.0	0.0	0.0
SRR21723632	916.0	3389.0	383.0	0.0	1679.0	3588.0	6506.0	0.0	187.0	40.0	34.0	27.0	0.0	105.0	0.0	0.0	0.0	0.0	0.0	48.0	0.0	0.0	5.0	0.0	0.0	0.0	0.0	0.0	0.0	0.0
SRR21723633	775.0	7005.0	1122.0	0.0	2277.0	2300.0	11130.0	25.0	180.0	81.0	70.0	20.0	0.0	15.0	8.0	0.0	0.0	0.0	0.0	19.0	0.0	0.0	5.0	0.0	0.0	0.0	0.0	0.0	0.0	0.0
SRR21723634	608.0	4219.0	572.0	0.0	2358.0	1912.0	11038.0	5.0	92.0	50.0	50.0	26.0	4.0	19.0	0.0	11.0	0.0	0.0	4.0	0.0	0.0	0.0	6.0	0.0	0.0	3.0	0.0	0.0	0.0	0.0
SRR21723635	546.0	5276.0	639.0	0.0	1931.0	1371.0	8773.0	9.0	57.0	23.0	58.0	13.0	0.0	32.0	0.0	0.0	0.0	0.0	0.0	57.0	0.0	0.0	15.0	0.0	0.0	0.0	0.0	0.0	0.0	0.0
SRR21723636	391.0	4940.0	1130.0	0.0	3473.0	1836.0	10101.0	14.0	83.0	55.0	67.0	20.0	0.0	6.0	22.0	0.0	0.0	0.0	0.0	46.0	0.0	6.0	12.0	0.0	0.0	0.0	0.0	0.0	0.0	0.0
SRR21723637	1217.0	5880.0	927.0	0.0	807.0	2562.0	11154.0	19.0	190.0	112.0	57.0	13.0	3.0	22.0	0.0	5.0	0.0	0.0	0.0	91.0	0.0	3.0	4.0	0.0	0.0	0.0	0.0	0.0	0.0	0.0
SRR21723638	945.0	8083.0	1230.0	0.0	1919.0	3381.0	10041.0	28.0	142.0	95.0	63.0	19.0	0.0	17.0	8.0	0.0	0.0	0.0	0.0	14.0	0.0	0.0	22.0	0.0	0.0	2.0	0.0	0.0	0.0	0.0
SRR21723639	871.0	4592.0	571.0	0.0	904.0	1806.0	8230.0	17.0	108.0	37.0	36.0	5.0	0.0	2.0	0.0	3.0	0.0	0.0	0.0	36.0	0.0	2.0	2.0	0.0	0.0	0.0	0.0	0.0	0.0	0.0
SRR21723640	2853.0	9927.0	1314.0	3.0	2076.0	4723.0	21219.0	18.0	451.0	144.0	69.0	85.0	0.0	28.0	13.0	18.0	9.0	0.0	0.0	85.0	0.0	2.0	7.0	0.0	0.0	0.0	0.0	0.0	0.0	0.0
SRR21723641	666.0	4069.0	513.0	0.0	784.0	1726.0	8055.0	0.0	126.0	32.0	80.0	11.0	4.0	15.0	0.0	0.0	0.0	0.0	0.0	37.0	0.0	3.0	13.0	0.0	0.0	0.0	0.0	0.0	0.0	0.0
SRR21723643	889.0	9988.0	1501.0	0.0	3571.0	4543.0	13819.0	37.0	218.0	137.0	104.0	13.0	4.0	21.0	22.0	0.0	0.0	0.0	0.0	23.0	0.0	0.0	17.0	0.0	0.0	2.0	0.0	0.0	0.0	0.0
SRR21723644	826.0	6524.0	895.0	0.0	2531.0	3154.0	10288.0	16.0	144.0	124.0	111.0	24.0	0.0	3.0	12.0	4.0	0.0	0.0	0.0	12.0	0.0	2.0	8.0	0.0	0.0	0.0	0.0	0.0	0.0	0.0
SRR21723645	1701.0	4843.0	334.0	7.0	2453.0	5412.0	11952.0	2.0	189.0	132.0	53.0	35.0	0.0	33.0	0.0	4.0	17.0	0.0	0.0	69.0	0.0	0.0	0.0	0.0	0.0	8.0	0.0	0.0	0.0	0.0
SRR21723646	520.0	6089.0	809.0	4.0	2509.0	1729.0	7059.0	3.0	169.0	11.0	62.0	0.0	0.0	19.0	11.0	6.0	0.0	0.0	0.0	43.0	0.0	0.0	27.0	0.0	0.0	0.0	0.0	0.0	0.0	0.0
SRR21723647	563.0	6079.0	2014.0	0.0	2966.0	2436.0	12290.0	14.0	57.0	34.0	43.0	2.0	0.0	5.0	0.0	0.0	0.0	0.0	0.0	14.0	0.0	5.0	12.0	0.0	0.0	0.0	0.0	0.0	0.0	0.0
SRR21723658	2122.0	8383.0	755.0	0.0	3154.0	4136.0	15101.0	13.0	232.0	99.0	41.0	41.0	2.0	78.0	12.0	19.0	0.0	0.0	0.0	92.0	0.0	2.0	39.0	0.0	0.0	15.0	0.0	0.0	0.0	0.0
