#SampleID	d__Bacteria;p__Bdellovibrionota	d__Bacteria;p__Proteobacteria	d__Bacteria;p__Acidobacteriota	d__Bacteria;p__Actinobacteriota	d__Bacteria;p__Myxococcota	d__Bacteria;p__Gemmatimonadota	d__Bacteria;p__Firmicutes	d__Bacteria;p__Dependentiae	d__Bacteria;p__Nitrospirota	d__Bacteria;p__Bacteroidota	d__Bacteria;p__Verrucomicrobiota	d__Bacteria;p__Chloroflexi	d__Bacteria;p__Abditibacteriota	d__Bacteria;p__Planctomycetota	d__Bacteria;p__Elusimicrobiota	d__Bacteria;p__Armatimonadota	d__Bacteria;p__SAR324_clade(Marine_group_B)	d__Bacteria;p__Entotheonellaeota	d__Bacteria;p__Patescibacteria	d__Bacteria;p__Cyanobacteria	d__Bacteria;p__Desulfobacterota	d__Bacteria;p__Fibrobacterota	d__Bacteria;p__MBNT15	d__Bacteria;p__NB1-j	d__Bacteria;p__FCPU426	d__Bacteria;p__Fusobacteriota	d__Bacteria;p__Latescibacterota	d__Bacteria;p__Campylobacterota	d__Bacteria;p__Dadabacteria	d__Bacteria;p__Spirochaetota
SRR8743444	22.0	6901.0	2270.0	7025.0	221.0	656.0	1887.0	11.0	14.0	1038.0	76.0	44.0	10.0	6.0	16.0	7.0	0.0	0.0	17.0	0.0	4.0	0.0	0.0	0.0	0.0	0.0	0.0	0.0	0.0	0.0
SRR8743445	24.0	10911.0	4269.0	9220.0	614.0	1602.0	3011.0	30.0	96.0	1700.0	284.0	90.0	12.0	142.0	63.0	31.0	0.0	0.0	25.0	3.0	0.0	8.0	0.0	0.0	0.0	0.0	0.0	0.0	0.0	0.0
SRR8743446	0.0	6110.0	250.0	6944.0	27.0	269.0	540.0	3.0	13.0	2171.0	0.0	6.0	0.0	0.0	0.0	0.0	0.0	0.0	0.0	0.0	0.0	12.0	0.0	0.0	0.0	0.0	0.0	0.0	0.0	0.0
SRR8743447	0.0	6438.0	1835.0	9465.0	428.0	1386.0	2326.0	9.0	84.0	748.0	207.0	84.0	11.0	0.0	0.0	10.0	0.0	0.0	12.0	6.0	7.0	0.0	0.0	0.0	0.0	0.0	0.0	0.0	0.0	0.0
SRR8743456	13.0	12763.0	4182.0	18834.0	1160.0	2548.0	4187.0	39.0	191.0	1544.0	443.0	68.0	2.0	8.0	25.0	4.0	0.0	14.0	23.0	0.0	0.0	10.0	0.0	11.0	0.0	0.0	0.0	0.0	0.0	0.0
SRR8743457	10.0	4752.0	992.0	6621.0	130.0	111.0	481.0	0.0	0.0	733.0	10.0	16.0	0.0	0.0	0.0	0.0	0.0	0.0	0.0	0.0	0.0	0.0	0.0	0.0	0.0	0.0	0.0	0.0	0.0	0.0
SRR8743461	8.0	7779.0	286.0	2729.0	312.0	148.0	225.0	0.0	12.0	3768.0	50.0	10.0	4.0	0.0	2.0	6.0	0.0	0.0	6.0	0.0	0.0	353.0	0.0	0.0	0.0	0.0	0.0	0.0	0.0	0.0
SRR8743462	14.0	8702.0	213.0	6130.0	76.0	247.0	529.0	2.0	0.0	3671.0	17.0	0.0	0.0	0.0	4.0	0.0	0.0	0.0	0.0	0.0	0.0	0.0	0.0	0.0	0.0	0.0	0.0	0.0	0.0	0.0
SRR8743463	10.0	5907.0	671.0	4962.0	171.0	556.0	1048.0	0.0	18.0	2019.0	76.0	16.0	0.0	0.0	0.0	0.0	0.0	7.0	0.0	3.0	0.0	0.0	0.0	0.0	0.0	0.0	0.0	0.0	0.0	0.0
SRR8743465	24.0	8318.0	534.0	9381.0	54.0	325.0	1141.0	2.0	9.0	3144.0	39.0	0.0	0.0	0.0	6.0	0.0	0.0	0.0	7.0	0.0	0.0	0.0	0.0	4.0	0.0	0.0	0.0	0.0	0.0	0.0
SRR8743466	65.0	6044.0	1339.0	3831.0	353.0	996.0	1919.0	0.0	103.0	511.0	259.0	19.0	8.0	31.0	13.0	7.0	5.0	0.0	20.0	3.0	8.0	18.0	0.0	6.0	0.0	0.0	0.0	0.0	0.0	0.0
SRR8743468	7.0	11267.0	4784.0	32047.0	795.0	1038.0	4303.0	19.0	45.0	809.0	214.0	80.0	14.0	4.0	37.0	29.0	0.0	10.0	0.0	0.0	0.0	0.0	0.0	0.0	0.0	0.0	0.0	0.0	0.0	0.0
SRR8743469	0.0	4727.0	1297.0	6220.0	373.0	908.0	1159.0	4.0	20.0	380.0	187.0	16.0	3.0	0.0	24.0	0.0	0.0	0.0	6.0	0.0	5.0	0.0	7.0	0.0	0.0	0.0	0.0	0.0	0.0	0.0
SRR8743472	16.0	4390.0	1416.0	7291.0	240.0	237.0	821.0	5.0	0.0	1133.0	38.0	0.0	2.0	0.0	10.0	14.0	0.0	0.0	0.0	0.0	0.0	5.0	0.0	0.0	0.0	0.0	0.0	0.0	0.0	0.0
SRR8743482	114.0	8600.0	2278.0	12708.0	801.0	1877.0	2722.0	23.0	123.0	1148.0	284.0	54.0	3.0	13.0	9.0	0.0	0.0	0.0	16.0	0.0	0.0	0.0	0.0	0.0	0.0	0.0	0.0	0.0	0.0	0.0
SRR8743484	87.0	7857.0	2484.0	9468.0	559.0	1935.0	2109.0	24.0	101.0	748.0	227.0	57.0	4.0	43.0	27.0	0.0	7.0	0.0	32.0	7.0	0.0	3.0	0.0	0.0	0.0	0.0	0.0	0.0	0.0	0.0
SRR8743486	81.0	8365.0	3702.0	8392.0	543.0	1154.0	2384.0	14.0	40.0	1158.0	212.0	54.0	0.0	19.0	49.0	9.0	0.0	0.0	6.0	0.0	0.0	9.0	0.0	0.0	0.0	0.0	0.0	0.0	0.0	0.0
SRR8743488	53.0	7567.0	1805.0	5959.0	291.0	306.0	827.0	8.0	16.0	2424.0	134.0	42.0	15.0	7.0	21.0	28.0	0.0	0.0	5.0	6.0	0.0	11.0	0.0	0.0	0.0	0.0	0.0	0.0	0.0	0.0
SRR8743490	4.0	5077.0	1376.0	6289.0	424.0	1276.0	1610.0	15.0	73.0	567.0	197.0	42.0	5.0	5.0	4.0	0.0	0.0	0.0	15.0	0.0	0.0	0.0	0.0	0.0	0.0	0.0	0.0	0.0	0.0	0.0
SRR8743491	0.0	10684.0	1451.0	12173.0	98.0	249.0	705.0	10.0	0.0	2274.0	26.0	24.0	0.0	10.0	8.0	0.0	0.0	5.0	0.0	0.0	0.0	3.0	0.0	0.0	0.0	0.0	0.0	0.0	0.0	0.0
SRR8743492	2.0	4163.0	1269.0	5529.0	246.0	1013.0	1429.0	9.0	34.0	272.0	99.0	7.0	0.0	22.0	0.0	0.0	0.0	0.0	0.0	0.0	7.0	0.0	0.0	0.0	0.0	0.0	0.0	0.0	0.0	0.0
SRR8743493	7.0	4403.0	719.0	6991.0	76.0	159.0	403.0	6.0	11.0	1229.0	6.0	24.0	5.0	0.0	7.0	8.0	0.0	0.0	0.0	0.0	0.0	0.0	0.0	0.0	0.0	0.0	0.0	0.0	0.0	0.0
SRR8743494	12.0	11061.0	664.0	10647.0	204.0	644.0	1023.0	12.0	21.0	5352.0	65.0	21.0	0.0	0.0	16.0	0.0	0.0	0.0	3.0	6.0	8.0	0.0	0.0	0.0	0.0	0.0	0.0	0.0	0.0	0.0
SRR8743499	23.0	11085.0	2887.0	13167.0	1011.0	1970.0	2488.0	12.0	87.0	1003.0	498.0	40.0	7.0	94.0	39.0	16.0	4.0	0.0	17.0	0.0	9.0	15.0	0.0	0.0	10.0	0.0	0.0	0.0	0.0	0.0
SRR8743501	7.0	5787.0	238.0	5855.0	126.0	159.0	248.0	3.0	5.0	2784.0	4.0	4.0	0.0	0.0	0.0	0.0	0.0	0.0	0.0	0.0	0.0	0.0	0.0	0.0	0.0	0.0	0.0	0.0	0.0	0.0
SRR8743502	0.0	11096.0	5011.0	11155.0	936.0	1899.0	2408.0	22.0	66.0	1714.0	305.0	104.0	18.0	81.0	72.0	26.0	6.0	0.0	12.0	0.0	0.0	4.0	0.0	0.0	0.0	0.0	0.0	0.0	0.0	0.0
SRR8743503	13.0	10629.0	3941.0	14409.0	437.0	1258.0	3196.0	17.0	52.0	1443.0	130.0	63.0	15.0	0.0	45.0	28.0	0.0	0.0	12.0	0.0	0.0	0.0	0.0	0.0	0.0	0.0	0.0	0.0	0.0	0.0
SRR8743505	17.0	9097.0	1422.0	7367.0	228.0	181.0	704.0	4.0	3.0	2901.0	41.0	31.0	0.0	5.0	0.0	16.0	0.0	0.0	17.0	0.0	0.0	0.0	0.0	0.0	0.0	0.0	0.0	0.0	0.0	0.0
SRR8743506	3.0	5803.0	636.0	5163.0	144.0	310.0	811.0	3.0	7.0	1531.0	79.0	14.0	6.0	2.0	0.0	0.0	6.0	0.0	3.0	3.0	0.0	49.0	0.0	0.0	0.0	0.0	0.0	0.0	0.0	0.0
SRR8743507	23.0	11356.0	3545.0	14320.0	941.0	2393.0	3091.0	12.0	161.0	1070.0	318.0	57.0	6.0	54.0	0.0	3.0	0.0	10.0	11.0	0.0	0.0	0.0	11.0	0.0	0.0	0.0	0.0	0.0	0.0	0.0
SRR8743508	8.0	12627.0	1033.0	19975.0	78.0	86.0	583.0	3.0	6.0	1525.0	25.0	18.0	3.0	0.0	0.0	0.0	0.0	0.0	8.0	5.0	0.0	0.0	0.0	0.0	0.0	0.0	0.0	0.0	0.0	0.0
SRR8743509	3.0	13261.0	5428.0	19416.0	555.0	1231.0	3608.0	22.0	80.0	1924.0	248.0	115.0	15.0	5.0	69.0	22.0	0.0	0.0	8.0	0.0	2.0	0.0	0.0	0.0	0.0	0.0	0.0	0.0	0.0	0.0
SRR8743510	0.0	5511.0	1013.0	5359.0	177.0	102.0	1478.0	27.0	0.0	411.0	94.0	105.0	0.0	42.0	20.0	0.0	0.0	0.0	0.0	0.0	0.0	0.0	41.0	0.0	0.0	0.0	0.0	0.0	0.0	0.0
SRR8743512	22.0	10781.0	723.0	4166.0	358.0	391.0	902.0	0.0	31.0	4275.0	85.0	0.0	0.0	0.0	0.0	0.0	3.0	0.0	0.0	0.0	0.0	97.0	0.0	0.0	0.0	0.0	0.0	0.0	0.0	0.0
SRR8743513	47.0	6436.0	1839.0	9862.0	559.0	1683.0	1967.0	12.0	89.0	632.0	172.0	50.0	3.0	6.0	0.0	0.0	0.0	16.0	12.0	0.0	6.0	8.0	0.0	0.0	0.0	0.0	0.0	0.0	0.0	0.0
SRR8743515	4.0	6045.0	1631.0	7270.0	583.0	1397.0	1665.0	14.0	55.0	793.0	187.0	64.0	7.0	9.0	0.0	10.0	6.0	0.0	0.0	0.0	5.0	4.0	0.0	0.0	0.0	0.0	0.0	0.0	0.0	0.0
SRR8743516	0.0	4181.0	62.0	3285.0	77.0	25.0	192.0	0.0	0.0	3952.0	5.0	0.0	0.0	0.0	0.0	0.0	0.0	0.0	0.0	0.0	0.0	0.0	0.0	0.0	0.0	0.0	0.0	0.0	0.0	0.0
SRR8743517	19.0	9853.0	511.0	8937.0	137.0	268.0	957.0	17.0	82.0	5003.0	133.0	0.0	0.0	0.0	12.0	11.0	3.0	0.0	10.0	0.0	0.0	0.0	0.0	0.0	0.0	0.0	0.0	0.0	0.0	0.0
SRR8743518	0.0	5491.0	62.0	2365.0	12.0	0.0	181.0	0.0	0.0	3703.0	4.0	0.0	0.0	0.0	0.0	0.0	0.0	0.0	0.0	0.0	0.0	0.0	0.0	0.0	0.0	0.0	0.0	0.0	0.0	0.0
SRR8743519	26.0	7101.0	1395.0	4463.0	306.0	285.0	617.0	2.0	12.0	2135.0	152.0	0.0	0.0	10.0	6.0	20.0	0.0	0.0	10.0	0.0	0.0	0.0	0.0	0.0	0.0	0.0	0.0	0.0	0.0	0.0
SRR8743520	24.0	8678.0	1006.0	5150.0	273.0	586.0	981.0	6.0	23.0	2962.0	131.0	35.0	5.0	11.0	5.0	0.0	0.0	0.0	18.0	0.0	0.0	28.0	0.0	0.0	4.0	0.0	0.0	0.0	0.0	0.0
SRR8743522	0.0	18887.0	0.0	108.0	0.0	0.0	238.0	0.0	0.0	319.0	0.0	0.0	0.0	0.0	0.0	0.0	0.0	0.0	0.0	0.0	0.0	53.0	0.0	0.0	0.0	0.0	0.0	0.0	0.0	0.0
SRR8743524	0.0	11160.0	9.0	3961.0	24.0	0.0	72.0	0.0	0.0	6169.0	0.0	5.0	0.0	0.0	0.0	0.0	0.0	0.0	0.0	0.0	0.0	0.0	0.0	0.0	0.0	0.0	0.0	0.0	0.0	0.0
SRR8743527	28.0	8667.0	1293.0	5590.0	377.0	711.0	1173.0	11.0	36.0	2436.0	168.0	32.0	6.0	6.0	21.0	0.0	9.0	0.0	0.0	0.0	0.0	50.0	0.0	0.0	0.0	0.0	0.0	0.0	0.0	0.0
SRR8743528	9.0	14006.0	1823.0	8296.0	253.0	329.0	852.0	9.0	13.0	3919.0	10.0	35.0	4.0	5.0	13.0	22.0	0.0	0.0	7.0	0.0	0.0	11.0	0.0	0.0	0.0	0.0	0.0	0.0	0.0	0.0
SRR8743529	0.0	6739.0	74.0	5548.0	24.0	63.0	108.0	0.0	0.0	3096.0	3.0	4.0	0.0	0.0	0.0	0.0	0.0	0.0	0.0	0.0	0.0	0.0	0.0	0.0	0.0	0.0	0.0	0.0	0.0	0.0
SRR8743532	93.0	8144.0	2413.0	8509.0	565.0	1702.0	2115.0	15.0	148.0	1037.0	232.0	54.0	3.0	12.0	0.0	0.0	0.0	0.0	13.0	0.0	9.0	0.0	0.0	0.0	4.0	0.0	0.0	0.0	0.0	0.0
SRR8743533	80.0	9416.0	3441.0	10808.0	615.0	1309.0	2982.0	6.0	55.0	931.0	206.0	68.0	12.0	46.0	49.0	19.0	5.0	0.0	13.0	0.0	4.0	0.0	0.0	0.0	0.0	0.0	0.0	0.0	0.0	0.0
SRR8743534	45.0	10106.0	2671.0	10298.0	801.0	2561.0	2696.0	14.0	138.0	1090.0	445.0	52.0	10.0	34.0	12.0	6.0	0.0	17.0	19.0	0.0	12.0	25.0	0.0	0.0	6.0	0.0	0.0	0.0	0.0	0.0
SRR8743537	93.0	9370.0	3446.0	10797.0	921.0	1950.0	2811.0	25.0	128.0	954.0	336.0	60.0	0.0	50.0	39.0	0.0	0.0	0.0	15.0	0.0	0.0	42.0	0.0	0.0	0.0	0.0	0.0	0.0	0.0	0.0
SRR8743539	16.0	5381.0	2474.0	6051.0	319.0	755.0	1715.0	12.0	25.0	373.0	111.0	25.0	3.0	16.0	13.0	18.0	0.0	6.0	12.0	0.0	0.0	0.0	0.0	0.0	0.0	0.0	0.0	0.0	0.0	0.0
SRR8743540	121.0	9670.0	2878.0	11079.0	808.0	1868.0	2680.0	15.0	156.0	1114.0	346.0	51.0	16.0	67.0	54.0	0.0	0.0	0.0	4.0	0.0	0.0	6.0	0.0	0.0	0.0	0.0	0.0	0.0	0.0	0.0
SRR8743541	50.0	7643.0	2413.0	13605.0	384.0	507.0	1429.0	25.0	0.0	1662.0	116.0	59.0	8.0	16.0	10.0	20.0	0.0	0.0	15.0	0.0	0.0	0.0	0.0	11.0	0.0	0.0	0.0	0.0	8.0	0.0
SRR8743544	0.0	4760.0	381.0	5989.0	139.0	197.0	828.0	13.0	13.0	1802.0	15.0	6.0	6.0	4.0	4.0	3.0	0.0	0.0	0.0	0.0	0.0	0.0	0.0	0.0	0.0	0.0	0.0	0.0	0.0	0.0
SRR8743545	0.0	5764.0	2788.0	8390.0	262.0	654.0	1763.0	13.0	45.0	777.0	153.0	50.0	9.0	0.0	8.0	0.0	0.0	0.0	0.0	0.0	0.0	0.0	0.0	0.0	0.0	0.0	0.0	0.0	0.0	0.0
SRR8743546	0.0	5859.0	546.0	6394.0	48.0	44.0	398.0	0.0	6.0	1072.0	23.0	8.0	0.0	0.0	0.0	0.0	0.0	0.0	0.0	0.0	0.0	0.0	0.0	0.0	0.0	0.0	0.0	0.0	0.0	0.0
SRR8743547	6.0	11811.0	232.0	8441.0	168.0	177.0	393.0	0.0	6.0	5434.0	9.0	24.0	0.0	0.0	0.0	0.0	0.0	0.0	0.0	0.0	0.0	11.0	0.0	0.0	0.0	0.0	0.0	0.0	0.0	0.0
SRR8743568	15.0	9608.0	2822.0	8708.0	419.0	610.0	1211.0	28.0	42.0	2130.0	91.0	52.0	0.0	0.0	26.0	0.0	0.0	0.0	10.0	0.0	3.0	4.0	0.0	0.0	0.0	0.0	0.0	0.0	0.0	0.0
SRR8743577	4.0	3505.0	895.0	6277.0	58.0	227.0	761.0	0.0	0.0	701.0	28.0	12.0	0.0	0.0	7.0	0.0	0.0	0.0	5.0	0.0	0.0	0.0	0.0	0.0	0.0	0.0	0.0	0.0	0.0	0.0
SRR8743580	30.0	10302.0	1856.0	7322.0	254.0	280.0	1042.0	4.0	17.0	3130.0	105.0	34.0	4.0	0.0	19.0	50.0	7.0	2.0	7.0	0.0	0.0	46.0	0.0	0.0	0.0	0.0	0.0	0.0	0.0	0.0
SRR8743590	21.0	17992.0	473.0	7791.0	313.0	254.0	610.0	4.0	17.0	6795.0	53.0	28.0	4.0	3.0	4.0	9.0	0.0	0.0	0.0	0.0	0.0	91.0	0.0	0.0	0.0	0.0	0.0	0.0	0.0	0.0
SRR8743593	11.0	7686.0	1268.0	4219.0	226.0	264.0	611.0	0.0	6.0	1941.0	29.0	12.0	0.0	0.0	0.0	14.0	0.0	0.0	8.0	0.0	0.0	30.0	0.0	0.0	0.0	0.0	0.0	0.0	0.0	0.0
SRR8743594	46.0	4762.0	1735.0	7379.0	477.0	1086.0	1705.0	5.0	59.0	668.0	226.0	35.0	0.0	0.0	8.0	0.0	0.0	0.0	10.0	0.0	4.0	3.0	0.0	0.0	0.0	0.0	0.0	0.0	0.0	0.0
SRR8743595	4.0	5216.0	1166.0	7544.0	84.0	146.0	606.0	5.0	0.0	993.0	35.0	18.0	4.0	0.0	11.0	0.0	0.0	0.0	0.0	0.0	0.0	0.0	0.0	0.0	0.0	0.0	0.0	0.0	0.0	0.0
SRR8743607	29.0	6565.0	653.0	9525.0	169.0	424.0	959.0	31.0	10.0	1971.0	63.0	35.0	0.0	0.0	0.0	8.0	0.0	0.0	0.0	0.0	0.0	4.0	0.0	0.0	0.0	0.0	0.0	0.0	0.0	0.0
SRR8743608	0.0	3156.0	468.0	6408.0	31.0	42.0	135.0	4.0	11.0	492.0	5.0	0.0	0.0	0.0	0.0	0.0	0.0	0.0	0.0	0.0	0.0	0.0	0.0	0.0	0.0	0.0	0.0	0.0	0.0	0.0
SRR8743609	46.0	5669.0	2520.0	12010.0	270.0	706.0	1662.0	8.0	26.0	649.0	48.0	37.0	0.0	0.0	0.0	0.0	0.0	6.0	0.0	0.0	0.0	0.0	0.0	0.0	0.0	0.0	0.0	0.0	0.0	0.0
SRR8743610	25.0	10477.0	4980.0	14001.0	474.0	1657.0	3251.0	25.0	112.0	1746.0	276.0	104.0	23.0	10.0	64.0	0.0	0.0	0.0	13.0	0.0	0.0	0.0	0.0	0.0	0.0	0.0	0.0	0.0	0.0	0.0
SRR8743625	23.0	3995.0	1712.0	4484.0	237.0	753.0	1224.0	16.0	26.0	491.0	125.0	51.0	4.0	6.0	28.0	0.0	0.0	3.0	3.0	0.0	0.0	0.0	0.0	0.0	0.0	0.0	0.0	0.0	0.0	0.0
SRR8743626	22.0	6985.0	2165.0	4796.0	304.0	316.0	1361.0	23.0	30.0	1339.0	137.0	27.0	0.0	0.0	15.0	12.0	5.0	0.0	6.0	5.0	0.0	12.0	0.0	0.0	0.0	0.0	0.0	0.0	0.0	0.0
SRR8743627	9.0	13537.0	3034.0	12659.0	690.0	763.0	1493.0	57.0	38.0	3890.0	116.0	56.0	0.0	6.0	28.0	68.0	0.0	0.0	3.0	0.0	0.0	3.0	0.0	0.0	0.0	0.0	0.0	0.0	0.0	0.0
SRR8743630	0.0	4111.0	304.0	2088.0	19.0	13.0	75.0	0.0	7.0	4158.0	9.0	0.0	0.0	0.0	0.0	0.0	0.0	0.0	0.0	0.0	0.0	0.0	0.0	0.0	0.0	0.0	0.0	0.0	0.0	0.0
SRR8743644	0.0	11448.0	4173.0	17486.0	684.0	1494.0	2819.0	8.0	32.0	894.0	196.0	59.0	9.0	41.0	18.0	22.0	0.0	0.0	18.0	3.0	0.0	0.0	0.0	0.0	0.0	0.0	0.0	0.0	0.0	0.0
SRR8743654	150.0	16239.0	6868.0	17477.0	1177.0	1858.0	4629.0	59.0	101.0	1595.0	495.0	134.0	6.0	129.0	80.0	52.0	19.0	0.0	43.0	0.0	0.0	0.0	0.0	0.0	0.0	0.0	0.0	0.0	0.0	0.0
SRR8743671	9.0	6466.0	2981.0	11372.0	404.0	1103.0	2008.0	11.0	29.0	653.0	129.0	42.0	0.0	10.0	28.0	0.0	0.0	0.0	12.0	2.0	0.0	0.0	0.0	0.0	0.0	0.0	0.0	0.0	0.0	0.0
SRR8743672	23.0	10740.0	1744.0	6283.0	307.0	196.0	719.0	8.0	17.0	4395.0	84.0	0.0	0.0	28.0	0.0	176.0	3.0	0.0	6.0	0.0	0.0	23.0	0.0	0.0	0.0	0.0	0.0	0.0	0.0	0.0
SRR8743673	99.0	20319.0	715.0	6854.0	458.0	711.0	1749.0	42.0	16.0	11454.0	265.0	28.0	0.0	6.0	23.0	30.0	0.0	0.0	11.0	0.0	0.0	409.0	0.0	0.0	7.0	0.0	0.0	0.0	0.0	0.0
SRR8743674	61.0	4645.0	1249.0	7107.0	355.0	609.0	1421.0	6.0	23.0	404.0	118.0	23.0	0.0	19.0	6.0	0.0	2.0	0.0	18.0	0.0	0.0	0.0	0.0	0.0	0.0	0.0	0.0	0.0	0.0	0.0
SRR8743688	65.0	16760.0	6716.0	20744.0	1178.0	3150.0	5341.0	46.0	158.0	2077.0	400.0	198.0	29.0	38.0	141.0	50.0	0.0	0.0	20.0	0.0	0.0	0.0	0.0	0.0	0.0	0.0	0.0	0.0	0.0	0.0
SRR8743689	102.0	13784.0	5773.0	13361.0	940.0	2460.0	3628.0	48.0	154.0	1603.0	430.0	98.0	34.0	161.0	101.0	39.0	0.0	0.0	26.0	5.0	0.0	0.0	0.0	0.0	0.0	0.0	0.0	0.0	0.0	0.0
SRR8743690	0.0	6205.0	810.0	6053.0	242.0	113.0	290.0	0.0	3.0	2074.0	72.0	0.0	0.0	0.0	0.0	15.0	0.0	0.0	0.0	0.0	0.0	6.0	0.0	0.0	0.0	0.0	0.0	0.0	0.0	0.0
SRR8743691	0.0	4016.0	962.0	4995.0	202.0	836.0	1165.0	44.0	51.0	492.0	184.0	41.0	13.0	6.0	6.0	0.0	0.0	0.0	0.0	6.0	0.0	5.0	0.0	0.0	0.0	0.0	0.0	0.0	0.0	0.0
SRR8743692	26.0	8187.0	644.0	5471.0	404.0	376.0	774.0	4.0	21.0	3072.0	130.0	33.0	0.0	4.0	5.0	7.0	0.0	0.0	0.0	0.0	0.0	265.0	0.0	0.0	0.0	0.0	0.0	0.0	0.0	0.0
SRR8743693	10.0	10504.0	1869.0	9251.0	343.0	439.0	1206.0	2.0	19.0	2825.0	29.0	34.0	7.0	14.0	11.0	18.0	0.0	0.0	6.0	0.0	0.0	0.0	0.0	0.0	0.0	0.0	0.0	0.0	0.0	0.0
SRR8743696	63.0	4390.0	1966.0	6018.0	272.0	487.0	1437.0	15.0	25.0	572.0	80.0	37.0	20.0	18.0	41.0	11.0	0.0	0.0	0.0	0.0	0.0	0.0	0.0	0.0	0.0	0.0	0.0	0.0	0.0	0.0
SRR8743741	6.0	4966.0	121.0	7053.0	68.0	30.0	213.0	0.0	0.0	2440.0	7.0	7.0	0.0	0.0	6.0	0.0	0.0	5.0	0.0	0.0	0.0	0.0	0.0	0.0	0.0	0.0	0.0	0.0	0.0	0.0
SRR8743747	9.0	4482.0	948.0	6318.0	404.0	827.0	1130.0	29.0	52.0	482.0	171.0	24.0	22.0	0.0	9.0	5.0	4.0	10.0	5.0	0.0	0.0	0.0	0.0	0.0	0.0	0.0	0.0	0.0	0.0	0.0
SRR8743748	9.0	18851.0	2203.0	10700.0	209.0	448.0	1186.0	3.0	21.0	12532.0	96.0	48.0	0.0	4.0	13.0	32.0	0.0	0.0	6.0	2.0	0.0	7.0	0.0	0.0	0.0	0.0	0.0	0.0	0.0	0.0
SRR8743749	61.0	6931.0	2345.0	10730.0	596.0	1750.0	2136.0	20.0	107.0	782.0	319.0	46.0	18.0	10.0	0.0	0.0	0.0	6.0	18.0	0.0	0.0	0.0	0.0	3.0	0.0	0.0	0.0	0.0	0.0	0.0
SRR8743750	32.0	9876.0	1116.0	3565.0	288.0	111.0	414.0	4.0	5.0	4195.0	6.0	21.0	0.0	6.0	0.0	47.0	0.0	0.0	0.0	0.0	0.0	18.0	0.0	0.0	0.0	0.0	0.0	0.0	0.0	0.0
SRR8743751	0.0	7184.0	930.0	10279.0	158.0	207.0	631.0	15.0	20.0	1255.0	2.0	28.0	6.0	0.0	12.0	8.0	0.0	0.0	0.0	0.0	0.0	0.0	0.0	0.0	0.0	0.0	0.0	0.0	0.0	0.0
SRR8743752	51.0	8198.0	2300.0	9178.0	785.0	2010.0	1657.0	14.0	60.0	1052.0	258.0	40.0	3.0	0.0	15.0	0.0	3.0	5.0	15.0	8.0	0.0	16.0	0.0	0.0	0.0	0.0	0.0	0.0	0.0	0.0
SRR8743755	24.0	22104.0	6394.0	29144.0	2185.0	4394.0	7152.0	52.0	297.0	2904.0	786.0	169.0	4.0	30.0	139.0	8.0	0.0	27.0	31.0	23.0	11.0	16.0	0.0	12.0	0.0	0.0	0.0	0.0	0.0	0.0
SRR8743759	4.0	3916.0	1169.0	6006.0	256.0	685.0	1643.0	10.0	56.0	303.0	164.0	0.0	4.0	0.0	8.0	0.0	0.0	0.0	8.0	0.0	0.0	0.0	0.0	0.0	0.0	0.0	0.0	0.0	0.0	0.0
SRR8743762	0.0	9311.0	648.0	3845.0	203.0	455.0	834.0	5.0	20.0	4079.0	46.0	29.0	5.0	13.0	4.0	0.0	0.0	0.0	0.0	2.0	5.0	22.0	0.0	0.0	0.0	0.0	0.0	0.0	0.0	0.0
SRR8743763	4.0	9410.0	1071.0	6731.0	240.0	173.0	401.0	0.0	0.0	3628.0	79.0	25.0	3.0	4.0	17.0	38.0	0.0	0.0	0.0	0.0	0.0	3.0	0.0	0.0	0.0	0.0	0.0	0.0	0.0	0.0
SRR8743764	61.0	14673.0	2071.0	9152.0	438.0	1530.0	2232.0	49.0	106.0	3572.0	243.0	40.0	23.0	11.0	34.0	0.0	0.0	12.0	21.0	0.0	12.0	15.0	5.0	16.0	0.0	0.0	4.0	0.0	0.0	0.0
SRR8743765	10.0	6909.0	728.0	10290.0	122.0	383.0	789.0	0.0	13.0	3348.0	60.0	13.0	0.0	0.0	15.0	0.0	0.0	4.0	7.0	0.0	5.0	9.0	0.0	0.0	0.0	0.0	0.0	0.0	0.0	0.0
SRR8743766	70.0	14281.0	5606.0	20592.0	804.0	2141.0	3787.0	23.0	54.0	2375.0	402.0	88.0	16.0	2.0	70.0	4.0	0.0	0.0	20.0	0.0	0.0	0.0	0.0	0.0	0.0	0.0	0.0	0.0	0.0	0.0
SRR8743767	0.0	10241.0	4941.0	18497.0	489.0	876.0	3784.0	29.0	42.0	967.0	191.0	90.0	0.0	6.0	49.0	25.0	0.0	0.0	0.0	0.0	8.0	0.0	0.0	0.0	0.0	0.0	0.0	0.0	0.0	0.0
SRR8743768	10.0	12453.0	1028.0	7331.0	517.0	527.0	1101.0	0.0	7.0	3821.0	55.0	35.0	10.0	3.0	0.0	0.0	0.0	0.0	11.0	2.0	0.0	83.0	0.0	0.0	0.0	0.0	0.0	0.0	0.0	0.0
SRR8743769	121.0	17607.0	4628.0	19727.0	1479.0	3599.0	4502.0	48.0	317.0	2895.0	614.0	90.0	9.0	24.0	37.0	16.0	0.0	22.0	28.0	0.0	12.0	11.0	0.0	3.0	0.0	0.0	0.0	0.0	0.0	0.0
SRR8743770	9.0	8808.0	2722.0	5202.0	302.0	676.0	1309.0	4.0	60.0	2029.0	98.0	86.0	0.0	0.0	17.0	3.0	0.0	0.0	19.0	6.0	0.0	0.0	0.0	0.0	0.0	0.0	0.0	0.0	0.0	0.0
SRR8743784	20.0	13470.0	1720.0	23601.0	154.0	327.0	1029.0	5.0	28.0	4250.0	49.0	28.0	5.0	0.0	8.0	0.0	0.0	0.0	9.0	0.0	0.0	0.0	0.0	0.0	0.0	0.0	0.0	0.0	0.0	0.0
SRR8743785	5.0	6661.0	647.0	8174.0	39.0	48.0	241.0	4.0	0.0	2733.0	2.0	18.0	0.0	0.0	5.0	0.0	0.0	0.0	3.0	0.0	0.0	0.0	0.0	0.0	0.0	0.0	0.0	0.0	0.0	0.0
SRR8743792	31.0	18059.0	3307.0	12190.0	587.0	879.0	1295.0	21.0	39.0	6245.0	206.0	103.0	8.0	11.0	67.0	6.0	0.0	0.0	6.0	0.0	0.0	22.0	0.0	0.0	0.0	0.0	0.0	0.0	0.0	0.0
SRR8743793	19.0	11250.0	596.0	11002.0	121.0	394.0	1045.0	6.0	17.0	4094.0	58.0	25.0	14.0	0.0	17.0	5.0	5.0	0.0	0.0	0.0	0.0	0.0	0.0	0.0	0.0	0.0	0.0	0.0	0.0	0.0
SRR8743794	3.0	7671.0	1404.0	10790.0	137.0	133.0	603.0	0.0	15.0	1631.0	19.0	24.0	0.0	0.0	15.0	8.0	0.0	0.0	5.0	0.0	0.0	0.0	0.0	0.0	0.0	0.0	0.0	0.0	0.0	0.0
SRR8743798	13.0	7121.0	137.0	6064.0	15.0	55.0	321.0	0.0	11.0	2776.0	4.0	4.0	0.0	0.0	4.0	4.0	0.0	0.0	6.0	0.0	0.0	0.0	0.0	0.0	0.0	0.0	0.0	0.0	0.0	0.0
SRR8743799	21.0	5337.0	2193.0	7289.0	159.0	725.0	1325.0	5.0	23.0	429.0	0.0	39.0	0.0	0.0	19.0	0.0	0.0	0.0	0.0	4.0	0.0	0.0	0.0	0.0	0.0	0.0	0.0	0.0	0.0	0.0
SRR8743809	67.0	9574.0	4218.0	18594.0	521.0	1045.0	3943.0	17.0	35.0	1038.0	234.0	82.0	2.0	2.0	26.0	27.0	0.0	0.0	0.0	0.0	0.0	3.0	0.0	0.0	0.0	0.0	0.0	0.0	0.0	0.0
SRR8743811	8.0	7010.0	2040.0	6809.0	289.0	257.0	1088.0	13.0	8.0	2203.0	87.0	43.0	0.0	7.0	5.0	10.0	0.0	0.0	9.0	0.0	0.0	4.0	0.0	0.0	0.0	0.0	0.0	0.0	0.0	0.0
SRR8743812	42.0	10839.0	695.0	4891.0	274.0	249.0	849.0	4.0	22.0	5060.0	98.0	14.0	6.0	0.0	9.0	7.0	0.0	0.0	0.0	0.0	0.0	183.0	0.0	0.0	0.0	0.0	0.0	0.0	0.0	0.0
SRR8743813	0.0	3365.0	354.0	6293.0	43.0	49.0	167.0	0.0	0.0	404.0	5.0	10.0	0.0	0.0	0.0	0.0	0.0	0.0	0.0	0.0	0.0	0.0	0.0	0.0	0.0	0.0	0.0	0.0	0.0	0.0
SRR8743827	0.0	5904.0	1099.0	4778.0	102.0	136.0	532.0	0.0	0.0	1232.0	54.0	33.0	4.0	0.0	0.0	18.0	4.0	0.0	0.0	0.0	0.0	5.0	0.0	0.0	0.0	0.0	0.0	0.0	0.0	0.0
SRR8743830	35.0	10080.0	3268.0	21054.0	571.0	1211.0	2552.0	15.0	24.0	1313.0	123.0	50.0	7.0	0.0	0.0	23.0	0.0	0.0	0.0	2.0	11.0	2.0	0.0	0.0	0.0	0.0	0.0	0.0	0.0	0.0
SRR8743832	2.0	7794.0	2962.0	12159.0	422.0	827.0	2110.0	12.0	31.0	683.0	85.0	39.0	8.0	11.0	26.0	6.0	0.0	0.0	8.0	0.0	0.0	0.0	0.0	0.0	0.0	0.0	0.0	0.0	0.0	0.0
SRR8743833	72.0	21341.0	8723.0	40652.0	1587.0	3395.0	5890.0	36.0	170.0	1870.0	468.0	205.0	17.0	46.0	93.0	55.0	0.0	0.0	34.0	0.0	3.0	5.0	0.0	0.0	0.0	0.0	0.0	0.0	0.0	0.0
SRR8743834	26.0	11330.0	4277.0	13107.0	797.0	1666.0	2501.0	29.0	34.0	953.0	302.0	92.0	9.0	98.0	36.0	8.0	0.0	0.0	19.0	0.0	0.0	6.0	0.0	0.0	0.0	0.0	0.0	0.0	0.0	0.0
SRR8743835	11.0	11019.0	3264.0	12325.0	748.0	2194.0	3023.0	32.0	176.0	1372.0	238.0	82.0	6.0	41.0	0.0	0.0	7.0	13.0	28.0	0.0	0.0	0.0	0.0	0.0	0.0	0.0	0.0	0.0	0.0	0.0
SRR8743837	71.0	8538.0	4474.0	12693.0	605.0	1170.0	2720.0	7.0	31.0	870.0	160.0	62.0	0.0	21.0	70.0	11.0	0.0	0.0	0.0	0.0	0.0	0.0	0.0	0.0	0.0	0.0	0.0	0.0	0.0	0.0
SRR8743839	26.0	14012.0	351.0	6639.0	370.0	329.0	973.0	4.0	21.0	6540.0	50.0	12.0	0.0	0.0	0.0	4.0	0.0	0.0	2.0	6.0	0.0	351.0	0.0	0.0	0.0	0.0	0.0	0.0	0.0	0.0
SRR8743840	15.0	8306.0	2769.0	10474.0	786.0	2049.0	2510.0	26.0	87.0	1215.0	477.0	57.0	28.0	40.0	3.0	0.0	0.0	17.0	16.0	0.0	4.0	0.0	0.0	0.0	0.0	0.0	0.0	0.0	0.0	0.0
SRR8743841	12.0	16774.0	4480.0	17937.0	1318.0	3398.0	4093.0	34.0	172.0	1538.0	471.0	95.0	0.0	52.0	23.0	0.0	0.0	0.0	16.0	0.0	0.0	14.0	0.0	5.0	0.0	0.0	0.0	0.0	0.0	0.0
SRR8743845	48.0	13658.0	7049.0	17352.0	750.0	1935.0	4092.0	36.0	95.0	1371.0	249.0	135.0	6.0	15.0	50.0	26.0	0.0	0.0	44.0	0.0	0.0	0.0	0.0	0.0	0.0	0.0	0.0	0.0	0.0	0.0
SRR8743847	218.0	12061.0	1006.0	8040.0	81.0	226.0	1544.0	0.0	0.0	543.0	85.0	3.0	0.0	33.0	153.0	65.0	0.0	0.0	32.0	0.0	0.0	0.0	0.0	0.0	0.0	0.0	0.0	0.0	0.0	0.0
SRR8743853	4.0	12957.0	6588.0	15832.0	784.0	1937.0	4359.0	38.0	96.0	1757.0	421.0	187.0	6.0	0.0	108.0	23.0	0.0	3.0	17.0	0.0	0.0	0.0	0.0	0.0	0.0	0.0	0.0	0.0	0.0	0.0
SRR8743862	6.0	3972.0	676.0	8581.0	34.0	45.0	431.0	6.0	0.0	546.0	28.0	29.0	0.0	0.0	3.0	0.0	0.0	0.0	0.0	0.0	0.0	0.0	0.0	0.0	0.0	0.0	0.0	0.0	0.0	0.0
SRR8743863	29.0	6908.0	817.0	10142.0	200.0	499.0	987.0	14.0	36.0	1501.0	29.0	24.0	7.0	0.0	4.0	0.0	8.0	0.0	0.0	0.0	0.0	8.0	0.0	0.0	0.0	0.0	0.0	0.0	0.0	0.0
SRR8743866	25.0	3774.0	1156.0	4728.0	225.0	705.0	1456.0	2.0	33.0	463.0	108.0	16.0	4.0	0.0	18.0	0.0	0.0	0.0	35.0	0.0	0.0	0.0	0.0	0.0	0.0	0.0	0.0	0.0	0.0	0.0
SRR8743868	26.0	8494.0	380.0	3702.0	489.0	165.0	300.0	2.0	0.0	4522.0	79.0	20.0	0.0	0.0	0.0	0.0	0.0	0.0	0.0	0.0	0.0	123.0	0.0	0.0	0.0	0.0	0.0	0.0	0.0	0.0
SRR8743869	9.0	10588.0	547.0	5332.0	178.0	403.0	522.0	4.0	5.0	4552.0	74.0	28.0	0.0	8.0	7.0	0.0	0.0	0.0	16.0	0.0	3.0	103.0	0.0	0.0	3.0	0.0	0.0	0.0	0.0	0.0
SRR8743879	51.0	6080.0	1462.0	7732.0	324.0	1231.0	1837.0	9.0	90.0	649.0	141.0	34.0	3.0	7.0	17.0	8.0	0.0	10.0	17.0	0.0	0.0	9.0	0.0	0.0	0.0	0.0	0.0	0.0	0.0	0.0
SRR8743880	0.0	6563.0	208.0	6105.0	8.0	50.0	294.0	8.0	0.0	3802.0	29.0	0.0	0.0	0.0	0.0	0.0	0.0	0.0	0.0	3.0	0.0	0.0	0.0	0.0	0.0	0.0	0.0	0.0	0.0	0.0
SRR8743885	54.0	25231.0	7219.0	44825.0	1941.0	7041.0	8380.0	54.0	333.0	1941.0	700.0	120.0	40.0	2.0	3.0	13.0	0.0	18.0	48.0	0.0	0.0	0.0	0.0	23.0	0.0	0.0	0.0	0.0	0.0	0.0
SRR8743886	6.0	3235.0	944.0	6012.0	313.0	683.0	1054.0	3.0	11.0	287.0	98.0	22.0	6.0	0.0	0.0	0.0	0.0	0.0	6.0	0.0	0.0	0.0	0.0	0.0	0.0	0.0	0.0	0.0	0.0	0.0
SRR8743887	65.0	12268.0	5458.0	19968.0	607.0	1374.0	4051.0	23.0	98.0	1444.0	257.0	83.0	0.0	8.0	52.0	35.0	0.0	0.0	16.0	4.0	0.0	0.0	11.0	2.0	0.0	0.0	0.0	0.0	0.0	0.0
SRR8743889	115.0	10648.0	4289.0	10052.0	717.0	1483.0	2808.0	25.0	118.0	1302.0	284.0	105.0	11.0	19.0	60.0	0.0	0.0	0.0	12.0	0.0	3.0	0.0	0.0	0.0	0.0	0.0	0.0	0.0	0.0	0.0
SRR8743892	92.0	12582.0	5566.0	20963.0	1092.0	1851.0	3702.0	0.0	93.0	1102.0	339.0	85.0	12.0	44.0	67.0	0.0	0.0	0.0	29.0	0.0	0.0	0.0	0.0	0.0	0.0	0.0	0.0	0.0	0.0	0.0
SRR8743893	0.0	7675.0	252.0	3295.0	166.0	108.0	253.0	0.0	0.0	3395.0	7.0	9.0	0.0	0.0	0.0	0.0	0.0	0.0	0.0	0.0	0.0	120.0	0.0	0.0	0.0	0.0	0.0	0.0	0.0	0.0
SRR8743902	54.0	10117.0	1998.0	5824.0	347.0	266.0	779.0	0.0	15.0	4238.0	135.0	50.0	0.0	4.0	12.0	10.0	0.0	0.0	5.0	5.0	0.0	81.0	0.0	0.0	0.0	0.0	0.0	0.0	0.0	0.0
SRR8743903	9.0	8127.0	3976.0	9499.0	439.0	1005.0	2613.0	19.0	79.0	1181.0	201.0	97.0	0.0	6.0	57.0	2.0	0.0	3.0	8.0	0.0	0.0	0.0	0.0	0.0	0.0	0.0	0.0	0.0	0.0	0.0
SRR8743904	43.0	19154.0	4624.0	23296.0	895.0	3294.0	7881.0	40.0	197.0	3525.0	448.0	97.0	7.0	10.0	66.0	0.0	0.0	10.0	0.0	7.0	0.0	0.0	0.0	30.0	0.0	0.0	0.0	0.0	0.0	0.0
SRR8743905	3.0	7016.0	2929.0	12490.0	425.0	972.0	2917.0	18.0	32.0	715.0	78.0	58.0	5.0	5.0	24.0	0.0	0.0	0.0	0.0	0.0	0.0	0.0	0.0	0.0	0.0	0.0	0.0	0.0	0.0	0.0
SRR8743906	0.0	14245.0	458.0	13815.0	174.0	302.0	547.0	11.0	19.0	7156.0	18.0	31.0	0.0	0.0	14.0	0.0	0.0	0.0	0.0	10.0	0.0	0.0	0.0	0.0	0.0	0.0	0.0	0.0	0.0	0.0
SRR8743907	13.0	3874.0	1257.0	3473.0	225.0	244.0	912.0	0.0	34.0	774.0	62.0	17.0	0.0	0.0	13.0	0.0	0.0	0.0	0.0	0.0	0.0	0.0	0.0	0.0	0.0	0.0	0.0	0.0	0.0	0.0
SRR8743908	2.0	8567.0	3613.0	12670.0	318.0	949.0	2190.0	16.0	45.0	1546.0	118.0	85.0	6.0	0.0	55.0	0.0	0.0	0.0	5.0	0.0	0.0	2.0	0.0	0.0	0.0	0.0	0.0	0.0	0.0	0.0
SRR8743912	11.0	10335.0	1329.0	5049.0	229.0	155.0	474.0	27.0	15.0	4553.0	73.0	17.0	0.0	3.0	0.0	16.0	0.0	0.0	0.0	0.0	0.0	14.0	0.0	0.0	0.0	0.0	0.0	0.0	0.0	0.0
SRR8743913	0.0	6171.0	1036.0	8406.0	115.0	158.0	754.0	0.0	13.0	883.0	53.0	15.0	7.0	2.0	20.0	0.0	0.0	0.0	0.0	0.0	0.0	0.0	0.0	0.0	0.0	0.0	0.0	0.0	0.0	0.0
SRR8743914	36.0	7635.0	806.0	3194.0	300.0	542.0	832.0	12.0	12.0	3768.0	52.0	38.0	5.0	13.0	10.0	0.0	6.0	5.0	9.0	8.0	0.0	116.0	0.0	0.0	0.0	0.0	0.0	0.0	0.0	0.0
SRR8743915	67.0	7532.0	2347.0	8914.0	677.0	2248.0	2238.0	9.0	49.0	1211.0	326.0	28.0	13.0	8.0	36.0	3.0	0.0	20.0	15.0	0.0	0.0	0.0	0.0	4.0	0.0	0.0	0.0	0.0	0.0	0.0
SRR8743916	3.0	8571.0	727.0	10864.0	99.0	60.0	343.0	2.0	4.0	3693.0	5.0	10.0	0.0	0.0	9.0	0.0	0.0	0.0	2.0	0.0	0.0	0.0	0.0	0.0	0.0	0.0	0.0	0.0	0.0	0.0
SRR8743917	0.0	4198.0	1879.0	10130.0	268.0	402.0	1393.0	6.0	33.0	222.0	17.0	34.0	0.0	0.0	15.0	0.0	0.0	0.0	0.0	0.0	0.0	0.0	0.0	0.0	0.0	0.0	0.0	0.0	0.0	0.0
SRR8743922	2.0	7792.0	233.0	8208.0	112.0	78.0	252.0	4.0	0.0	3326.0	6.0	0.0	0.0	0.0	6.0	0.0	0.0	0.0	2.0	4.0	0.0	6.0	0.0	0.0	0.0	0.0	0.0	0.0	0.0	0.0
SRR8743923	0.0	16647.0	114.0	8283.0	27.0	20.0	138.0	0.0	0.0	9242.0	3.0	0.0	0.0	0.0	0.0	0.0	0.0	0.0	2.0	0.0	0.0	6.0	0.0	0.0	0.0	0.0	0.0	0.0	0.0	0.0
SRR8743924	4.0	3476.0	745.0	4298.0	307.0	641.0	959.0	12.0	30.0	326.0	54.0	24.0	0.0	0.0	0.0	5.0	0.0	5.0	15.0	3.0	0.0	0.0	0.0	0.0	0.0	0.0	0.0	0.0	0.0	0.0
SRR8743927	18.0	8284.0	811.0	3764.0	195.0	542.0	1174.0	17.0	38.0	2584.0	81.0	4.0	4.0	7.0	5.0	0.0	2.0	0.0	6.0	0.0	0.0	17.0	3.0	0.0	0.0	0.0	0.0	0.0	0.0	0.0
SRR8743928	71.0	7873.0	3113.0	10426.0	460.0	797.0	2328.0	34.0	55.0	1502.0	206.0	76.0	10.0	0.0	48.0	0.0	0.0	0.0	0.0	0.0	0.0	0.0	0.0	0.0	0.0	0.0	0.0	0.0	0.0	0.0
SRR8743931	31.0	6261.0	1132.0	3149.0	129.0	795.0	1656.0	14.0	11.0	1322.0	105.0	26.0	4.0	5.0	6.0	0.0	0.0	2.0	16.0	0.0	0.0	0.0	0.0	0.0	0.0	0.0	0.0	0.0	0.0	0.0
SRR8743932	22.0	11703.0	804.0	5454.0	186.0	287.0	978.0	0.0	16.0	3106.0	74.0	34.0	3.0	0.0	7.0	12.0	0.0	3.0	15.0	0.0	0.0	60.0	0.0	0.0	0.0	0.0	0.0	0.0	0.0	0.0
SRR8743936	0.0	7920.0	57.0	2907.0	171.0	87.0	320.0	0.0	0.0	3349.0	20.0	11.0	0.0	0.0	0.0	4.0	0.0	0.0	0.0	0.0	0.0	72.0	0.0	0.0	0.0	0.0	0.0	0.0	0.0	0.0
SRR8743939	0.0	8008.0	2166.0	10543.0	572.0	1950.0	2393.0	20.0	117.0	750.0	276.0	36.0	0.0	41.0	41.0	0.0	0.0	0.0	0.0	0.0	0.0	0.0	0.0	0.0	0.0	0.0	0.0	0.0	0.0	0.0
SRR8743941	3.0	12626.0	229.0	12113.0	198.0	57.0	502.0	0.0	0.0	6213.0	37.0	16.0	0.0	0.0	0.0	0.0	0.0	3.0	8.0	0.0	0.0	0.0	0.0	0.0	0.0	0.0	0.0	0.0	0.0	0.0
SRR8743942	8.0	7115.0	1893.0	10094.0	596.0	1055.0	1737.0	13.0	104.0	1680.0	162.0	39.0	0.0	45.0	24.0	0.0	0.0	11.0	9.0	5.0	0.0	0.0	0.0	0.0	0.0	2.0	0.0	0.0	0.0	0.0
SRR8743943	79.0	7156.0	902.0	3307.0	249.0	162.0	1328.0	40.0	17.0	1317.0	111.0	0.0	0.0	12.0	33.0	0.0	0.0	0.0	0.0	0.0	0.0	0.0	0.0	0.0	0.0	50.0	0.0	0.0	0.0	0.0
SRR8743984	15.0	8271.0	3512.0	11410.0	721.0	784.0	2126.0	5.0	39.0	661.0	157.0	79.0	0.0	49.0	17.0	0.0	0.0	0.0	4.0	0.0	0.0	5.0	0.0	0.0	0.0	0.0	0.0	0.0	0.0	0.0
SRR8743986	28.0	8209.0	1687.0	9021.0	179.0	269.0	839.0	7.0	6.0	2779.0	78.0	37.0	0.0	2.0	18.0	0.0	0.0	0.0	0.0	0.0	0.0	0.0	0.0	0.0	0.0	0.0	0.0	0.0	0.0	0.0
SRR8743989	0.0	6816.0	457.0	4782.0	210.0	159.0	361.0	5.0	5.0	2859.0	43.0	11.0	0.0	2.0	0.0	0.0	0.0	5.0	0.0	0.0	0.0	59.0	0.0	0.0	0.0	0.0	0.0	0.0	0.0	0.0
SRR8744008	36.0	11087.0	3212.0	15510.0	435.0	526.0	3031.0	7.0	40.0	1167.0	103.0	59.0	0.0	0.0	21.0	0.0	0.0	0.0	12.0	0.0	0.0	0.0	0.0	0.0	0.0	0.0	0.0	0.0	0.0	0.0
SRR8744009	11.0	11702.0	648.0	4799.0	219.0	333.0	696.0	15.0	47.0	6143.0	86.0	26.0	8.0	3.0	0.0	0.0	6.0	0.0	0.0	4.0	0.0	47.0	0.0	0.0	0.0	0.0	0.0	0.0	0.0	0.0
SRR8744013	0.0	8188.0	801.0	5283.0	276.0	306.0	910.0	0.0	19.0	2377.0	88.0	0.0	0.0	0.0	2.0	6.0	0.0	0.0	0.0	0.0	0.0	354.0	0.0	0.0	0.0	0.0	0.0	0.0	0.0	0.0
SRR8744022	0.0	6673.0	364.0	5996.0	186.0	145.0	562.0	3.0	12.0	3261.0	19.0	17.0	0.0	0.0	7.0	0.0	0.0	6.0	0.0	0.0	0.0	0.0	3.0	0.0	0.0	0.0	0.0	0.0	0.0	0.0
SRR8744024	22.0	3403.0	1756.0	5061.0	181.0	383.0	1312.0	0.0	19.0	417.0	56.0	45.0	4.0	0.0	13.0	0.0	0.0	0.0	9.0	0.0	0.0	0.0	0.0	0.0	0.0	0.0	0.0	0.0	0.0	0.0
SRR8744027	16.0	8466.0	1113.0	4055.0	264.0	85.0	385.0	6.0	0.0	6018.0	133.0	17.0	0.0	0.0	0.0	68.0	0.0	0.0	7.0	0.0	0.0	0.0	0.0	0.0	0.0	0.0	0.0	0.0	0.0	0.0
SRR8744033	46.0	5341.0	2428.0	5103.0	244.0	887.0	1451.0	7.0	0.0	632.0	108.0	42.0	0.0	21.0	61.0	14.0	0.0	0.0	0.0	0.0	0.0	0.0	0.0	0.0	0.0	0.0	0.0	0.0	0.0	0.0
SRR8744037	11.0	7103.0	458.0	2271.0	140.0	216.0	469.0	0.0	16.0	4335.0	17.0	4.0	5.0	0.0	0.0	0.0	0.0	0.0	5.0	0.0	0.0	127.0	0.0	0.0	0.0	0.0	0.0	0.0	0.0	0.0
SRR8744038	6.0	4140.0	558.0	6039.0	100.0	67.0	281.0	0.0	2.0	1106.0	27.0	14.0	0.0	0.0	3.0	0.0	0.0	0.0	4.0	0.0	0.0	0.0	0.0	0.0	0.0	0.0	0.0	0.0	0.0	0.0
SRR8744040	4.0	3434.0	1277.0	4211.0	227.0	469.0	1431.0	0.0	31.0	568.0	104.0	38.0	0.0	0.0	30.0	0.0	0.0	0.0	0.0	0.0	0.0	0.0	0.0	2.0	0.0	0.0	0.0	0.0	0.0	0.0
SRR8744043	78.0	9650.0	2646.0	12903.0	700.0	1650.0	2421.0	14.0	114.0	2314.0	286.0	68.0	17.0	8.0	25.0	0.0	2.0	0.0	16.0	0.0	0.0	0.0	0.0	5.0	0.0	0.0	0.0	0.0	0.0	0.0
SRR8744044	5.0	8633.0	2515.0	13415.0	654.0	2051.0	3068.0	24.0	71.0	990.0	242.0	67.0	12.0	7.0	52.0	0.0	0.0	9.0	2.0	0.0	9.0	0.0	0.0	0.0	0.0	0.0	0.0	0.0	0.0	0.0
SRR8744047	11.0	5388.0	1580.0	8184.0	424.0	1154.0	1531.0	13.0	52.0	558.0	222.0	36.0	5.0	16.0	16.0	7.0	2.0	0.0	14.0	0.0	15.0	0.0	0.0	0.0	6.0	0.0	0.0	0.0	0.0	0.0
SRR8744049	7.0	11994.0	2173.0	8107.0	381.0	406.0	795.0	28.0	17.0	3271.0	78.0	40.0	13.0	10.0	0.0	32.0	8.0	7.0	4.0	0.0	0.0	13.0	0.0	0.0	0.0	0.0	0.0	0.0	0.0	0.0
SRR8744050	0.0	7262.0	229.0	6394.0	46.0	140.0	487.0	0.0	0.0	3816.0	31.0	23.0	3.0	0.0	4.0	0.0	0.0	0.0	0.0	0.0	0.0	0.0	0.0	0.0	0.0	0.0	0.0	0.0	0.0	0.0
SRR8744052	0.0	4134.0	491.0	10440.0	64.0	31.0	392.0	0.0	0.0	476.0	18.0	7.0	0.0	0.0	7.0	0.0	0.0	0.0	6.0	0.0	0.0	0.0	0.0	0.0	0.0	0.0	0.0	0.0	0.0	0.0
SRR8744053	8.0	9634.0	4338.0	15924.0	445.0	1335.0	2943.0	26.0	73.0	1363.0	214.0	120.0	12.0	9.0	53.0	25.0	0.0	0.0	0.0	0.0	0.0	0.0	0.0	0.0	0.0	0.0	0.0	0.0	0.0	0.0
SRR8744054	12.0	5231.0	640.0	5354.0	157.0	393.0	719.0	9.0	4.0	2159.0	27.0	11.0	3.0	0.0	15.0	0.0	0.0	2.0	0.0	0.0	0.0	0.0	0.0	0.0	0.0	0.0	0.0	0.0	0.0	0.0
SRR8744055	59.0	10961.0	534.0	4420.0	207.0	266.0	635.0	3.0	0.0	3668.0	86.0	26.0	2.0	2.0	0.0	0.0	0.0	0.0	12.0	0.0	0.0	108.0	0.0	0.0	0.0	0.0	0.0	0.0	0.0	0.0
SRR8744056	0.0	4687.0	55.0	2450.0	0.0	45.0	132.0	0.0	0.0	3696.0	0.0	0.0	0.0	0.0	0.0	0.0	0.0	0.0	4.0	0.0	0.0	0.0	0.0	0.0	0.0	0.0	0.0	0.0	0.0	0.0
SRR8744057	6.0	8296.0	2664.0	11681.0	732.0	1484.0	2498.0	16.0	67.0	541.0	198.0	53.0	4.0	36.0	27.0	0.0	0.0	0.0	14.0	10.0	0.0	0.0	0.0	0.0	0.0	0.0	0.0	0.0	0.0	0.0
SRR8744058	21.0	9070.0	2462.0	8519.0	229.0	413.0	1231.0	16.0	35.0	2032.0	92.0	42.0	4.0	0.0	29.0	0.0	0.0	0.0	9.0	0.0	0.0	0.0	0.0	0.0	0.0	0.0	0.0	0.0	0.0	0.0
SRR8744060	49.0	15630.0	6513.0	32831.0	866.0	2087.0	4702.0	40.0	128.0	1362.0	264.0	176.0	0.0	11.0	49.0	0.0	0.0	10.0	11.0	3.0	0.0	0.0	0.0	0.0	0.0	0.0	0.0	0.0	0.0	0.0
SRR8744062	43.0	10126.0	4224.0	10760.0	838.0	1124.0	2050.0	12.0	35.0	974.0	156.0	56.0	7.0	103.0	44.0	33.0	0.0	0.0	11.0	2.0	0.0	4.0	0.0	0.0	0.0	0.0	0.0	0.0	0.0	0.0
SRR8744071	16.0	9979.0	1844.0	8109.0	280.0	268.0	686.0	7.0	0.0	5008.0	32.0	25.0	5.0	7.0	22.0	37.0	0.0	0.0	0.0	0.0	0.0	8.0	0.0	0.0	0.0	0.0	0.0	0.0	0.0	0.0
SRR8744072	56.0	6503.0	1498.0	6846.0	500.0	988.0	1580.0	3.0	58.0	807.0	184.0	32.0	6.0	51.0	18.0	0.0	2.0	0.0	28.0	0.0	0.0	0.0	0.0	0.0	5.0	0.0	0.0	0.0	0.0	0.0
SRR8744075	135.0	8375.0	2407.0	10927.0	745.0	2169.0	2902.0	37.0	119.0	670.0	223.0	37.0	11.0	118.0	39.0	0.0	5.0	0.0	10.0	5.0	0.0	0.0	0.0	0.0	12.0	0.0	0.0	0.0	0.0	0.0
SRR8744076	37.0	20266.0	7930.0	34646.0	1111.0	2562.0	6030.0	41.0	151.0	2025.0	237.0	187.0	16.0	20.0	108.0	55.0	3.0	0.0	23.0	4.0	0.0	0.0	0.0	0.0	0.0	0.0	0.0	0.0	0.0	0.0
SRR8744077	229.0	25640.0	11407.0	22846.0	1349.0	3478.0	7354.0	52.0	190.0	3110.0	686.0	258.0	0.0	72.0	117.0	79.0	13.0	18.0	24.0	0.0	0.0	6.0	0.0	0.0	0.0	0.0	0.0	0.0	0.0	0.0
SRR8744078	0.0	11932.0	362.0	13340.0	119.0	242.0	646.0	8.0	24.0	4760.0	66.0	13.0	2.0	0.0	4.0	0.0	0.0	0.0	11.0	0.0	0.0	3.0	0.0	0.0	0.0	0.0	0.0	0.0	0.0	0.0
SRR8744087	47.0	11915.0	3574.0	22108.0	397.0	591.0	1836.0	43.0	44.0	1874.0	141.0	119.0	7.0	0.0	9.0	0.0	0.0	0.0	7.0	0.0	0.0	0.0	0.0	0.0	0.0	0.0	0.0	0.0	0.0	0.0
SRR8744088	6.0	5306.0	972.0	4532.0	95.0	247.0	430.0	0.0	3.0	2101.0	69.0	0.0	0.0	7.0	4.0	3.0	0.0	0.0	3.0	0.0	0.0	9.0	0.0	0.0	0.0	0.0	0.0	0.0	0.0	0.0
SRR8744090	104.0	8864.0	2484.0	13284.0	785.0	2128.0	2633.0	22.0	142.0	1154.0	360.0	37.0	21.0	21.0	29.0	0.0	0.0	14.0	15.0	0.0	9.0	0.0	0.0	0.0	0.0	0.0	0.0	0.0	0.0	0.0
SRR8744093	39.0	11005.0	5237.0	13492.0	705.0	1924.0	3255.0	15.0	80.0	1274.0	204.0	105.0	5.0	18.0	62.0	37.0	0.0	4.0	26.0	5.0	0.0	0.0	0.0	3.0	0.0	0.0	0.0	0.0	0.0	0.0
SRR8744096	29.0	11303.0	3235.0	14312.0	913.0	2678.0	3488.0	39.0	248.0	1517.0	394.0	52.0	5.0	0.0	49.0	9.0	0.0	16.0	39.0	0.0	0.0	14.0	0.0	0.0	0.0	0.0	0.0	0.0	0.0	0.0
SRR8744097	71.0	11655.0	4306.0	18370.0	523.0	1281.0	3701.0	26.0	44.0	1175.0	224.0	52.0	0.0	0.0	70.0	24.0	0.0	0.0	15.0	0.0	0.0	0.0	0.0	0.0	0.0	0.0	0.0	0.0	0.0	0.0
SRR8744099	29.0	7888.0	3728.0	11134.0	408.0	953.0	2929.0	3.0	49.0	1068.0	174.0	44.0	0.0	6.0	26.0	23.0	0.0	0.0	0.0	0.0	0.0	0.0	3.0	0.0	0.0	0.0	0.0	0.0	0.0	0.0
SRR8744102	76.0	8659.0	2307.0	12805.0	599.0	2232.0	2484.0	33.0	109.0	1260.0	262.0	48.0	11.0	0.0	38.0	7.0	0.0	0.0	88.0	5.0	0.0	0.0	0.0	0.0	4.0	0.0	2.0	0.0	0.0	0.0
SRR8744103	575.0	59662.0	14777.0	69991.0	6303.0	14318.0	16220.0	70.0	809.0	6237.0	2283.0	356.0	36.0	216.0	207.0	35.0	10.0	0.0	127.0	10.0	17.0	67.0	24.0	15.0	13.0	0.0	0.0	0.0	0.0	0.0
SRR8744117	0.0	5133.0	652.0	6623.0	116.0	60.0	371.0	0.0	0.0	1358.0	20.0	16.0	0.0	0.0	0.0	15.0	0.0	0.0	0.0	0.0	0.0	0.0	0.0	0.0	0.0	0.0	0.0	0.0	0.0	0.0
SRR8744121	13.0	12107.0	3248.0	12684.0	990.0	2660.0	2992.0	28.0	172.0	1497.0	369.0	48.0	0.0	36.0	49.0	0.0	2.0	0.0	26.0	0.0	0.0	40.0	0.0	7.0	0.0	0.0	0.0	0.0	0.0	0.0
SRR8744122	0.0	7938.0	462.0	9286.0	153.0	221.0	654.0	0.0	18.0	3973.0	35.0	10.0	0.0	0.0	0.0	2.0	0.0	0.0	0.0	0.0	9.0	0.0	0.0	0.0	0.0	0.0	0.0	0.0	0.0	0.0
SRR8744123	6.0	5042.0	1201.0	6028.0	296.0	1140.0	1493.0	11.0	57.0	464.0	199.0	35.0	9.0	2.0	0.0	4.0	0.0	0.0	7.0	0.0	0.0	0.0	0.0	0.0	0.0	0.0	0.0	0.0	0.0	0.0
SRR8744124	31.0	12018.0	3911.0	16794.0	981.0	2974.0	4206.0	24.0	193.0	1242.0	363.0	55.0	5.0	36.0	27.0	0.0	3.0	6.0	0.0	0.0	15.0	10.0	0.0	0.0	0.0	0.0	0.0	0.0	0.0	0.0
SRR8744125	16.0	4229.0	1538.0	12354.0	61.0	286.0	985.0	6.0	22.0	633.0	147.0	47.0	0.0	0.0	0.0	0.0	0.0	0.0	0.0	0.0	0.0	0.0	0.0	0.0	0.0	0.0	0.0	0.0	0.0	0.0
SRR8744126	0.0	3789.0	253.0	6489.0	16.0	44.0	146.0	0.0	0.0	1759.0	0.0	0.0	0.0	0.0	0.0	0.0	0.0	0.0	0.0	0.0	0.0	0.0	0.0	0.0	0.0	0.0	0.0	0.0	0.0	0.0
SRR8744129	14.0	8393.0	668.0	6617.0	354.0	695.0	892.0	3.0	18.0	2624.0	111.0	28.0	2.0	7.0	0.0	0.0	3.0	0.0	0.0	0.0	0.0	18.0	0.0	0.0	0.0	0.0	4.0	0.0	0.0	0.0
SRR8744130	18.0	12637.0	403.0	6887.0	316.0	353.0	482.0	0.0	0.0	7126.0	59.0	12.0	0.0	0.0	10.0	8.0	0.0	0.0	5.0	5.0	0.0	139.0	0.0	0.0	0.0	0.0	0.0	0.0	0.0	0.0
SRR8744132	23.0	8614.0	316.0	4791.0	294.0	160.0	533.0	0.0	0.0	2801.0	50.0	6.0	0.0	11.0	4.0	0.0	0.0	0.0	8.0	0.0	0.0	243.0	0.0	0.0	0.0	0.0	0.0	0.0	0.0	0.0
SRR8744133	3.0	13047.0	16.0	4013.0	124.0	61.0	176.0	0.0	0.0	5357.0	10.0	0.0	0.0	0.0	0.0	0.0	0.0	0.0	0.0	0.0	0.0	0.0	0.0	0.0	0.0	0.0	0.0	0.0	0.0	0.0
SRR8744134	40.0	4532.0	1900.0	4375.0	289.0	797.0	1418.0	16.0	52.0	525.0	103.0	62.0	0.0	56.0	38.0	21.0	0.0	0.0	6.0	0.0	0.0	7.0	0.0	0.0	0.0	0.0	0.0	0.0	0.0	0.0
SRR8744135	27.0	9130.0	1395.0	13432.0	160.0	687.0	1953.0	22.0	55.0	3218.0	129.0	23.0	4.0	7.0	14.0	0.0	0.0	15.0	16.0	6.0	0.0	0.0	0.0	3.0	0.0	0.0	0.0	0.0	0.0	0.0
SRR8744136	31.0	16245.0	6767.0	17833.0	1192.0	1792.0	3787.0	17.0	75.0	1832.0	432.0	84.0	9.0	25.0	30.0	18.0	0.0	0.0	25.0	0.0	0.0	7.0	0.0	0.0	0.0	3.0	0.0	6.0	0.0	0.0
SRR8744175	19.0	7440.0	1545.0	6883.0	232.0	990.0	2385.0	0.0	51.0	1298.0	137.0	38.0	0.0	7.0	33.0	13.0	0.0	0.0	11.0	0.0	0.0	9.0	0.0	0.0	0.0	0.0	0.0	0.0	0.0	0.0
SRR8744176	8.0	3868.0	803.0	5791.0	17.0	134.0	579.0	0.0	11.0	683.0	16.0	32.0	6.0	2.0	0.0	0.0	0.0	0.0	0.0	0.0	0.0	0.0	0.0	0.0	0.0	0.0	0.0	0.0	0.0	0.0
SRR8744177	32.0	8697.0	2547.0	11798.0	282.0	588.0	1555.0	6.0	11.0	2028.0	51.0	76.0	0.0	0.0	44.0	33.0	0.0	0.0	9.0	0.0	0.0	0.0	0.0	0.0	0.0	0.0	0.0	0.0	0.0	0.0
SRR8744179	12.0	4941.0	1108.0	18012.0	142.0	154.0	883.0	13.0	7.0	301.0	18.0	65.0	5.0	0.0	6.0	7.0	0.0	0.0	0.0	0.0	0.0	0.0	0.0	0.0	0.0	0.0	0.0	0.0	0.0	0.0
SRR8744184	8.0	3190.0	1483.0	4134.0	198.0	433.0	1181.0	6.0	23.0	235.0	37.0	27.0	0.0	12.0	26.0	0.0	0.0	0.0	0.0	0.0	0.0	0.0	0.0	0.0	0.0	0.0	0.0	0.0	0.0	0.0
SRR8744185	14.0	6258.0	1755.0	7198.0	416.0	1323.0	1794.0	9.0	76.0	633.0	149.0	46.0	6.0	14.0	12.0	0.0	4.0	6.0	13.0	0.0	0.0	0.0	0.0	0.0	4.0	0.0	0.0	0.0	0.0	0.0
SRR8744186	91.0	10170.0	2226.0	12068.0	635.0	1764.0	2430.0	14.0	98.0	856.0	230.0	41.0	0.0	0.0	13.0	0.0	0.0	0.0	21.0	0.0	4.0	25.0	0.0	0.0	0.0	0.0	0.0	0.0	0.0	0.0
SRR8744188	2.0	3794.0	1553.0	13065.0	199.0	493.0	2181.0	8.0	19.0	273.0	80.0	47.0	0.0	0.0	10.0	0.0	0.0	0.0	0.0	0.0	0.0	0.0	0.0	0.0	0.0	0.0	0.0	0.0	0.0	0.0
SRR8744190	12.0	6721.0	1389.0	5513.0	150.0	249.0	750.0	0.0	0.0	1270.0	53.0	13.0	2.0	0.0	6.0	19.0	0.0	0.0	4.0	0.0	0.0	0.0	0.0	0.0	0.0	0.0	0.0	0.0	0.0	0.0
SRR8744191	73.0	14257.0	2759.0	14698.0	933.0	3026.0	2971.0	119.0	129.0	1629.0	523.0	163.0	17.0	50.0	60.0	7.0	15.0	7.0	39.0	32.0	0.0	46.0	0.0	0.0	6.0	0.0	0.0	0.0	0.0	0.0
SRR8744192	144.0	18624.0	4946.0	26257.0	1412.0	3912.0	5703.0	19.0	286.0	1923.0	560.0	151.0	19.0	15.0	55.0	7.0	7.0	0.0	41.0	0.0	9.0	17.0	0.0	0.0	0.0	0.0	0.0	0.0	0.0	0.0
SRR8744214	15.0	5640.0	819.0	3020.0	207.0	432.0	937.0	8.0	33.0	1046.0	111.0	34.0	0.0	18.0	11.0	0.0	0.0	0.0	4.0	0.0	0.0	33.0	0.0	0.0	0.0	0.0	0.0	0.0	0.0	0.0
SRR8744215	0.0	7403.0	187.0	4806.0	130.0	116.0	381.0	3.0	0.0	4548.0	10.0	0.0	0.0	0.0	0.0	0.0	0.0	0.0	0.0	0.0	0.0	11.0	0.0	0.0	0.0	0.0	0.0	0.0	0.0	0.0
SRR8744218	2.0	5818.0	383.0	5840.0	194.0	296.0	630.0	0.0	12.0	2326.0	39.0	18.0	7.0	0.0	12.0	0.0	0.0	0.0	0.0	0.0	0.0	0.0	0.0	0.0	0.0	0.0	0.0	0.0	0.0	0.0
SRR8744219	21.0	28637.0	71.0	2020.0	468.0	35.0	249.0	0.0	0.0	2089.0	26.0	11.0	0.0	0.0	0.0	0.0	0.0	0.0	0.0	0.0	0.0	310.0	0.0	0.0	0.0	0.0	0.0	0.0	0.0	0.0
SRR8744220	169.0	27318.0	11952.0	29410.0	1355.0	4363.0	6544.0	51.0	166.0	5188.0	590.0	155.0	30.0	65.0	214.0	79.0	0.0	0.0	66.0	5.0	0.0	9.0	0.0	0.0	0.0	0.0	0.0	0.0	0.0	0.0
SRR8744221	21.0	7935.0	1767.0	9823.0	155.0	409.0	1138.0	4.0	10.0	1392.0	43.0	24.0	4.0	0.0	0.0	0.0	0.0	0.0	0.0	0.0	0.0	0.0	0.0	0.0	0.0	0.0	0.0	0.0	0.0	0.0
SRR8744231	0.0	4497.0	1022.0	10111.0	63.0	114.0	795.0	0.0	15.0	516.0	7.0	15.0	0.0	0.0	9.0	0.0	0.0	3.0	0.0	0.0	0.0	0.0	0.0	0.0	0.0	0.0	0.0	0.0	0.0	0.0
SRR8744235	0.0	4013.0	600.0	7826.0	31.0	61.0	400.0	0.0	0.0	904.0	19.0	3.0	0.0	0.0	0.0	0.0	0.0	0.0	0.0	0.0	0.0	0.0	0.0	0.0	0.0	0.0	0.0	0.0	0.0	0.0
SRR8744237	8.0	7990.0	1635.0	12569.0	243.0	228.0	729.0	4.0	0.0	2356.0	25.0	42.0	0.0	0.0	30.0	0.0	0.0	0.0	9.0	7.0	0.0	0.0	0.0	0.0	0.0	0.0	0.0	0.0	0.0	0.0
SRR8744238	132.0	16248.0	6981.0	18372.0	937.0	2006.0	4310.0	27.0	76.0	2329.0	314.0	124.0	15.0	46.0	58.0	41.0	0.0	0.0	16.0	0.0	0.0	11.0	8.0	0.0	0.0	0.0	0.0	0.0	0.0	0.0
SRR8744239	105.0	11062.0	4194.0	10831.0	719.0	1104.0	2470.0	16.0	29.0	2417.0	221.0	39.0	0.0	42.0	6.0	19.0	0.0	0.0	44.0	0.0	0.0	6.0	0.0	0.0	0.0	0.0	0.0	0.0	0.0	0.0
SRR8744241	15.0	12760.0	315.0	10255.0	284.0	306.0	565.0	2.0	2.0	6288.0	40.0	17.0	0.0	0.0	0.0	0.0	0.0	0.0	0.0	0.0	0.0	0.0	0.0	0.0	0.0	0.0	0.0	0.0	0.0	0.0
SRR8744246	54.0	9942.0	3135.0	10083.0	386.0	1204.0	2547.0	23.0	48.0	1591.0	181.0	100.0	0.0	0.0	51.0	2.0	0.0	0.0	0.0	0.0	0.0	0.0	0.0	0.0	0.0	0.0	0.0	0.0	0.0	0.0
SRR8744247	21.0	7735.0	3901.0	15552.0	347.0	1020.0	3064.0	10.0	37.0	508.0	94.0	75.0	3.0	0.0	34.0	17.0	0.0	0.0	0.0	0.0	0.0	0.0	0.0	0.0	0.0	0.0	0.0	0.0	0.0	0.0
SRR8744248	32.0	9674.0	2484.0	7895.0	391.0	543.0	1325.0	13.0	16.0	3038.0	62.0	38.0	0.0	10.0	7.0	33.0	0.0	0.0	0.0	7.0	5.0	6.0	0.0	0.0	0.0	0.0	0.0	0.0	0.0	0.0
SRR8744249	106.0	24847.0	2303.0	16842.0	627.0	1913.0	3609.0	18.0	134.0	703.0	168.0	48.0	14.0	2.0	26.0	0.0	0.0	8.0	12.0	0.0	0.0	0.0	0.0	0.0	0.0	0.0	0.0	0.0	0.0	0.0
SRR8744251	10.0	4265.0	798.0	6643.0	47.0	119.0	305.0	0.0	0.0	499.0	14.0	16.0	0.0	0.0	0.0	11.0	0.0	0.0	0.0	0.0	0.0	0.0	0.0	0.0	0.0	0.0	0.0	0.0	0.0	0.0
SRR8744252	2.0	6224.0	2665.0	10050.0	296.0	443.0	2381.0	4.0	33.0	679.0	167.0	53.0	7.0	0.0	5.0	0.0	0.0	0.0	0.0	0.0	0.0	0.0	0.0	0.0	0.0	0.0	0.0	0.0	0.0	0.0
SRR8744253	3.0	4755.0	833.0	8653.0	53.0	102.0	959.0	0.0	0.0	420.0	7.0	23.0	0.0	0.0	0.0	0.0	0.0	0.0	0.0	0.0	0.0	0.0	0.0	0.0	0.0	0.0	0.0	0.0	0.0	0.0
SRR8744254	126.0	14799.0	6165.0	20878.0	959.0	1445.0	3190.0	20.0	28.0	1801.0	333.0	96.0	6.0	70.0	43.0	37.0	9.0	3.0	30.0	2.0	0.0	7.0	0.0	0.0	0.0	0.0	0.0	0.0	0.0	0.0
SRR8744255	46.0	11999.0	1190.0	10552.0	338.0	664.0	1545.0	11.0	23.0	4790.0	105.0	19.0	0.0	0.0	12.0	0.0	0.0	0.0	10.0	0.0	0.0	0.0	0.0	0.0	0.0	0.0	0.0	0.0	0.0	0.0
SRR8744257	15.0	11949.0	3402.0	14699.0	1023.0	2524.0	3068.0	27.0	200.0	1434.0	351.0	52.0	3.0	33.0	47.0	3.0	0.0	0.0	15.0	0.0	0.0	0.0	0.0	0.0	3.0	0.0	0.0	0.0	0.0	0.0
SRR8744258	129.0	25049.0	11742.0	35319.0	1531.0	2814.0	7585.0	49.0	201.0	3128.0	545.0	267.0	13.0	6.0	148.0	47.0	0.0	5.0	0.0	3.0	0.0	0.0	0.0	0.0	0.0	0.0	0.0	0.0	0.0	0.0
SRR8744260	38.0	7448.0	3756.0	6080.0	486.0	1126.0	2059.0	14.0	15.0	889.0	275.0	45.0	0.0	83.0	53.0	0.0	0.0	0.0	6.0	0.0	0.0	0.0	0.0	0.0	0.0	0.0	0.0	0.0	0.0	0.0
SRR8744263	27.0	4841.0	1250.0	6702.0	311.0	959.0	1529.0	0.0	6.0	384.0	104.0	26.0	9.0	9.0	14.0	0.0	0.0	0.0	10.0	4.0	13.0	0.0	0.0	0.0	0.0	0.0	0.0	0.0	0.0	0.0
SRR8744264	45.0	2945.0	942.0	4118.0	303.0	781.0	1220.0	9.0	54.0	297.0	24.0	26.0	6.0	0.0	0.0	0.0	0.0	9.0	0.0	0.0	0.0	0.0	0.0	0.0	0.0	0.0	0.0	0.0	0.0	0.0
SRR8744265	54.0	12180.0	3538.0	15270.0	1034.0	3225.0	2972.0	20.0	180.0	1469.0	400.0	130.0	16.0	96.0	0.0	15.0	3.0	0.0	39.0	4.0	10.0	0.0	0.0	11.0	5.0	0.0	0.0	0.0	0.0	0.0
SRR8744269	0.0	4608.0	326.0	7932.0	31.0	56.0	259.0	0.0	0.0	909.0	9.0	33.0	0.0	0.0	9.0	0.0	0.0	0.0	0.0	0.0	0.0	0.0	0.0	0.0	0.0	0.0	0.0	0.0	0.0	0.0
SRR8744270	4.0	7567.0	1631.0	5410.0	203.0	301.0	865.0	5.0	8.0	2796.0	89.0	41.0	0.0	0.0	0.0	46.0	0.0	0.0	4.0	0.0	0.0	8.0	0.0	0.0	0.0	0.0	0.0	0.0	0.0	0.0
SRR8744271	4.0	7792.0	30.0	5138.0	45.0	65.0	91.0	0.0	0.0	7995.0	0.0	0.0	0.0	0.0	0.0	0.0	0.0	0.0	0.0	0.0	0.0	0.0	0.0	0.0	0.0	0.0	0.0	0.0	0.0	0.0
SRR8744283	8.0	14542.0	2371.0	8852.0	773.0	291.0	821.0	8.0	9.0	6697.0	160.0	27.0	0.0	4.0	0.0	98.0	0.0	0.0	13.0	0.0	0.0	35.0	0.0	0.0	0.0	0.0	0.0	0.0	0.0	0.0
SRR8744286	5.0	7723.0	2463.0	10013.0	491.0	1407.0	2411.0	11.0	67.0	542.0	218.0	30.0	6.0	46.0	0.0	0.0	0.0	8.0	0.0	0.0	0.0	15.0	0.0	0.0	0.0	0.0	0.0	0.0	0.0	0.0
SRR8744287	4.0	5257.0	1170.0	8973.0	269.0	1179.0	1657.0	15.0	37.0	620.0	209.0	22.0	7.0	2.0	23.0	0.0	0.0	12.0	9.0	0.0	0.0	0.0	0.0	0.0	0.0	0.0	0.0	0.0	0.0	0.0
SRR8744296	0.0	9732.0	455.0	3496.0	172.0	37.0	242.0	0.0	0.0	8623.0	37.0	9.0	0.0	0.0	4.0	0.0	0.0	0.0	5.0	0.0	0.0	0.0	0.0	0.0	0.0	0.0	0.0	0.0	0.0	0.0
SRR8744312	12.0	4110.0	1067.0	4553.0	299.0	928.0	1085.0	21.0	38.0	443.0	115.0	30.0	13.0	42.0	21.0	6.0	0.0	0.0	17.0	0.0	0.0	0.0	0.0	6.0	2.0	0.0	2.0	0.0	0.0	0.0
SRR8744313	0.0	2524.0	1079.0	8068.0	155.0	241.0	1264.0	0.0	0.0	145.0	0.0	35.0	0.0	0.0	10.0	9.0	0.0	4.0	0.0	0.0	0.0	0.0	0.0	0.0	0.0	0.0	0.0	0.0	0.0	0.0
SRR8744327	0.0	7633.0	770.0	6088.0	164.0	488.0	1044.0	4.0	28.0	2906.0	43.0	8.0	4.0	3.0	20.0	0.0	5.0	0.0	2.0	0.0	0.0	21.0	0.0	0.0	0.0	0.0	0.0	0.0	0.0	0.0
SRR8744330	30.0	7941.0	2468.0	11256.0	603.0	1721.0	2298.0	6.0	49.0	586.0	244.0	55.0	3.0	20.0	12.0	0.0	4.0	16.0	24.0	6.0	0.0	27.0	0.0	8.0	4.0	0.0	0.0	0.0	0.0	0.0
SRR8744333	0.0	7327.0	127.0	4515.0	102.0	45.0	152.0	0.0	0.0	4774.0	0.0	0.0	0.0	0.0	4.0	0.0	0.0	0.0	0.0	0.0	0.0	0.0	0.0	0.0	0.0	0.0	0.0	0.0	0.0	0.0
SRR8744336	2.0	11062.0	5415.0	15813.0	611.0	1757.0	3727.0	34.0	78.0	1096.0	364.0	76.0	7.0	19.0	49.0	26.0	0.0	0.0	29.0	0.0	0.0	0.0	0.0	0.0	0.0	0.0	0.0	0.0	0.0	0.0
SRR8744345	0.0	14924.0	4124.0	21499.0	668.0	1528.0	2773.0	16.0	72.0	3696.0	159.0	75.0	5.0	0.0	35.0	15.0	0.0	4.0	11.0	0.0	0.0	0.0	0.0	0.0	0.0	0.0	0.0	0.0	0.0	0.0
SRR8744347	17.0	9502.0	1158.0	4427.0	525.0	390.0	1412.0	12.0	14.0	2323.0	188.0	66.0	5.0	0.0	11.0	0.0	0.0	8.0	12.0	6.0	0.0	146.0	0.0	6.0	0.0	0.0	0.0	0.0	0.0	12.0
SRR8744348	79.0	6905.0	2354.0	11772.0	586.0	1562.0	2885.0	5.0	61.0	520.0	238.0	38.0	13.0	2.0	11.0	0.0	2.0	0.0	0.0	0.0	0.0	0.0	0.0	0.0	0.0	0.0	0.0	0.0	0.0	0.0
SRR8744349	0.0	6507.0	1735.0	8679.0	539.0	1236.0	1780.0	10.0	0.0	598.0	152.0	27.0	0.0	0.0	4.0	0.0	0.0	0.0	0.0	0.0	0.0	0.0	0.0	0.0	4.0	0.0	0.0	0.0	0.0	0.0
SRR8744350	29.0	4010.0	1866.0	7176.0	170.0	538.0	1875.0	10.0	6.0	343.0	28.0	45.0	0.0	0.0	20.0	0.0	0.0	0.0	0.0	0.0	0.0	0.0	0.0	0.0	0.0	0.0	0.0	0.0	0.0	0.0
SRR8744351	60.0	17445.0	7996.0	18988.0	1095.0	2965.0	4722.0	46.0	142.0	2653.0	452.0	166.0	23.0	42.0	102.0	35.0	0.0	11.0	35.0	0.0	3.0	0.0	0.0	0.0	0.0	0.0	0.0	0.0	0.0	0.0
SRR8744355	161.0	19354.0	9345.0	18682.0	1375.0	3258.0	4856.0	45.0	139.0	3015.0	626.0	165.0	19.0	104.0	129.0	19.0	3.0	0.0	31.0	8.0	0.0	7.0	0.0	0.0	0.0	0.0	0.0	0.0	0.0	0.0
SRR8744356	6.0	3948.0	1093.0	5772.0	250.0	670.0	1506.0	4.0	30.0	429.0	148.0	37.0	0.0	0.0	0.0	0.0	3.0	0.0	0.0	0.0	0.0	0.0	0.0	0.0	0.0	0.0	0.0	0.0	0.0	0.0
SRR8744357	3.0	12174.0	3595.0	14662.0	912.0	2921.0	3727.0	19.0	249.0	1858.0	514.0	102.0	30.0	10.0	74.0	0.0	23.0	21.0	0.0	5.0	0.0	0.0	0.0	0.0	0.0	0.0	0.0	0.0	0.0	0.0
SRR8744358	163.0	13944.0	3922.0	15898.0	1180.0	3501.0	3776.0	29.0	199.0	1335.0	346.0	66.0	8.0	63.0	29.0	12.0	0.0	16.0	22.0	0.0	0.0	35.0	0.0	3.0	4.0	0.0	0.0	0.0	0.0	0.0
SRR8744359	80.0	12485.0	3388.0	12964.0	820.0	1592.0	2710.0	24.0	87.0	1197.0	337.0	156.0	14.0	35.0	70.0	20.0	0.0	0.0	24.0	0.0	8.0	12.0	0.0	0.0	0.0	0.0	0.0	0.0	0.0	0.0
SRR8744362	32.0	7224.0	2159.0	5225.0	183.0	390.0	1222.0	13.0	12.0	1742.0	72.0	68.0	0.0	5.0	6.0	8.0	0.0	0.0	0.0	0.0	0.0	13.0	0.0	0.0	0.0	0.0	0.0	0.0	0.0	0.0
SRR8744364	57.0	9082.0	3207.0	14760.0	510.0	1236.0	3119.0	12.0	38.0	1102.0	212.0	76.0	4.0	0.0	50.0	24.0	0.0	0.0	0.0	0.0	0.0	0.0	0.0	0.0	0.0	0.0	0.0	0.0	0.0	0.0
SRR8744365	7.0	7257.0	3074.0	12271.0	353.0	468.0	2422.0	21.0	36.0	926.0	86.0	46.0	0.0	6.0	0.0	13.0	0.0	0.0	5.0	0.0	0.0	0.0	0.0	0.0	0.0	0.0	0.0	0.0	0.0	0.0
SRR8744366	0.0	5725.0	104.0	4257.0	33.0	46.0	215.0	0.0	0.0	4292.0	8.0	7.0	0.0	0.0	0.0	0.0	0.0	0.0	0.0	0.0	0.0	2.0	0.0	0.0	0.0	0.0	0.0	0.0	0.0	0.0
SRR8744367	50.0	7879.0	4086.0	12979.0	451.0	848.0	2955.0	5.0	59.0	813.0	138.0	34.0	10.0	0.0	38.0	29.0	0.0	0.0	2.0	0.0	0.0	0.0	0.0	0.0	0.0	0.0	0.0	0.0	0.0	0.0
SRR8744368	31.0	8354.0	368.0	3243.0	127.0	169.0	508.0	0.0	0.0	3191.0	56.0	8.0	0.0	0.0	0.0	0.0	7.0	0.0	5.0	0.0	0.0	62.0	0.0	3.0	0.0	0.0	0.0	0.0	0.0	0.0
SRR8744370	3.0	9198.0	671.0	5258.0	121.0	93.0	376.0	4.0	7.0	2596.0	23.0	20.0	0.0	0.0	0.0	9.0	0.0	0.0	0.0	0.0	0.0	0.0	0.0	0.0	0.0	0.0	0.0	0.0	0.0	0.0
SRR8744381	6.0	6227.0	520.0	4372.0	242.0	296.0	424.0	2.0	22.0	1595.0	53.0	27.0	0.0	6.0	0.0	0.0	0.0	0.0	0.0	0.0	0.0	17.0	0.0	0.0	3.0	0.0	0.0	0.0	0.0	0.0
SRR8744385	110.0	10536.0	3927.0	8938.0	879.0	2544.0	3826.0	31.0	125.0	1279.0	628.0	67.0	9.0	81.0	0.0	0.0	2.0	0.0	2.0	0.0	17.0	9.0	0.0	0.0	5.0	0.0	0.0	0.0	0.0	0.0
