#SampleID	d__Bacteria;p__Proteobacteria;c__Gammaproteobacteria;o__Gammaproteobacteria_Incertae_Sedis;f__Unknown_Family	d__Bacteria;p__Myxococcota;c__Polyangia;o__Haliangiales;f__Haliangiaceae	d__Bacteria;p__Bacteroidota;c__Bacteroidia;o__Chitinophagales;f__Chitinophagaceae	d__Bacteria;p__Chloroflexi;c__Chloroflexia;o__Kallotenuales;f__AKIW781	d__Bacteria;p__Proteobacteria;c__Gammaproteobacteria;o__Burkholderiales;f__Comamonadaceae	d__Bacteria;p__Proteobacteria;c__Alphaproteobacteria;o__Caulobacterales;f__Caulobacteraceae	d__Bacteria;p__Proteobacteria;c__Gammaproteobacteria;o__Xanthomonadales;f__Rhodanobacteraceae	d__Bacteria;p__Actinobacteriota;c__Actinobacteria;o__Micrococcales;f__Microbacteriaceae	d__Bacteria;p__Actinobacteriota;c__Actinobacteria;o__Frankiales;f__Sporichthyaceae	d__Bacteria;p__Bacteroidota;c__Bacteroidia;o__Cytophagales;f__Microscillaceae	d__Bacteria;p__Verrucomicrobiota;c__Verrucomicrobiae;o__Verrucomicrobiales;f__Verrucomicrobiaceae	d__Bacteria;p__Bacteroidota;c__Bacteroidia;o__Flavobacteriales;f__Cryomorphaceae	d__Bacteria;p__Nitrospirota;c__Nitrospiria;o__Nitrospirales;f__Nitrospiraceae	d__Bacteria;p__Proteobacteria;c__Alphaproteobacteria;o__Acetobacterales;f__Acetobacteraceae	d__Bacteria;p__Bacteroidota;c__Bacteroidia;o__Sphingobacteriales;f__Sphingobacteriaceae	d__Bacteria;p__Cyanobacteria;c__Vampirivibrionia;o__Obscuribacterales;f__Obscuribacteraceae	d__Bacteria;p__Verrucomicrobiota;c__Verrucomicrobiae;o__Pedosphaerales;f__Pedosphaeraceae	d__Bacteria;p__Proteobacteria;c__Alphaproteobacteria;o__Reyranellales;f__Reyranellaceae	d__Bacteria;p__Actinobacteriota;c__Actinobacteria;o__Propionibacteriales;f__Nocardioidaceae	d__Bacteria;p__Verrucomicrobiota;c__Verrucomicrobiae;o__Chthoniobacterales;f__Chthoniobacteraceae	d__Bacteria;p__Chloroflexi;c__Dehalococcoidia;o__S085;f__S085	d__Bacteria;p__Planctomycetota;c__Planctomycetes;o__Gemmatales;f__Gemmataceae	d__Bacteria;p__Proteobacteria;c__Alphaproteobacteria;o__Sphingomonadales;f__Sphingomonadaceae	d__Bacteria;p__Actinobacteriota;c__Thermoleophilia;o__Gaiellales;f__Gaiellaceae	d__Bacteria;p__Actinobacteriota;c__Actinobacteria;o__Corynebacteriales;f__Mycobacteriaceae	d__Bacteria;p__Verrucomicrobiota;c__Chlamydiae;o__Chlamydiales;f__Parachlamydiaceae	d__Bacteria;p__Chloroflexi;c__Chloroflexia;o__Thermomicrobiales;f__JG30-KF-CM45	d__Bacteria;p__Verrucomicrobiota;c__Verrucomicrobiae;o__Opitutales;f__Opitutaceae	d__Bacteria;p__Acidobacteriota;c__Vicinamibacteria;o__Vicinamibacterales;f__uncultured	d__Bacteria;p__Elusimicrobiota;c__Elusimicrobia;o__Lineage_IV;f__Lineage_IV	d__Bacteria;p__Proteobacteria;c__Gammaproteobacteria;o__Steroidobacterales;f__Steroidobacteraceae	d__Bacteria;p__Bacteroidota;c__Bacteroidia;o__Flavobacteriales;f__Flavobacteriaceae	d__Bacteria;p__Myxococcota;c__Polyangia;o__Polyangiales;f__BIrii41	d__Bacteria;p__Cyanobacteria;c__Vampirivibrionia;o__Vampirovibrionales;f__Vampirovibrionaceae	d__Bacteria;p__Proteobacteria;c__Alphaproteobacteria;o__Rhizobiales;f__Rhizobiaceae	d__Bacteria;p__Proteobacteria;c__Alphaproteobacteria;o__Rhodobacterales;f__Rhodobacteraceae	d__Bacteria;p__Proteobacteria;c__Gammaproteobacteria;o__Salinisphaerales;f__Solimonadaceae	d__Bacteria;p__Proteobacteria;c__Gammaproteobacteria;o__Legionellales;f__Legionellaceae	d__Bacteria;p__Proteobacteria;c__Alphaproteobacteria;o__Holosporales;f__Holosporaceae	d__Bacteria;p__Myxococcota;c__Polyangia;o__Polyangiales;f__Polyangiaceae	d__Bacteria;p__Planctomycetota;c__Phycisphaerae;o__Tepidisphaerales;f__WD2101_soil_group	d__Bacteria;p__Proteobacteria;c__Alphaproteobacteria;o__Rhizobiales;f__Labraceae	d__Bacteria;p__Myxococcota;c__Polyangia;o__Blfdi19;f__Blfdi19	d__Bacteria;p__Actinobacteriota;c__Actinobacteria;o__Frankiales;f__uncultured	d__Bacteria;p__Armatimonadota;c__Armatimonadia;o__Armatimonadales;f__Armatimonadales	d__Bacteria;p__Actinobacteriota;c__Actinobacteria;o__Micrococcales;f__Intrasporangiaceae	d__Bacteria;p__Armatimonadota;c__Chthonomonadetes;o__Chthonomonadales;f__Chthonomonadales	d__Bacteria;p__Acidobacteriota;c__Blastocatellia;o__Pyrinomonadales;f__Pyrinomonadaceae	d__Bacteria;p__Planctomycetota;c__Planctomycetes;o__Planctomycetales;f__uncultured	d__Bacteria;p__Bdellovibrionota;c__Bdellovibrionia;o__Bdellovibrionales;f__Bdellovibrionaceae	d__Bacteria;p__Bacteroidota;c__Bacteroidia;o__Flavobacteriales;f__Crocinitomicaceae	d__Bacteria;p__Bacteroidota;c__Bacteroidia;o__Cytophagales;f__Spirosomaceae	d__Bacteria;p__Cyanobacteria;c__Sericytochromatia;o__Sericytochromatia;f__Sericytochromatia	d__Bacteria;p__Bacteroidota;c__Bacteroidia;o__Sphingobacteriales;f__env.OPS_17	d__Bacteria;p__Proteobacteria;c__Gammaproteobacteria;o__Diplorickettsiales;f__Diplorickettsiaceae	d__Bacteria;p__Bdellovibrionota;c__Oligoflexia;o__Silvanigrellales;f__Silvanigrellaceae	d__Bacteria;p__Actinobacteriota;c__Acidimicrobiia;o__IMCC26256;f__IMCC26256	d__Bacteria;p__Planctomycetota;c__vadinHA49;o__vadinHA49;f__vadinHA49	d__Bacteria;p__Planctomycetota;c__Planctomycetes;o__Planctomycetales;f__Rubinisphaeraceae	d__Bacteria;p__Proteobacteria;c__Alphaproteobacteria;o__Rickettsiales;f__Rickettsiaceae	d__Bacteria;p__Chloroflexi;c__Ktedonobacteria;o__C0119;f__C0119	d__Bacteria;p__Actinobacteriota;c__Actinobacteria;o__Frankiales;f__Geodermatophilaceae	d__Bacteria;p__Acidobacteriota;c__Acidobacteriae;o__Subgroup_2;f__Subgroup_2	d__Bacteria;p__Bdellovibrionota;c__Oligoflexia;o__0319-6G20;f__0319-6G20	d__Bacteria;p__Actinobacteriota;c__MB-A2-108;o__MB-A2-108;f__MB-A2-108	d__Bacteria;p__Actinobacteriota;c__Actinobacteria;o__Micrococcales;f__Sanguibacteraceae	d__Bacteria;p__Gemmatimonadota;c__Gemmatimonadetes;o__Gemmatimonadales;f__Gemmatimonadaceae	d__Bacteria;p__Proteobacteria;c__Gammaproteobacteria;o__Pseudomonadales;f__Pseudomonadaceae	d__Bacteria;p__Firmicutes;c__Clostridia;o__Clostridiales;f__Clostridiaceae	d__Bacteria;p__Planctomycetota;c__Planctomycetes;o__Pirellulales;f__Pirellulaceae	d__Bacteria;p__Myxococcota;c__Myxococcia;o__Myxococcales;f__Myxococcaceae	d__Bacteria;p__Chloroflexi;c__Chloroflexia;o__Chloroflexales;f__Roseiflexaceae	d__Bacteria;p__Patescibacteria;c__Saccharimonadia;o__Saccharimonadales;f__LWQ8	d__Bacteria;p__Proteobacteria;c__Gammaproteobacteria;o__Burkholderiales;f__Oxalobacteraceae	d__Bacteria;p__Proteobacteria;c__Gammaproteobacteria;o__Burkholderiales;f__Nitrosomonadaceae	d__Bacteria;p__Chloroflexi;c__Ktedonobacteria;o__Ktedonobacterales;f__Ktedonobacteraceae	d__Bacteria;p__Proteobacteria;c__Gammaproteobacteria;o__Piscirickettsiales;f__Piscirickettsiaceae	d__Bacteria;p__Proteobacteria;c__Alphaproteobacteria;o__Rhodospirillales;f__uncultured	d__Bacteria;p__Proteobacteria;c__Alphaproteobacteria;o__Rhizobiales;f__Rhizobiales_Incertae_Sedis	d__Bacteria;p__Actinobacteriota;c__Acidimicrobiia;o__uncultured;f__uncultured	d__Bacteria;p__Actinobacteriota;c__Actinobacteria;o__Corynebacteriales;f__Nocardiaceae	d__Bacteria;p__Proteobacteria;c__Gammaproteobacteria;o__Enterobacterales;f__Enterobacteriaceae	d__Bacteria;p__Proteobacteria;c__Gammaproteobacteria;o__Burkholderiales;f__A21b	d__Bacteria;p__Actinobacteriota;c__Actinobacteria;o__Kineosporiales;f__Kineosporiaceae	d__Bacteria;p__Verrucomicrobiota;c__Verrucomicrobiae;o__Chthoniobacterales;f__Terrimicrobiaceae	d__Bacteria;p__Myxococcota;c__Polyangia;o__mle1-27;f__mle1-27	d__Bacteria;p__Chloroflexi;c__Chloroflexia;o__Chloroflexales;f__Herpetosiphonaceae	d__Bacteria;p__Myxococcota;c__Polyangia;o__Polyangiales;f__Sandaracinaceae	d__Bacteria;p__Proteobacteria;c__Gammaproteobacteria;o__Xanthomonadales;f__Xanthomonadaceae	d__Bacteria;p__Acidobacteriota;c__Blastocatellia;o__Blastocatellales;f__Blastocatellaceae	d__Bacteria;p__Proteobacteria;c__Alphaproteobacteria;o__Rhizobiales;f__Devosiaceae	d__Bacteria;p__Proteobacteria;c__Alphaproteobacteria;o__Rhizobiales;f__Xanthobacteraceae	d__Bacteria;p__Acidobacteriota;c__Vicinamibacteria;o__Vicinamibacterales;f__Vicinamibacteraceae	d__Bacteria;p__Armatimonadota;c__uncultured;o__uncultured;f__uncultured	d__Bacteria;p__Verrucomicrobiota;c__Verrucomicrobiae;o__Chthoniobacterales;f__Xiphinematobacteraceae	d__Bacteria;p__Fibrobacterota;c__Fibrobacteria;o__Fibrobacterales;f__Fibrobacteraceae	d__Bacteria;p__Proteobacteria;c__Gammaproteobacteria;o__Pseudomonadales;f__Halomonadaceae	d__Bacteria;p__Planctomycetota;c__Phycisphaerae;o__Phycisphaerales;f__Phycisphaeraceae	d__Bacteria;p__Abditibacteriota;c__Abditibacteria;o__Abditibacteriales;f__Abditibacteriaceae	d__Bacteria;p__Proteobacteria;c__Gammaproteobacteria;o__Burkholderiales;f__SC-I-84	d__Bacteria;p__Planctomycetota;c__Planctomycetes;o__Planctomycetales;f__Schlesneriaceae	d__Bacteria;p__Proteobacteria;c__Gammaproteobacteria;o__Burkholderiales;f__Methylophilaceae	d__Bacteria;p__Dependentiae;c__Babeliae;o__Babeliales;f__Babeliales	d__Bacteria;p__Planctomycetota;c__Planctomycetes;o__Isosphaerales;f__Isosphaeraceae	d__Bacteria;p__Actinobacteriota;c__Thermoleophilia;o__Gaiellales;f__uncultured	d__Bacteria;p__Actinobacteriota;c__Actinobacteria;o__Streptomycetales;f__Streptomycetaceae	d__Bacteria;p__Verrucomicrobiota;c__Verrucomicrobiae;o__Verrucomicrobiales;f__Rubritaleaceae	d__Bacteria;p__Firmicutes;c__Bacilli;o__Paenibacillales;f__Paenibacillaceae	d__Bacteria;p__Latescibacterota;c__Latescibacterota;o__Latescibacterota;f__Latescibacterota	d__Bacteria;p__Chloroflexi;c__Anaerolineae;o__SBR1031;f__A4b	d__Bacteria;p__Bacteroidota;c__Bacteroidia;o__Sphingobacteriales;f__AKYH767	d__Bacteria;p__Patescibacteria;c__ABY1;o__Candidatus_Kerfeldbacteria;f__Candidatus_Kerfeldbacteria	d__Bacteria;p__Sumerlaeota;c__Sumerlaeia;o__Sumerlaeales;f__Sumerlaeaceae	d__Bacteria;p__Actinobacteriota;c__Thermoleophilia;o__Solirubrobacterales;f__67-14	d__Bacteria;p__Bacteroidota;c__Bacteroidia;o__Cytophagales;f__Cytophagaceae	d__Bacteria;p__Bacteroidota;c__Bacteroidia;o__Chitinophagales;f__uncultured	d__Bacteria;p__Proteobacteria;c__Alphaproteobacteria;o__Micavibrionales;f__uncultured	d__Bacteria;p__Actinobacteriota;c__Actinobacteria;o__Micrococcales;f__Micrococcaceae	d__Bacteria;p__Patescibacteria;c__Saccharimonadia;o__Saccharimonadales;f__Saccharimonadales	d__Bacteria;p__Spirochaetota;c__Spirochaetia;o__Spirochaetales;f__Spirochaetaceae	d__Bacteria;p__Proteobacteria;c__Alphaproteobacteria;o__Rhizobiales;f__Beijerinckiaceae	d__Bacteria;p__Chloroflexi;c__Anaerolineae;o__Anaerolineales;f__Anaerolineaceae	d__Bacteria;p__Myxococcota;c__Myxococcia;o__Myxococcales;f__27F-1492R	d__Bacteria;p__Proteobacteria;c__Alphaproteobacteria;o__Dongiales;f__Dongiaceae	d__Bacteria;p__Acidobacteriota;c__Acidobacteriae;o__Bryobacterales;f__Bryobacteraceae	d__Bacteria;p__Firmicutes;c__Bacilli;o__Bacillales;f__Planococcaceae	d__Bacteria;p__Proteobacteria;c__Gammaproteobacteria;o__Burkholderiales;f__Burkholderiaceae	d__Bacteria;p__Actinobacteriota;c__Actinobacteria;o__PeM15;f__PeM15	d__Bacteria;p__Myxococcota;c__Polyangia;o__Polyangiales;f__Phaselicystidaceae	d__Bacteria;p__Methylomirabilota;c__Methylomirabilia;o__Rokubacteriales;f__Rokubacteriales	d__Bacteria;p__Proteobacteria;c__Gammaproteobacteria;o__Pseudomonadales;f__Moraxellaceae	d__Bacteria;p__Proteobacteria;c__Alphaproteobacteria;o__Micropepsales;f__Micropepsaceae	d__Bacteria;p__Bacteroidota;c__Bacteroidia;o__Chitinophagales;f__Saprospiraceae	d__Bacteria;p__Actinobacteriota;c__Actinobacteria;o__Propionibacteriales;f__Propionibacteriaceae	d__Bacteria;p__Actinobacteriota;c__Thermoleophilia;o__Solirubrobacterales;f__Solirubrobacteraceae	d__Bacteria;p__Spirochaetota;c__Leptospirae;o__Leptospirales;f__Leptospiraceae	d__Bacteria;p__Bacteroidota;c__Bacteroidia;o__Sphingobacteriales;f__KD3-93	d__Bacteria;p__Armatimonadota;c__Chthonomonadetes;o__Chthonomonadales;f__Chthonomonadaceae	d__Bacteria;p__Dependentiae;c__Babeliae;o__Babeliales;f__Vermiphilaceae	d__Bacteria;p__Proteobacteria;c__Alphaproteobacteria;o__Paracaedibacterales;f__Paracaedibacteraceae	d__Bacteria;p__Proteobacteria;c__Alphaproteobacteria;o__Defluviicoccales;f__uncultured	d__Bacteria;p__Proteobacteria;c__Gammaproteobacteria;o__R7C24;f__R7C24	d__Bacteria;p__Bdellovibrionota;c__Bdellovibrionia;o__Bacteriovoracales;f__Bacteriovoracaceae	d__Bacteria;p__Gemmatimonadota;c__Longimicrobia;o__Longimicrobiales;f__Longimicrobiaceae	d__Bacteria;p__Bacteroidota;c__Bacteroidia;o__Sphingobacteriales;f__FFCH9454	d__Bacteria;p__Acidobacteriota;c__Acidobacteriae;o__Acidobacteriales;f__Acidobacteriaceae_(Subgroup_1)	d__Bacteria;p__Proteobacteria;c__Gammaproteobacteria;o__Burkholderiales;f__Rhodocyclaceae	d__Bacteria;p__Acidobacteriota;c__Acidobacteriae;o__Solibacterales;f__Solibacteraceae	d__Bacteria;p__Myxococcota;c__Polyangia;o__Nannocystales;f__Nannocystaceae	d__Bacteria;p__Actinobacteriota;c__Actinobacteria;o__Micromonosporales;f__Micromonosporaceae	d__Bacteria;p__Verrucomicrobiota;c__Chlamydiae;o__Chlamydiales;f__cvE6	d__Bacteria;p__Actinobacteriota;c__Actinobacteria;o__Pseudonocardiales;f__Pseudonocardiaceae	d__Bacteria;p__Myxococcota;c__Myxococcia;o__Myxococcales;f__Anaeromyxobacteraceae	d__Bacteria;p__Acidobacteriota;c__Vicinamibacteria;o__Subgroup_17;f__Subgroup_17	d__Bacteria;p__Proteobacteria;c__Gammaproteobacteria;o__Pseudomonadales;f__Cellvibrionaceae	d__Bacteria;p__Patescibacteria;c__ABY1;o__Candidatus_Uhrbacteria;f__Candidatus_Uhrbacteria	d__Bacteria;p__Chloroflexi;c__Anaerolineae;o__Caldilineales;f__Caldilineaceae	d__Bacteria;p__Acidobacteriota;c__Holophagae;o__Subgroup_7;f__Subgroup_7	d__Bacteria;p__Verrucomicrobiota;c__Verrucomicrobiae;o__Methylacidiphilales;f__Methylacidiphilaceae	d__Bacteria;p__Acidobacteriota;c__Thermoanaerobaculia;o__Thermoanaerobaculales;f__Thermoanaerobaculaceae	d__Bacteria;p__Acidobacteriota;c__Blastocatellia;o__DS-100;f__DS-100	d__Bacteria;p__Verrucomicrobiota;c__Verrucomicrobiae;o__UA11;f__UA11	d__Bacteria;p__Firmicutes;c__Bacilli;o__Bacillales;f__Bacillaceae	d__Bacteria;p__Acidobacteriota;c__Blastocatellia;o__11-24;f__11-24	d__Bacteria;p__Myxococcota;c__bacteriap25;o__bacteriap25;f__bacteriap25	d__Bacteria;p__Proteobacteria;c__Gammaproteobacteria;o__CHAB-XI-27;f__CHAB-XI-27	d__Bacteria;p__Proteobacteria;c__Gammaproteobacteria;o__Burkholderiales;f__Neisseriaceae	d__Bacteria;p__Dependentiae;c__Babeliae;o__Babeliales;f__Babeliaceae	d__Bacteria;p__Verrucomicrobiota;c__Chlamydiae;o__Chlamydiales;f__Criblamydiaceae	d__Bacteria;p__Proteobacteria;c__Alphaproteobacteria;o__Azospirillales;f__Azospirillaceae	d__Bacteria;p__Proteobacteria;c__Alphaproteobacteria;o__uncultured;f__uncultured	d__Bacteria;p__Verrucomicrobiota;c__Chlamydiae;o__Chlamydiales;f__Simkaniaceae	d__Bacteria;p__Chloroflexi;c__Chloroflexia;o__Thermomicrobiales;f__Thermomicrobiaceae	d__Bacteria;p__Bacteroidota;c__Bacteroidia;o__Cytophagales;f__Amoebophilaceae	d__Bacteria;p__Actinobacteriota;c__Actinobacteria;o__Glycomycetales;f__Glycomycetaceae	d__Bacteria;p__Desulfobacterota;c__uncultured;o__uncultured;f__uncultured	d__Bacteria;p__Bacteroidota;c__Kapabacteria;o__Kapabacteriales;f__Kapabacteriales	d__Bacteria;p__Proteobacteria;c__Alphaproteobacteria;o__Rhizobiales;f__Hyphomicrobiaceae	d__Bacteria;p__Chloroflexi;c__KD4-96;o__KD4-96;f__KD4-96	d__Bacteria;p__Actinobacteriota;c__Acidimicrobiia;o__Microtrichales;f__Microtrichaceae	d__Bacteria;p__Gemmatimonadota;c__S0134_terrestrial_group;o__S0134_terrestrial_group;f__S0134_terrestrial_group	d__Bacteria;p__Actinobacteriota;c__Actinobacteria;o__Micrococcales;f__Cellulomonadaceae	d__Bacteria;p__Patescibacteria;c__Saccharimonadia;o__Saccharimonadales;f__WWH38	d__Bacteria;p__Bdellovibrionota;c__Oligoflexia;o__Oligoflexales;f__Oligoflexaceae	d__Bacteria;p__Patescibacteria;c__Saccharimonadia;o__Saccharimonadales;f__Saccharimonadaceae	d__Bacteria;p__Actinobacteriota;c__Acidimicrobiia;o__Microtrichales;f__Ilumatobacteraceae	d__Bacteria;p__Proteobacteria;c__Alphaproteobacteria;o__Caulobacterales;f__Hyphomonadaceae	d__Bacteria;p__Firmicutes;c__Bacilli;o__Thermoactinomycetales;f__Thermoactinomycetaceae	d__Bacteria;p__Proteobacteria;c__Gammaproteobacteria;o__KF-JG30-C25;f__KF-JG30-C25	d__Bacteria;p__Deinococcota;c__Deinococci;o__Deinococcales;f__Deinococcaceae	d__Bacteria;p__Verrucomicrobiota;c__Verrucomicrobiae;o__Opitutales;f__Puniceicoccaceae	d__Bacteria;p__Proteobacteria;c__Gammaproteobacteria;o__Burkholderiales;f__Chitinimonadaceae	d__Bacteria;p__Proteobacteria;c__Alphaproteobacteria;o__Rickettsiales;f__Rickettsiales	d__Bacteria;p__Actinobacteriota;c__Acidimicrobiia;o__Microtrichales;f__Iamiaceae	d__Bacteria;p__Bacteroidota;c__Bacteroidia;o__Chitinophagales;f__37-13	d__Bacteria;p__Planctomycetota;c__OM190;o__OM190;f__OM190	d__Bacteria;p__Proteobacteria;c__Gammaproteobacteria;o__Burkholderiales;f__Gallionellaceae	d__Bacteria;p__Armatimonadota;c__Fimbriimonadia;o__Fimbriimonadales;f__Fimbriimonadaceae	d__Bacteria;p__Proteobacteria;c__Alphaproteobacteria;o__Rickettsiales;f__AB1	d__Bacteria;p__Chloroflexi;c__Anaerolineae;o__RBG-13-54-9;f__RBG-13-54-9	d__Bacteria;p__Proteobacteria;c__Alphaproteobacteria;o__Rhizobiales;f__Amb-16S-1323	d__Bacteria;p__Cyanobacteria;c__Cyanobacteriia;o__Phormidesmiales;f__Nodosilineaceae	d__Bacteria;p__WPS-2;c__WPS-2;o__WPS-2;f__WPS-2	d__Bacteria;p__Actinobacteriota;c__Actinobacteria;o__Frankiales;f__Frankiaceae	d__Bacteria;p__GAL15;c__GAL15;o__GAL15;f__GAL15	d__Bacteria;p__Proteobacteria;c__Alphaproteobacteria;o__Rhizobiales;f__Kaistiaceae	d__Bacteria;p__Firmicutes;c__Bacilli;o__Lactobacillales;f__Listeriaceae	d__Bacteria;p__Bacteroidota;c__Bacteroidia;o__Sphingobacteriales;f__NS11-12_marine_group	d__Bacteria;p__Proteobacteria;c__Alphaproteobacteria;o__Rhizobiales;f__KF-JG30-B3	d__Bacteria;p__Cyanobacteria;c__Cyanobacteriia;o__Cyanobacteriales;f__Phormidiaceae	d__Bacteria;p__Proteobacteria;c__Alphaproteobacteria;o__Rhizobiales;f__Methyloligellaceae	d__Bacteria;p__Proteobacteria;c__Gammaproteobacteria;o__Burkholderiales;f__Alcaligenaceae	d__Bacteria;p__Chloroflexi;c__TK10;o__TK10;f__TK10	d__Bacteria;p__Acidobacteriota;c__Acidobacteriae;o__Acidobacteriae;f__Acidobacteriae	d__Bacteria;p__Latescibacterota;c__Latescibacteria;o__Latescibacterales;f__Latescibacteraceae	d__Bacteria;p__Bacteroidota;c__Bacteroidia;o__Flavobacteriales;f__Weeksellaceae	d__Bacteria;p__Planctomycetota;c__BD7-11;o__BD7-11;f__BD7-11	d__Bacteria;p__Proteobacteria;c__Gammaproteobacteria;o__PLTA13;f__PLTA13	d__Bacteria;p__Patescibacteria;c__Berkelbacteria;o__Berkelbacteria;f__Berkelbacteria	d__Bacteria;p__Chloroflexi;c__Gitt-GS-136;o__Gitt-GS-136;f__Gitt-GS-136	d__Bacteria;p__Myxococcota;c__Polyangia;o__MSB-4B10;f__MSB-4B10	d__Bacteria;p__Bacteroidota;c__Bacteroidia;o__Cytophagales;f__Hymenobacteraceae	d__Bacteria;p__Chloroflexi;c__Anaerolineae;o__Ardenticatenales;f__Ardenticatenaceae	d__Bacteria;p__Proteobacteria;c__Gammaproteobacteria;o__Coxiellales;f__Coxiellaceae	d__Bacteria;p__Proteobacteria;c__Alphaproteobacteria;o__Rhodospirillales;f__Rhodospirillaceae	d__Bacteria;p__Planctomycetota;c__Phycisphaerae;o__Tepidisphaerales;f__Tepidisphaeraceae	d__Bacteria;p__Proteobacteria;c__Alphaproteobacteria;o__Tistrellales;f__Geminicoccaceae	d__Bacteria;p__Firmicutes;c__Clostridia;o__Lachnospirales;f__Lachnospiraceae	d__Bacteria;p__Bdellovibrionota;c__Oligoflexia;o__053A03-B-DI-P58;f__053A03-B-DI-P58	d__Bacteria;p__Proteobacteria;c__Gammaproteobacteria;o__Burkholderiales;f__Procabacteriaceae	d__Bacteria;p__Chloroflexi;c__OLB14;o__OLB14;f__OLB14	d__Bacteria;p__MBNT15;c__MBNT15;o__MBNT15;f__MBNT15	d__Bacteria;p__Cyanobacteria;c__Cyanobacteriia;o__Cyanobacteriales;f__Nostocaceae	d__Bacteria;p__Actinobacteriota;c__Actinobacteria;o__0319-7L14;f__0319-7L14	d__Bacteria;p__Proteobacteria;c__Alphaproteobacteria;o__Ferrovibrionales;f__Ferrovibrionaceae	d__Bacteria;p__Proteobacteria;c__Alphaproteobacteria;o__Caedibacterales;f__Caedibacteraceae	d__Bacteria;p__Patescibacteria;c__Parcubacteria;o__Parcubacteria;f__Parcubacteria	d__Bacteria;p__Acidobacteriota;c__Subgroup_11;o__Subgroup_11;f__Subgroup_11	d__Bacteria;p__Proteobacteria;c__Alphaproteobacteria;o__Rickettsiales;f__SM2D12	d__Bacteria;p__Planctomycetota;c__Pla3_lineage;o__Pla3_lineage;f__Pla3_lineage
SRR16953348	248.0	16.0	1976.0	0.0	1153.0	98.0	448.0	0.0	0.0	994.0	700.0	0.0	78.0	16.0	57.0	8.0	216.0	76.0	0.0	41.0	0.0	0.0	827.0	0.0	0.0	110.0	0.0	139.0	50.0	26.0	39.0	0.0	85.0	679.0	722.0	377.0	473.0	105.0	0.0	47.0	0.0	0.0	69.0	118.0	0.0	0.0	0.0	29.0	66.0	112.0	391.0	614.0	18.0	1155.0	223.0	0.0	18.0	7.0	78.0	0.0	0.0	0.0	0.0	15.0	0.0	0.0	101.0	20.0	0.0	24.0	33.0	8.0	0.0	877.0	241.0	0.0	0.0	31.0	79.0	0.0	0.0	0.0	0.0	0.0	0.0	28.0	0.0	49.0	191.0	95.0	208.0	187.0	22.0	9.0	0.0	0.0	9.0	0.0	0.0	0.0	0.0	13.0	0.0	0.0	0.0	0.0	190.0	0.0	0.0	16.0	0.0	5.0	0.0	0.0	6.0	0.0	55.0	206.0	4.0	0.0	148.0	0.0	0.0	31.0	0.0	0.0	555.0	0.0	11.0	0.0	25.0	0.0	0.0	0.0	15.0	0.0	63.0	0.0	0.0	12.0	14.0	0.0	8.0	0.0	36.0	0.0	50.0	0.0	0.0	0.0	0.0	0.0	0.0	0.0	413.0	6.0	0.0	66.0	0.0	0.0	0.0	0.0	0.0	0.0	0.0	0.0	0.0	0.0	0.0	39.0	0.0	0.0	0.0	0.0	0.0	0.0	9.0	8.0	0.0	0.0	0.0	0.0	0.0	10.0	0.0	0.0	7.0	0.0	0.0	80.0	0.0	0.0	0.0	7.0	0.0	0.0	0.0	9.0	0.0	0.0	16.0	37.0	17.0	0.0	0.0	0.0	0.0	0.0	0.0	0.0	0.0	0.0	0.0	26.0	0.0	0.0	0.0	0.0	0.0	0.0	0.0	0.0	0.0	0.0	0.0	0.0	0.0	0.0	0.0	0.0	0.0	0.0	0.0	0.0	25.0	0.0	0.0	0.0	0.0	0.0
SRR16953349	42.0	35.0	1016.0	0.0	1743.0	341.0	58.0	175.0	16.0	220.0	796.0	0.0	28.0	0.0	251.0	0.0	193.0	45.0	167.0	1252.0	0.0	38.0	1091.0	0.0	76.0	108.0	0.0	127.0	0.0	21.0	0.0	183.0	0.0	68.0	1137.0	1276.0	752.0	11.0	0.0	52.0	26.0	0.0	99.0	54.0	0.0	20.0	0.0	21.0	40.0	40.0	316.0	263.0	13.0	411.0	394.0	10.0	23.0	214.0	0.0	13.0	0.0	0.0	0.0	21.0	0.0	0.0	169.0	364.0	0.0	17.0	224.0	0.0	73.0	1317.0	50.0	0.0	0.0	0.0	0.0	0.0	198.0	0.0	0.0	0.0	126.0	0.0	0.0	11.0	233.0	22.0	179.0	264.0	8.0	76.0	0.0	13.0	0.0	0.0	29.0	0.0	0.0	33.0	0.0	20.0	0.0	22.0	231.0	0.0	0.0	0.0	0.0	0.0	0.0	0.0	62.0	0.0	3.0	2166.0	0.0	0.0	344.0	0.0	2.0	0.0	10.0	8.0	1174.0	0.0	0.0	0.0	10.0	12.0	0.0	0.0	32.0	0.0	329.0	0.0	14.0	41.0	0.0	0.0	0.0	0.0	20.0	0.0	0.0	0.0	0.0	0.0	0.0	5.0	0.0	0.0	32.0	0.0	0.0	0.0	23.0	0.0	0.0	8.0	0.0	0.0	0.0	0.0	0.0	0.0	0.0	1003.0	0.0	4.0	0.0	0.0	0.0	0.0	0.0	0.0	0.0	0.0	0.0	0.0	0.0	7.0	8.0	0.0	0.0	0.0	0.0	4475.0	0.0	0.0	0.0	0.0	0.0	0.0	55.0	0.0	38.0	0.0	0.0	0.0	150.0	0.0	0.0	45.0	0.0	0.0	0.0	0.0	0.0	11.0	7.0	15.0	0.0	0.0	16.0	0.0	2.0	0.0	19.0	0.0	0.0	0.0	0.0	7.0	0.0	0.0	0.0	0.0	0.0	0.0	0.0	0.0	0.0	0.0	3.0	0.0	0.0	0.0
SRR16953350	12.0	49.0	349.0	0.0	1019.0	194.0	0.0	49.0	0.0	48.0	1501.0	0.0	10.0	0.0	145.0	30.0	181.0	13.0	103.0	567.0	0.0	0.0	723.0	0.0	27.0	50.0	0.0	64.0	61.0	9.0	0.0	55.0	33.0	8.0	503.0	775.0	504.0	0.0	0.0	0.0	9.0	0.0	69.0	66.0	17.0	32.0	0.0	0.0	7.0	43.0	91.0	231.0	74.0	261.0	0.0	0.0	0.0	178.0	0.0	0.0	10.0	0.0	0.0	0.0	0.0	0.0	104.0	282.0	0.0	0.0	25.0	0.0	191.0	308.0	26.0	0.0	0.0	18.0	0.0	0.0	0.0	0.0	0.0	0.0	23.0	8.0	0.0	0.0	75.0	0.0	90.0	101.0	0.0	98.0	41.0	30.0	0.0	0.0	18.0	0.0	0.0	12.0	0.0	0.0	0.0	0.0	10.0	0.0	0.0	0.0	4.0	0.0	10.0	0.0	44.0	0.0	0.0	887.0	0.0	0.0	205.0	0.0	0.0	0.0	11.0	0.0	464.0	0.0	7.0	0.0	0.0	17.0	0.0	0.0	15.0	0.0	253.0	0.0	0.0	0.0	0.0	0.0	0.0	0.0	25.0	0.0	14.0	0.0	0.0	0.0	0.0	0.0	0.0	0.0	100.0	0.0	0.0	22.0	19.0	0.0	0.0	5.0	0.0	0.0	0.0	0.0	11.0	0.0	0.0	15.0	0.0	0.0	0.0	0.0	0.0	0.0	0.0	0.0	0.0	0.0	0.0	0.0	0.0	0.0	0.0	8.0	0.0	0.0	0.0	1064.0	0.0	31.0	0.0	10.0	0.0	0.0	0.0	0.0	0.0	0.0	0.0	0.0	47.0	0.0	0.0	0.0	0.0	0.0	0.0	0.0	0.0	0.0	0.0	0.0	0.0	0.0	0.0	0.0	0.0	0.0	23.0	0.0	0.0	0.0	0.0	0.0	0.0	0.0	0.0	0.0	0.0	0.0	0.0	0.0	0.0	0.0	0.0	0.0	0.0	0.0
SRR16953351	6.0	35.0	240.0	0.0	1662.0	119.0	0.0	43.0	15.0	50.0	722.0	0.0	5.0	9.0	219.0	25.0	118.0	85.0	16.0	682.0	2.0	5.0	415.0	0.0	61.0	84.0	0.0	64.0	59.0	0.0	0.0	13.0	0.0	8.0	495.0	323.0	526.0	0.0	0.0	59.0	3.0	0.0	34.0	62.0	0.0	35.0	6.0	0.0	9.0	133.0	66.0	282.0	0.0	479.0	34.0	0.0	5.0	178.0	0.0	9.0	0.0	0.0	0.0	0.0	0.0	0.0	72.0	969.0	0.0	14.0	33.0	0.0	47.0	720.0	18.0	0.0	0.0	15.0	0.0	0.0	16.0	3.0	0.0	0.0	34.0	32.0	0.0	4.0	113.0	21.0	69.0	136.0	0.0	64.0	0.0	19.0	0.0	0.0	13.0	0.0	0.0	70.0	0.0	2.0	0.0	0.0	0.0	0.0	0.0	0.0	0.0	0.0	0.0	23.0	38.0	0.0	34.0	2800.0	0.0	0.0	302.0	0.0	0.0	0.0	16.0	0.0	106.0	0.0	4.0	0.0	0.0	25.0	0.0	0.0	21.0	0.0	134.0	0.0	0.0	24.0	4.0	0.0	18.0	0.0	13.0	0.0	0.0	0.0	14.0	0.0	0.0	0.0	0.0	0.0	92.0	0.0	0.0	0.0	25.0	0.0	0.0	27.0	0.0	0.0	0.0	0.0	0.0	0.0	0.0	21.0	0.0	0.0	0.0	5.0	0.0	0.0	0.0	0.0	11.0	0.0	0.0	0.0	0.0	0.0	323.0	8.0	0.0	0.0	0.0	720.0	0.0	0.0	0.0	30.0	0.0	0.0	0.0	0.0	0.0	0.0	0.0	0.0	65.0	0.0	0.0	32.0	0.0	0.0	0.0	0.0	0.0	0.0	0.0	0.0	0.0	0.0	0.0	0.0	0.0	0.0	9.0	0.0	0.0	0.0	0.0	0.0	0.0	0.0	0.0	0.0	4.0	0.0	0.0	0.0	0.0	5.0	0.0	0.0	0.0	0.0
SRR16953352	58.0	152.0	3028.0	0.0	4879.0	1462.0	417.0	0.0	16.0	1202.0	2961.0	0.0	249.0	99.0	1508.0	5.0	365.0	179.0	733.0	1113.0	0.0	271.0	3039.0	13.0	68.0	75.0	8.0	310.0	67.0	45.0	111.0	305.0	253.0	0.0	3267.0	1732.0	1134.0	115.0	4.0	29.0	134.0	55.0	62.0	264.0	45.0	307.0	0.0	47.0	123.0	78.0	959.0	1524.0	51.0	1338.0	137.0	0.0	49.0	386.0	13.0	12.0	0.0	0.0	0.0	108.0	0.0	0.0	127.0	445.0	0.0	141.0	320.0	0.0	30.0	1713.0	233.0	0.0	0.0	32.0	196.0	0.0	28.0	0.0	0.0	0.0	51.0	10.0	0.0	23.0	651.0	149.0	436.0	1143.0	64.0	41.0	0.0	32.0	4.0	12.0	8.0	11.0	6.0	25.0	0.0	149.0	0.0	339.0	1269.0	22.0	0.0	18.0	50.0	0.0	0.0	43.0	629.0	5.0	0.0	2060.0	0.0	10.0	2296.0	0.0	0.0	58.0	13.0	0.0	2437.0	0.0	20.0	0.0	26.0	67.0	0.0	0.0	141.0	0.0	203.0	0.0	0.0	11.0	20.0	0.0	0.0	0.0	135.0	49.0	0.0	0.0	7.0	0.0	0.0	128.0	0.0	0.0	89.0	0.0	0.0	40.0	0.0	0.0	0.0	0.0	0.0	0.0	0.0	0.0	0.0	0.0	0.0	180.0	0.0	0.0	0.0	0.0	0.0	0.0	4.0	0.0	30.0	0.0	0.0	0.0	0.0	13.0	23.0	20.0	4.0	42.0	0.0	5006.0	0.0	0.0	0.0	68.0	5.0	4.0	0.0	13.0	0.0	0.0	0.0	0.0	192.0	0.0	0.0	25.0	0.0	0.0	0.0	0.0	0.0	51.0	0.0	22.0	0.0	579.0	45.0	0.0	0.0	0.0	0.0	4.0	0.0	11.0	0.0	0.0	0.0	0.0	0.0	17.0	0.0	0.0	0.0	0.0	0.0	0.0	0.0	0.0	0.0	0.0
SRR16953353	17.0	128.0	770.0	0.0	1502.0	110.0	66.0	5.0	0.0	797.0	1057.0	0.0	10.0	11.0	18.0	0.0	114.0	31.0	51.0	40.0	0.0	31.0	945.0	0.0	0.0	52.0	0.0	43.0	40.0	23.0	0.0	103.0	31.0	0.0	452.0	310.0	430.0	0.0	0.0	0.0	0.0	0.0	90.0	0.0	0.0	19.0	0.0	25.0	96.0	5.0	514.0	129.0	14.0	522.0	10.0	0.0	15.0	103.0	31.0	0.0	0.0	0.0	0.0	8.0	0.0	0.0	45.0	47.0	0.0	21.0	8.0	6.0	0.0	822.0	94.0	0.0	0.0	26.0	41.0	0.0	0.0	0.0	0.0	0.0	0.0	11.0	0.0	5.0	139.0	10.0	51.0	101.0	26.0	9.0	0.0	0.0	9.0	0.0	0.0	0.0	0.0	0.0	0.0	0.0	0.0	0.0	207.0	0.0	0.0	23.0	0.0	0.0	0.0	0.0	0.0	0.0	18.0	329.0	0.0	0.0	147.0	0.0	0.0	8.0	0.0	0.0	282.0	0.0	0.0	0.0	0.0	0.0	0.0	0.0	0.0	0.0	106.0	0.0	0.0	9.0	17.0	0.0	0.0	0.0	0.0	0.0	50.0	0.0	0.0	0.0	0.0	20.0	0.0	0.0	359.0	0.0	0.0	27.0	0.0	7.0	0.0	0.0	0.0	0.0	0.0	0.0	0.0	0.0	0.0	45.0	0.0	4.0	0.0	0.0	0.0	0.0	0.0	0.0	0.0	0.0	0.0	0.0	0.0	0.0	0.0	0.0	0.0	0.0	0.0	295.0	0.0	0.0	0.0	0.0	0.0	0.0	0.0	0.0	0.0	0.0	0.0	0.0	37.0	0.0	0.0	0.0	0.0	0.0	0.0	0.0	0.0	0.0	0.0	16.0	0.0	0.0	20.0	0.0	0.0	0.0	0.0	0.0	0.0	0.0	0.0	0.0	0.0	0.0	0.0	0.0	0.0	0.0	20.0	0.0	21.0	0.0	0.0	0.0	0.0	0.0
SRR16953354	0.0	141.0	1202.0	0.0	2184.0	1196.0	15.0	219.0	61.0	71.0	2440.0	38.0	71.0	21.0	252.0	15.0	520.0	30.0	412.0	705.0	0.0	4.0	2384.0	0.0	149.0	137.0	0.0	82.0	147.0	43.0	10.0	0.0	76.0	8.0	1154.0	2876.0	1237.0	21.0	9.0	13.0	14.0	14.0	156.0	472.0	0.0	167.0	10.0	67.0	0.0	40.0	76.0	639.0	48.0	1399.0	0.0	0.0	64.0	324.0	0.0	12.0	0.0	16.0	0.0	13.0	0.0	0.0	460.0	88.0	0.0	0.0	32.0	0.0	648.0	1756.0	335.0	0.0	0.0	11.0	0.0	38.0	0.0	0.0	0.0	0.0	0.0	39.0	0.0	149.0	160.0	0.0	166.0	666.0	48.0	41.0	18.0	20.0	0.0	2.0	45.0	23.0	0.0	0.0	0.0	0.0	58.0	68.0	2.0	7.0	0.0	0.0	22.0	0.0	0.0	43.0	104.0	0.0	0.0	3119.0	0.0	0.0	1573.0	0.0	10.0	0.0	8.0	44.0	555.0	42.0	0.0	0.0	115.0	27.0	0.0	0.0	252.0	0.0	1592.0	0.0	0.0	206.0	26.0	0.0	38.0	11.0	22.0	0.0	68.0	0.0	0.0	9.0	0.0	115.0	24.0	0.0	478.0	0.0	0.0	53.0	0.0	0.0	0.0	0.0	0.0	0.0	0.0	0.0	0.0	0.0	0.0	196.0	0.0	0.0	0.0	0.0	0.0	0.0	0.0	0.0	53.0	0.0	0.0	0.0	0.0	8.0	73.0	49.0	0.0	0.0	0.0	3828.0	0.0	0.0	15.0	0.0	0.0	0.0	58.0	0.0	0.0	0.0	0.0	0.0	113.0	48.0	0.0	17.0	0.0	0.0	0.0	0.0	0.0	0.0	10.0	0.0	0.0	0.0	0.0	0.0	0.0	0.0	0.0	0.0	0.0	0.0	0.0	0.0	0.0	0.0	0.0	0.0	9.0	0.0	0.0	0.0	0.0	0.0	0.0	0.0	0.0	0.0
SRR16953355	20.0	0.0	398.0	0.0	485.0	447.0	13.0	0.0	0.0	47.0	0.0	0.0	53.0	0.0	189.0	0.0	9.0	40.0	115.0	0.0	0.0	0.0	629.0	0.0	0.0	0.0	0.0	0.0	0.0	30.0	6.0	0.0	30.0	38.0	447.0	1027.0	348.0	18.0	0.0	0.0	0.0	0.0	9.0	42.0	0.0	27.0	0.0	12.0	7.0	11.0	73.0	42.0	25.0	198.0	17.0	0.0	0.0	8.0	0.0	0.0	0.0	0.0	0.0	6.0	0.0	0.0	0.0	37.0	0.0	0.0	0.0	0.0	0.0	1864.0	48.0	0.0	0.0	37.0	21.0	0.0	0.0	0.0	0.0	0.0	0.0	0.0	0.0	0.0	42.0	0.0	24.0	55.0	0.0	3.0	0.0	0.0	0.0	0.0	0.0	0.0	0.0	0.0	0.0	0.0	0.0	0.0	0.0	0.0	0.0	0.0	12.0	0.0	0.0	0.0	0.0	0.0	20.0	1493.0	0.0	0.0	819.0	0.0	0.0	0.0	0.0	340.0	0.0	0.0	3.0	0.0	0.0	0.0	0.0	0.0	63.0	0.0	53.0	0.0	0.0	0.0	0.0	0.0	0.0	0.0	0.0	0.0	0.0	0.0	0.0	0.0	0.0	0.0	0.0	0.0	9.0	0.0	0.0	0.0	0.0	0.0	0.0	0.0	0.0	0.0	0.0	13.0	0.0	0.0	0.0	0.0	0.0	0.0	0.0	0.0	0.0	0.0	0.0	0.0	14.0	0.0	0.0	0.0	0.0	0.0	0.0	0.0	0.0	0.0	0.0	640.0	0.0	0.0	0.0	0.0	0.0	0.0	0.0	0.0	0.0	0.0	0.0	0.0	0.0	0.0	0.0	0.0	0.0	0.0	0.0	0.0	0.0	0.0	0.0	0.0	0.0	0.0	12.0	0.0	0.0	0.0	0.0	0.0	0.0	0.0	0.0	0.0	0.0	0.0	0.0	0.0	0.0	0.0	0.0	0.0	0.0	0.0	0.0	0.0	0.0	0.0
SRR16953358	204.0	109.0	592.0	0.0	1111.0	131.0	94.0	42.0	0.0	395.0	235.0	0.0	89.0	30.0	879.0	8.0	77.0	33.0	252.0	148.0	0.0	0.0	417.0	13.0	0.0	94.0	0.0	64.0	0.0	16.0	18.0	0.0	43.0	5.0	935.0	35.0	556.0	86.0	29.0	0.0	0.0	0.0	4.0	141.0	0.0	201.0	0.0	0.0	22.0	111.0	0.0	127.0	34.0	351.0	25.0	0.0	28.0	411.0	16.0	0.0	0.0	0.0	0.0	19.0	0.0	0.0	0.0	104.0	0.0	22.0	67.0	0.0	0.0	1914.0	17.0	0.0	0.0	82.0	88.0	0.0	0.0	0.0	0.0	0.0	42.0	0.0	0.0	50.0	218.0	18.0	69.0	143.0	0.0	20.0	0.0	0.0	0.0	0.0	0.0	0.0	0.0	0.0	0.0	0.0	0.0	252.0	77.0	25.0	0.0	0.0	0.0	0.0	0.0	0.0	0.0	0.0	14.0	855.0	0.0	0.0	1258.0	0.0	0.0	0.0	12.0	0.0	288.0	0.0	0.0	0.0	0.0	0.0	0.0	0.0	17.0	0.0	401.0	0.0	0.0	57.0	0.0	0.0	23.0	0.0	0.0	0.0	60.0	0.0	21.0	0.0	0.0	0.0	0.0	0.0	0.0	0.0	0.0	0.0	0.0	18.0	0.0	0.0	0.0	0.0	0.0	7.0	0.0	0.0	0.0	46.0	0.0	0.0	0.0	0.0	0.0	0.0	0.0	0.0	0.0	0.0	0.0	0.0	0.0	0.0	155.0	0.0	0.0	0.0	15.0	182.0	0.0	0.0	0.0	0.0	0.0	0.0	0.0	0.0	0.0	0.0	0.0	0.0	0.0	0.0	0.0	0.0	0.0	0.0	0.0	0.0	0.0	13.0	0.0	0.0	0.0	0.0	6.0	0.0	0.0	0.0	0.0	0.0	0.0	0.0	0.0	0.0	0.0	0.0	0.0	0.0	0.0	3.0	0.0	0.0	0.0	0.0	0.0	0.0	0.0	0.0
SRR16953359	53.0	59.0	438.0	0.0	2561.0	240.0	0.0	11.0	0.0	682.0	483.0	0.0	112.0	14.0	304.0	0.0	223.0	49.0	132.0	692.0	0.0	17.0	788.0	6.0	0.0	79.0	0.0	220.0	46.0	97.0	0.0	0.0	230.0	0.0	831.0	605.0	978.0	56.0	0.0	57.0	0.0	0.0	0.0	124.0	9.0	142.0	0.0	35.0	91.0	73.0	542.0	256.0	54.0	560.0	28.0	0.0	36.0	124.0	17.0	0.0	0.0	0.0	0.0	39.0	0.0	0.0	44.0	37.0	0.0	11.0	45.0	0.0	0.0	1141.0	160.0	0.0	0.0	53.0	171.0	0.0	0.0	0.0	10.0	0.0	21.0	0.0	0.0	9.0	83.0	68.0	193.0	192.0	0.0	0.0	0.0	0.0	0.0	0.0	0.0	0.0	0.0	61.0	0.0	0.0	0.0	125.0	836.0	0.0	0.0	0.0	14.0	0.0	0.0	0.0	0.0	0.0	26.0	1652.0	0.0	0.0	690.0	0.0	0.0	0.0	0.0	0.0	719.0	0.0	0.0	0.0	0.0	0.0	0.0	0.0	24.0	0.0	126.0	0.0	0.0	0.0	20.0	0.0	0.0	0.0	150.0	0.0	16.0	0.0	0.0	0.0	0.0	34.0	0.0	0.0	0.0	0.0	0.0	0.0	0.0	0.0	0.0	0.0	0.0	0.0	0.0	10.0	0.0	0.0	23.0	233.0	4.0	0.0	0.0	0.0	0.0	0.0	0.0	0.0	0.0	0.0	0.0	0.0	0.0	0.0	0.0	0.0	0.0	0.0	0.0	519.0	0.0	0.0	0.0	0.0	0.0	0.0	0.0	0.0	0.0	0.0	0.0	0.0	11.0	0.0	0.0	0.0	0.0	0.0	0.0	0.0	0.0	0.0	0.0	22.0	0.0	0.0	36.0	0.0	0.0	0.0	34.0	0.0	0.0	0.0	13.0	0.0	0.0	0.0	8.0	0.0	0.0	0.0	0.0	0.0	9.0	0.0	0.0	0.0	0.0	0.0
SRR16953360	4.0	58.0	663.0	0.0	1738.0	270.0	0.0	0.0	20.0	59.0	2023.0	7.0	17.0	31.0	205.0	277.0	282.0	75.0	16.0	505.0	0.0	18.0	1436.0	0.0	72.0	25.0	0.0	81.0	0.0	8.0	10.0	27.0	17.0	5.0	547.0	1150.0	998.0	22.0	0.0	20.0	0.0	0.0	193.0	105.0	0.0	20.0	8.0	30.0	17.0	115.0	138.0	470.0	136.0	518.0	16.0	0.0	11.0	197.0	4.0	112.0	0.0	0.0	0.0	0.0	0.0	0.0	252.0	258.0	0.0	18.0	174.0	0.0	126.0	2000.0	80.0	0.0	0.0	20.0	54.0	11.0	13.0	0.0	0.0	0.0	8.0	23.0	0.0	7.0	1863.0	0.0	301.0	302.0	16.0	77.0	0.0	21.0	0.0	0.0	34.0	0.0	0.0	163.0	0.0	11.0	0.0	0.0	43.0	12.0	0.0	0.0	8.0	0.0	7.0	8.0	33.0	0.0	7.0	487.0	0.0	0.0	150.0	0.0	0.0	0.0	39.0	0.0	311.0	0.0	0.0	0.0	32.0	27.0	0.0	0.0	73.0	0.0	497.0	0.0	0.0	3.0	0.0	0.0	54.0	0.0	0.0	0.0	70.0	0.0	0.0	0.0	0.0	0.0	0.0	0.0	35.0	0.0	0.0	31.0	12.0	0.0	0.0	0.0	0.0	0.0	0.0	0.0	0.0	0.0	0.0	1969.0	0.0	0.0	0.0	0.0	0.0	0.0	0.0	0.0	0.0	0.0	7.0	0.0	0.0	0.0	98.0	8.0	0.0	0.0	0.0	1567.0	0.0	0.0	0.0	0.0	0.0	0.0	7.0	0.0	31.0	0.0	0.0	0.0	126.0	0.0	0.0	0.0	0.0	0.0	0.0	0.0	0.0	0.0	0.0	17.0	0.0	0.0	0.0	0.0	0.0	0.0	0.0	0.0	0.0	0.0	0.0	0.0	0.0	0.0	0.0	0.0	0.0	0.0	0.0	0.0	0.0	0.0	0.0	0.0	0.0	0.0
SRR16953361	98.0	45.0	556.0	0.0	1759.0	558.0	0.0	55.0	17.0	2171.0	1844.0	0.0	98.0	33.0	639.0	12.0	169.0	36.0	384.0	149.0	0.0	0.0	1507.0	0.0	21.0	193.0	0.0	187.0	0.0	8.0	0.0	0.0	20.0	0.0	1294.0	476.0	516.0	49.0	6.0	0.0	0.0	0.0	30.0	344.0	0.0	168.0	0.0	12.0	53.0	50.0	592.0	527.0	27.0	1430.0	32.0	0.0	29.0	429.0	19.0	0.0	0.0	0.0	0.0	0.0	0.0	0.0	197.0	232.0	0.0	12.0	13.0	2.0	285.0	1832.0	176.0	0.0	2.0	22.0	24.0	0.0	16.0	0.0	0.0	0.0	0.0	15.0	0.0	19.0	417.0	22.0	152.0	246.0	11.0	0.0	0.0	0.0	0.0	0.0	0.0	0.0	0.0	38.0	0.0	0.0	0.0	21.0	163.0	13.0	0.0	0.0	21.0	0.0	0.0	0.0	13.0	0.0	0.0	1726.0	0.0	10.0	891.0	0.0	0.0	16.0	0.0	0.0	795.0	0.0	0.0	0.0	10.0	10.0	0.0	0.0	48.0	12.0	139.0	0.0	28.0	3.0	9.0	0.0	32.0	0.0	60.0	16.0	61.0	0.0	0.0	4.0	0.0	22.0	0.0	0.0	21.0	0.0	0.0	12.0	0.0	0.0	0.0	0.0	0.0	0.0	0.0	15.0	0.0	0.0	0.0	13.0	0.0	0.0	2.0	0.0	0.0	0.0	0.0	0.0	16.0	0.0	0.0	0.0	0.0	0.0	6.0	0.0	0.0	0.0	0.0	2184.0	17.0	0.0	0.0	0.0	0.0	0.0	0.0	0.0	0.0	0.0	0.0	0.0	27.0	0.0	0.0	0.0	0.0	0.0	0.0	0.0	0.0	0.0	0.0	16.0	0.0	0.0	0.0	0.0	0.0	0.0	0.0	0.0	0.0	0.0	0.0	5.0	0.0	0.0	0.0	0.0	0.0	0.0	0.0	0.0	30.0	0.0	0.0	0.0	7.0	0.0
SRR16953362	0.0	0.0	414.0	0.0	1164.0	47.0	6.0	0.0	0.0	0.0	150.0	0.0	0.0	0.0	1215.0	0.0	0.0	52.0	148.0	0.0	0.0	0.0	332.0	0.0	0.0	0.0	0.0	0.0	0.0	0.0	0.0	0.0	0.0	0.0	340.0	326.0	31.0	0.0	0.0	0.0	0.0	0.0	0.0	129.0	0.0	322.0	0.0	0.0	0.0	64.0	0.0	151.0	105.0	0.0	0.0	0.0	0.0	0.0	0.0	0.0	0.0	0.0	0.0	0.0	0.0	0.0	0.0	0.0	0.0	0.0	142.0	0.0	0.0	1256.0	0.0	0.0	0.0	0.0	37.0	0.0	0.0	0.0	0.0	0.0	0.0	0.0	0.0	0.0	0.0	0.0	0.0	210.0	0.0	0.0	0.0	0.0	0.0	0.0	0.0	0.0	0.0	0.0	0.0	0.0	0.0	0.0	3105.0	0.0	0.0	0.0	0.0	0.0	0.0	0.0	0.0	0.0	0.0	1333.0	0.0	0.0	2888.0	0.0	0.0	0.0	0.0	0.0	92.0	0.0	0.0	0.0	0.0	0.0	0.0	0.0	100.0	0.0	0.0	0.0	0.0	0.0	0.0	0.0	0.0	0.0	0.0	8.0	0.0	0.0	0.0	0.0	0.0	123.0	0.0	0.0	0.0	0.0	0.0	0.0	0.0	0.0	0.0	0.0	0.0	0.0	0.0	0.0	0.0	0.0	0.0	322.0	0.0	0.0	0.0	0.0	0.0	0.0	0.0	0.0	0.0	0.0	0.0	0.0	0.0	0.0	15.0	0.0	0.0	0.0	0.0	782.0	0.0	0.0	0.0	0.0	0.0	7.0	0.0	0.0	0.0	0.0	0.0	0.0	6.0	0.0	0.0	0.0	0.0	0.0	0.0	0.0	0.0	0.0	0.0	0.0	0.0	0.0	0.0	0.0	0.0	0.0	0.0	0.0	0.0	0.0	0.0	0.0	0.0	0.0	0.0	0.0	0.0	0.0	0.0	0.0	0.0	0.0	0.0	0.0	0.0	0.0
SRR16953363	42.0	69.0	720.0	0.0	2783.0	321.0	0.0	0.0	43.0	1537.0	57.0	0.0	236.0	0.0	698.0	0.0	89.0	68.0	465.0	84.0	0.0	19.0	549.0	7.0	0.0	12.0	0.0	88.0	34.0	48.0	19.0	0.0	113.0	0.0	2028.0	528.0	625.0	31.0	0.0	0.0	3.0	0.0	4.0	149.0	0.0	796.0	0.0	68.0	7.0	120.0	32.0	50.0	0.0	637.0	44.0	0.0	67.0	34.0	5.0	0.0	0.0	0.0	0.0	39.0	0.0	0.0	22.0	51.0	0.0	32.0	9.0	0.0	0.0	2587.0	218.0	0.0	0.0	42.0	58.0	0.0	18.0	0.0	0.0	0.0	0.0	0.0	4.0	8.0	58.0	26.0	91.0	348.0	35.0	0.0	0.0	15.0	0.0	0.0	0.0	0.0	0.0	29.0	0.0	0.0	0.0	96.0	292.0	12.0	6.0	0.0	45.0	0.0	0.0	0.0	3.0	0.0	69.0	3340.0	7.0	2.0	2804.0	0.0	0.0	0.0	9.0	0.0	0.0	0.0	0.0	0.0	0.0	0.0	0.0	0.0	195.0	0.0	32.0	0.0	0.0	0.0	0.0	0.0	0.0	0.0	29.0	0.0	0.0	0.0	0.0	0.0	0.0	33.0	0.0	16.0	40.0	0.0	0.0	0.0	0.0	0.0	0.0	0.0	0.0	10.0	5.0	12.0	0.0	0.0	0.0	103.0	0.0	0.0	0.0	0.0	0.0	0.0	10.0	21.0	0.0	0.0	0.0	0.0	0.0	0.0	0.0	0.0	3.0	0.0	0.0	5932.0	0.0	0.0	0.0	0.0	0.0	11.0	0.0	0.0	0.0	0.0	0.0	0.0	11.0	0.0	0.0	14.0	0.0	0.0	0.0	0.0	0.0	0.0	0.0	0.0	2.0	0.0	34.0	0.0	0.0	0.0	0.0	4.0	0.0	0.0	0.0	0.0	0.0	0.0	0.0	0.0	0.0	0.0	0.0	0.0	0.0	0.0	0.0	0.0	0.0	0.0
SRR16953364	0.0	49.0	342.0	0.0	1830.0	212.0	11.0	47.0	76.0	94.0	44.0	15.0	8.0	40.0	129.0	0.0	27.0	28.0	460.0	252.0	0.0	0.0	719.0	0.0	82.0	0.0	0.0	17.0	107.0	0.0	0.0	0.0	0.0	0.0	386.0	55.0	125.0	0.0	0.0	66.0	0.0	0.0	0.0	737.0	0.0	517.0	2.0	0.0	0.0	110.0	0.0	12.0	28.0	1505.0	6.0	0.0	46.0	391.0	0.0	0.0	0.0	13.0	0.0	22.0	0.0	0.0	31.0	42.0	0.0	0.0	3.0	0.0	235.0	636.0	48.0	5.0	0.0	2.0	0.0	12.0	0.0	0.0	0.0	23.0	0.0	12.0	0.0	23.0	55.0	4.0	0.0	377.0	0.0	6.0	0.0	113.0	0.0	0.0	0.0	0.0	0.0	0.0	0.0	0.0	60.0	70.0	0.0	0.0	0.0	0.0	32.0	0.0	0.0	63.0	51.0	0.0	0.0	3157.0	0.0	0.0	5223.0	0.0	14.0	0.0	0.0	20.0	97.0	16.0	0.0	0.0	62.0	9.0	0.0	0.0	347.0	0.0	256.0	4.0	0.0	0.0	0.0	0.0	17.0	0.0	0.0	29.0	0.0	0.0	0.0	0.0	0.0	50.0	0.0	0.0	78.0	0.0	0.0	24.0	0.0	6.0	0.0	0.0	0.0	0.0	0.0	0.0	0.0	0.0	0.0	6.0	0.0	0.0	0.0	0.0	0.0	0.0	0.0	0.0	0.0	0.0	0.0	0.0	0.0	0.0	8.0	22.0	0.0	0.0	0.0	2092.0	0.0	0.0	0.0	0.0	0.0	28.0	388.0	0.0	0.0	0.0	0.0	0.0	0.0	59.0	0.0	0.0	0.0	0.0	4.0	0.0	0.0	0.0	0.0	0.0	0.0	0.0	0.0	0.0	0.0	0.0	34.0	7.0	0.0	0.0	0.0	0.0	0.0	0.0	0.0	0.0	0.0	0.0	0.0	0.0	0.0	0.0	0.0	0.0	0.0	0.0
SRR16953365	25.0	76.0	462.0	0.0	1224.0	387.0	72.0	453.0	0.0	513.0	146.0	0.0	113.0	32.0	378.0	45.0	78.0	60.0	314.0	178.0	0.0	0.0	559.0	6.0	504.0	13.0	7.0	63.0	0.0	0.0	0.0	660.0	67.0	0.0	457.0	430.0	267.0	0.0	0.0	61.0	0.0	0.0	0.0	83.0	0.0	162.0	0.0	31.0	0.0	20.0	85.0	246.0	174.0	805.0	26.0	0.0	13.0	13.0	18.0	0.0	0.0	0.0	0.0	10.0	0.0	0.0	12.0	54.0	0.0	39.0	12.0	0.0	0.0	971.0	93.0	0.0	0.0	28.0	35.0	0.0	144.0	0.0	0.0	0.0	744.0	0.0	0.0	5.0	130.0	7.0	186.0	134.0	15.0	20.0	0.0	0.0	0.0	15.0	0.0	0.0	0.0	0.0	0.0	52.0	0.0	62.0	59.0	200.0	0.0	0.0	22.0	0.0	0.0	0.0	0.0	0.0	24.0	4364.0	12.0	0.0	1183.0	0.0	0.0	0.0	0.0	0.0	0.0	0.0	11.0	0.0	0.0	0.0	0.0	0.0	41.0	0.0	25.0	0.0	0.0	0.0	0.0	0.0	11.0	0.0	13.0	0.0	0.0	0.0	0.0	0.0	0.0	0.0	0.0	0.0	0.0	0.0	0.0	0.0	0.0	0.0	0.0	0.0	0.0	0.0	0.0	17.0	0.0	0.0	6.0	25.0	0.0	0.0	0.0	0.0	0.0	0.0	0.0	18.0	0.0	0.0	0.0	34.0	0.0	0.0	8.0	0.0	0.0	0.0	0.0	6682.0	0.0	0.0	2.0	19.0	0.0	0.0	0.0	0.0	0.0	0.0	0.0	0.0	0.0	0.0	0.0	1132.0	0.0	0.0	0.0	0.0	0.0	10.0	0.0	0.0	0.0	0.0	15.0	0.0	0.0	0.0	0.0	3.0	0.0	0.0	0.0	0.0	0.0	0.0	0.0	0.0	0.0	0.0	0.0	0.0	0.0	0.0	0.0	0.0	0.0	0.0
SRR16953366	28.0	18.0	1880.0	0.0	1016.0	328.0	61.0	42.0	0.0	332.0	198.0	0.0	24.0	30.0	476.0	8.0	31.0	98.0	149.0	427.0	0.0	63.0	572.0	0.0	30.0	0.0	0.0	78.0	0.0	0.0	85.0	271.0	15.0	0.0	917.0	41.0	82.0	8.0	0.0	13.0	111.0	0.0	23.0	46.0	0.0	61.0	0.0	0.0	19.0	11.0	65.0	112.0	0.0	134.0	12.0	0.0	0.0	25.0	10.0	0.0	0.0	0.0	0.0	0.0	0.0	0.0	36.0	511.0	0.0	102.0	20.0	0.0	144.0	559.0	152.0	0.0	0.0	8.0	0.0	0.0	30.0	23.0	0.0	0.0	29.0	0.0	0.0	63.0	140.0	43.0	270.0	218.0	0.0	71.0	0.0	0.0	0.0	0.0	46.0	0.0	0.0	0.0	0.0	10.0	0.0	0.0	159.0	6.0	0.0	0.0	0.0	0.0	0.0	0.0	379.0	0.0	0.0	1049.0	0.0	0.0	384.0	0.0	4.0	9.0	0.0	0.0	32.0	0.0	0.0	0.0	0.0	30.0	0.0	0.0	16.0	0.0	82.0	0.0	6.0	11.0	0.0	0.0	0.0	0.0	6.0	0.0	36.0	0.0	59.0	0.0	0.0	0.0	0.0	0.0	44.0	0.0	0.0	49.0	0.0	51.0	0.0	0.0	0.0	0.0	0.0	0.0	0.0	0.0	0.0	1593.0	0.0	0.0	0.0	0.0	0.0	0.0	46.0	0.0	0.0	0.0	0.0	0.0	0.0	0.0	0.0	0.0	20.0	0.0	0.0	124.0	0.0	0.0	0.0	17.0	27.0	0.0	35.0	145.0	0.0	0.0	0.0	0.0	59.0	0.0	0.0	20.0	0.0	12.0	0.0	0.0	0.0	30.0	0.0	10.0	0.0	34.0	4.0	0.0	0.0	0.0	0.0	0.0	0.0	0.0	0.0	0.0	0.0	0.0	0.0	0.0	0.0	0.0	0.0	0.0	0.0	0.0	0.0	0.0	0.0	0.0
SRR16953368	0.0	0.0	0.0	0.0	0.0	0.0	0.0	0.0	0.0	0.0	0.0	0.0	0.0	0.0	0.0	0.0	0.0	0.0	0.0	0.0	0.0	0.0	0.0	0.0	0.0	0.0	0.0	0.0	0.0	0.0	0.0	0.0	0.0	0.0	0.0	0.0	0.0	0.0	0.0	0.0	0.0	0.0	0.0	0.0	0.0	0.0	0.0	0.0	0.0	0.0	0.0	0.0	0.0	0.0	0.0	0.0	0.0	0.0	0.0	0.0	0.0	0.0	0.0	0.0	0.0	0.0	0.0	1085.0	0.0	0.0	0.0	0.0	0.0	0.0	0.0	0.0	0.0	0.0	0.0	0.0	0.0	45.0	0.0	0.0	0.0	0.0	0.0	0.0	0.0	0.0	0.0	0.0	0.0	0.0	0.0	0.0	0.0	0.0	0.0	0.0	0.0	0.0	0.0	0.0	0.0	0.0	0.0	0.0	0.0	0.0	0.0	0.0	0.0	0.0	0.0	0.0	0.0	0.0	0.0	0.0	0.0	0.0	0.0	0.0	0.0	0.0	0.0	0.0	0.0	0.0	0.0	0.0	0.0	0.0	0.0	0.0	0.0	0.0	0.0	0.0	0.0	0.0	0.0	0.0	0.0	0.0	0.0	0.0	0.0	0.0	0.0	0.0	0.0	0.0	0.0	0.0	0.0	0.0	0.0	0.0	0.0	0.0	139.0	0.0	0.0	0.0	0.0	0.0	0.0	0.0	0.0	0.0	0.0	0.0	0.0	0.0	0.0	0.0	0.0	0.0	0.0	0.0	0.0	0.0	0.0	0.0	0.0	0.0	0.0	0.0	0.0	0.0	0.0	0.0	0.0	0.0	0.0	0.0	0.0	0.0	0.0	0.0	0.0	0.0	0.0	0.0	18330.0	0.0	0.0	0.0	0.0	0.0	0.0	0.0	0.0	0.0	0.0	0.0	0.0	0.0	0.0	0.0	0.0	0.0	0.0	0.0	0.0	0.0	0.0	0.0	0.0	0.0	0.0	0.0	0.0	0.0	0.0	0.0	0.0	0.0
SRR16953369	67.0	285.0	1493.0	5.0	4391.0	1033.0	62.0	30.0	18.0	1398.0	2777.0	0.0	253.0	11.0	285.0	89.0	620.0	194.0	333.0	660.0	0.0	16.0	3869.0	0.0	0.0	392.0	0.0	466.0	162.0	194.0	0.0	24.0	141.0	1020.0	1380.0	2794.0	2243.0	20.0	8.0	38.0	11.0	19.0	354.0	247.0	0.0	75.0	0.0	115.0	114.0	261.0	1299.0	1321.0	133.0	1614.0	48.0	0.0	49.0	537.0	57.0	29.0	0.0	13.0	0.0	60.0	0.0	0.0	247.0	170.0	0.0	43.0	36.0	8.0	63.0	2790.0	566.0	0.0	13.0	116.0	224.0	0.0	11.0	0.0	0.0	0.0	12.0	13.0	0.0	60.0	1228.0	55.0	571.0	560.0	158.0	69.0	0.0	0.0	0.0	0.0	20.0	0.0	10.0	39.0	0.0	0.0	6.0	0.0	1156.0	14.0	3.0	24.0	117.0	0.0	0.0	0.0	17.0	0.0	34.0	2796.0	5.0	5.0	516.0	0.0	0.0	34.0	6.0	0.0	1919.0	0.0	0.0	0.0	41.0	30.0	0.0	0.0	112.0	0.0	403.0	4.0	0.0	37.0	35.0	10.0	42.0	0.0	274.0	0.0	133.0	0.0	0.0	0.0	18.0	0.0	0.0	15.0	31.0	0.0	0.0	54.0	33.0	0.0	0.0	0.0	17.0	0.0	0.0	0.0	15.0	0.0	8.0	400.0	7.0	0.0	0.0	0.0	0.0	0.0	16.0	10.0	0.0	0.0	0.0	0.0	0.0	0.0	63.0	0.0	8.0	0.0	0.0	7517.0	0.0	0.0	0.0	16.0	0.0	0.0	124.0	11.0	17.0	6.0	23.0	0.0	68.0	0.0	2.0	0.0	0.0	0.0	0.0	0.0	9.0	0.0	0.0	22.0	0.0	0.0	39.0	0.0	0.0	5.0	62.0	19.0	0.0	0.0	0.0	0.0	0.0	0.0	0.0	0.0	0.0	0.0	0.0	0.0	56.0	0.0	0.0	0.0	0.0	0.0
SRR16953370	87.0	235.0	3301.0	0.0	3468.0	905.0	83.0	286.0	35.0	401.0	3535.0	0.0	56.0	60.0	346.0	108.0	686.0	184.0	355.0	1166.0	0.0	78.0	2085.0	0.0	154.0	61.0	0.0	279.0	150.0	32.0	102.0	646.0	82.0	145.0	1661.0	1893.0	2475.0	37.0	0.0	14.0	77.0	24.0	437.0	462.0	0.0	114.0	0.0	32.0	0.0	120.0	666.0	696.0	36.0	2067.0	15.0	65.0	77.0	562.0	0.0	96.0	0.0	0.0	0.0	0.0	0.0	0.0	629.0	498.0	0.0	75.0	160.0	0.0	245.0	1691.0	274.0	0.0	0.0	18.0	20.0	58.0	702.0	0.0	0.0	0.0	155.0	99.0	0.0	21.0	2107.0	0.0	446.0	801.0	31.0	25.0	57.0	79.0	0.0	0.0	97.0	25.0	0.0	116.0	5.0	61.0	31.0	83.0	234.0	9.0	0.0	0.0	5.0	0.0	12.0	58.0	382.0	0.0	37.0	1927.0	2.0	0.0	1018.0	0.0	0.0	13.0	8.0	24.0	1622.0	20.0	0.0	0.0	52.0	24.0	0.0	0.0	107.0	0.0	998.0	0.0	0.0	221.0	24.0	0.0	59.0	0.0	0.0	18.0	32.0	0.0	82.0	37.0	0.0	54.0	22.0	13.0	125.0	0.0	0.0	81.0	34.0	0.0	0.0	17.0	0.0	0.0	0.0	0.0	69.0	0.0	0.0	390.0	0.0	0.0	0.0	0.0	0.0	0.0	0.0	0.0	0.0	0.0	0.0	0.0	0.0	0.0	0.0	20.0	0.0	0.0	0.0	1971.0	0.0	0.0	0.0	38.0	0.0	0.0	27.0	0.0	0.0	2.0	0.0	0.0	155.0	42.0	0.0	30.0	0.0	0.0	0.0	0.0	0.0	0.0	0.0	0.0	0.0	0.0	12.0	0.0	0.0	0.0	37.0	7.0	0.0	0.0	0.0	0.0	0.0	0.0	0.0	0.0	0.0	0.0	0.0	0.0	0.0	0.0	0.0	0.0	0.0	0.0
SRR16953372	0.0	119.0	504.0	0.0	2169.0	171.0	0.0	80.0	0.0	3.0	1232.0	0.0	26.0	17.0	104.0	109.0	236.0	56.0	161.0	484.0	0.0	0.0	1135.0	0.0	60.0	94.0	0.0	102.0	111.0	16.0	0.0	274.0	0.0	0.0	690.0	1312.0	782.0	5.0	0.0	0.0	32.0	5.0	173.0	115.0	0.0	30.0	0.0	7.0	10.0	24.0	1193.0	394.0	20.0	516.0	0.0	0.0	17.0	51.0	0.0	9.0	7.0	0.0	0.0	7.0	0.0	0.0	148.0	57.0	0.0	0.0	31.0	0.0	372.0	2243.0	161.0	0.0	0.0	10.0	0.0	0.0	0.0	0.0	0.0	0.0	12.0	23.0	0.0	22.0	69.0	0.0	54.0	378.0	0.0	27.0	9.0	0.0	0.0	0.0	14.0	0.0	0.0	0.0	0.0	21.0	12.0	0.0	31.0	0.0	0.0	0.0	0.0	0.0	10.0	15.0	24.0	0.0	0.0	2001.0	0.0	0.0	313.0	0.0	2.0	0.0	0.0	8.0	74.0	0.0	0.0	0.0	24.0	14.0	2.0	0.0	87.0	0.0	338.0	0.0	0.0	53.0	15.0	0.0	16.0	0.0	0.0	24.0	0.0	0.0	0.0	0.0	0.0	25.0	0.0	0.0	190.0	0.0	0.0	23.0	0.0	0.0	0.0	11.0	0.0	0.0	0.0	0.0	0.0	0.0	0.0	62.0	0.0	0.0	0.0	0.0	0.0	0.0	0.0	0.0	22.0	0.0	0.0	0.0	4.0	0.0	9.0	10.0	0.0	0.0	0.0	315.0	0.0	0.0	0.0	0.0	0.0	0.0	29.0	0.0	0.0	0.0	0.0	0.0	21.0	0.0	0.0	0.0	0.0	0.0	0.0	0.0	0.0	0.0	0.0	0.0	0.0	0.0	12.0	0.0	0.0	0.0	0.0	0.0	0.0	0.0	0.0	0.0	0.0	0.0	0.0	0.0	0.0	0.0	0.0	0.0	0.0	0.0	0.0	0.0	0.0	0.0
SRR16953374	0.0	69.0	632.0	0.0	1667.0	154.0	0.0	59.0	0.0	74.0	1832.0	0.0	34.0	21.0	68.0	0.0	162.0	80.0	159.0	563.0	0.0	15.0	381.0	0.0	65.0	25.0	0.0	68.0	106.0	25.0	0.0	26.0	76.0	0.0	377.0	293.0	882.0	27.0	0.0	0.0	22.0	0.0	348.0	280.0	4.0	66.0	0.0	20.0	12.0	25.0	56.0	97.0	6.0	672.0	8.0	0.0	0.0	353.0	0.0	0.0	0.0	0.0	2.0	0.0	0.0	0.0	12.0	69.0	0.0	0.0	19.0	0.0	264.0	1364.0	49.0	0.0	0.0	10.0	0.0	24.0	24.0	0.0	0.0	0.0	0.0	3.0	0.0	14.0	96.0	21.0	67.0	266.0	19.0	27.0	0.0	42.0	0.0	0.0	36.0	0.0	0.0	103.0	0.0	0.0	42.0	24.0	51.0	0.0	0.0	0.0	0.0	0.0	4.0	0.0	40.0	0.0	2.0	1016.0	0.0	0.0	251.0	0.0	0.0	0.0	0.0	9.0	84.0	0.0	0.0	0.0	60.0	0.0	0.0	0.0	83.0	0.0	404.0	0.0	8.0	11.0	0.0	0.0	17.0	0.0	21.0	0.0	0.0	0.0	0.0	0.0	0.0	0.0	14.0	0.0	214.0	0.0	0.0	0.0	32.0	0.0	0.0	24.0	0.0	0.0	0.0	0.0	0.0	10.0	0.0	0.0	0.0	17.0	0.0	0.0	0.0	0.0	0.0	0.0	0.0	0.0	0.0	0.0	0.0	0.0	0.0	7.0	0.0	0.0	0.0	308.0	0.0	0.0	0.0	0.0	0.0	0.0	87.0	0.0	0.0	0.0	0.0	0.0	42.0	0.0	0.0	0.0	0.0	0.0	0.0	0.0	0.0	0.0	0.0	0.0	0.0	0.0	15.0	0.0	0.0	0.0	20.0	0.0	0.0	3.0	0.0	0.0	0.0	0.0	0.0	0.0	0.0	0.0	0.0	0.0	0.0	0.0	0.0	0.0	0.0	0.0
SRR16953377	45.0	93.0	403.0	0.0	1268.0	926.0	30.0	0.0	19.0	702.0	20.0	0.0	102.0	0.0	485.0	0.0	20.0	23.0	424.0	28.0	0.0	0.0	563.0	16.0	0.0	0.0	0.0	25.0	48.0	20.0	0.0	0.0	0.0	858.0	534.0	1253.0	457.0	19.0	0.0	0.0	0.0	0.0	0.0	140.0	0.0	126.0	0.0	37.0	0.0	27.0	0.0	0.0	326.0	630.0	0.0	0.0	0.0	373.0	10.0	0.0	0.0	0.0	0.0	38.0	0.0	0.0	27.0	30.0	0.0	12.0	0.0	0.0	0.0	1847.0	44.0	0.0	0.0	31.0	40.0	0.0	0.0	0.0	0.0	0.0	0.0	0.0	0.0	23.0	179.0	9.0	63.0	97.0	17.0	0.0	0.0	0.0	0.0	0.0	0.0	0.0	0.0	0.0	0.0	0.0	0.0	415.0	9.0	15.0	0.0	29.0	62.0	0.0	0.0	0.0	5.0	0.0	43.0	4602.0	0.0	0.0	534.0	0.0	0.0	0.0	0.0	68.0	0.0	0.0	0.0	10.0	0.0	0.0	0.0	0.0	66.0	0.0	23.0	0.0	0.0	0.0	0.0	17.0	0.0	0.0	0.0	0.0	0.0	0.0	0.0	75.0	0.0	9.0	0.0	0.0	0.0	0.0	0.0	19.0	0.0	0.0	0.0	0.0	0.0	0.0	3.0	53.0	0.0	0.0	0.0	0.0	0.0	0.0	0.0	0.0	0.0	0.0	0.0	0.0	48.0	0.0	0.0	0.0	0.0	0.0	80.0	0.0	0.0	0.0	0.0	5178.0	78.0	0.0	0.0	0.0	0.0	9.0	0.0	0.0	0.0	0.0	0.0	0.0	0.0	0.0	0.0	0.0	0.0	0.0	0.0	0.0	0.0	0.0	0.0	0.0	0.0	0.0	9.0	0.0	0.0	0.0	0.0	3.0	0.0	0.0	0.0	0.0	0.0	0.0	0.0	0.0	0.0	0.0	0.0	0.0	0.0	0.0	0.0	0.0	0.0	0.0
SRR16953379	0.0	200.0	813.0	0.0	2049.0	374.0	11.0	18.0	70.0	187.0	392.0	18.0	61.0	15.0	392.0	36.0	548.0	45.0	458.0	725.0	0.0	3.0	1179.0	0.0	71.0	0.0	0.0	113.0	123.0	7.0	0.0	0.0	57.0	137.0	748.0	349.0	1856.0	4.0	0.0	17.0	0.0	0.0	99.0	498.0	0.0	147.0	0.0	60.0	0.0	94.0	120.0	20.0	130.0	2960.0	8.0	0.0	59.0	876.0	0.0	6.0	0.0	0.0	0.0	0.0	0.0	0.0	37.0	170.0	0.0	0.0	27.0	0.0	641.0	2049.0	133.0	0.0	0.0	17.0	20.0	18.0	95.0	0.0	18.0	0.0	0.0	23.0	0.0	52.0	129.0	0.0	46.0	534.0	0.0	21.0	0.0	63.0	0.0	0.0	94.0	0.0	0.0	0.0	0.0	0.0	12.0	56.0	0.0	0.0	0.0	0.0	133.0	0.0	0.0	59.0	43.0	0.0	0.0	3051.0	0.0	0.0	1522.0	0.0	22.0	0.0	0.0	21.0	60.0	0.0	0.0	0.0	43.0	0.0	0.0	9.0	264.0	0.0	525.0	0.0	0.0	8.0	0.0	0.0	0.0	0.0	0.0	11.0	0.0	0.0	0.0	0.0	0.0	59.0	0.0	0.0	95.0	0.0	0.0	32.0	9.0	0.0	7.0	0.0	0.0	0.0	0.0	0.0	0.0	2.0	0.0	9.0	0.0	0.0	0.0	0.0	0.0	0.0	0.0	0.0	68.0	0.0	0.0	0.0	0.0	39.0	82.0	13.0	0.0	0.0	0.0	944.0	0.0	0.0	0.0	0.0	0.0	8.0	215.0	0.0	4.0	0.0	0.0	0.0	6.0	0.0	0.0	0.0	10.0	0.0	0.0	0.0	0.0	0.0	0.0	0.0	0.0	0.0	22.0	0.0	0.0	0.0	62.0	0.0	0.0	0.0	0.0	0.0	0.0	0.0	0.0	0.0	0.0	0.0	0.0	0.0	0.0	0.0	0.0	0.0	0.0	0.0
SRR16953380	39.0	173.0	472.0	0.0	3733.0	654.0	17.0	11.0	56.0	1210.0	32.0	0.0	532.0	64.0	700.0	26.0	168.0	163.0	1053.0	213.0	0.0	37.0	1423.0	25.0	0.0	7.0	0.0	192.0	74.0	92.0	33.0	0.0	234.0	0.0	1583.0	214.0	1343.0	27.0	0.0	54.0	14.0	10.0	26.0	237.0	0.0	711.0	0.0	121.0	35.0	178.0	0.0	24.0	651.0	1024.0	0.0	0.0	87.0	36.0	5.0	5.0	0.0	0.0	0.0	212.0	12.0	0.0	31.0	56.0	0.0	20.0	9.0	0.0	6.0	6800.0	544.0	0.0	0.0	35.0	147.0	0.0	0.0	0.0	13.0	0.0	11.0	0.0	164.0	15.0	93.0	38.0	61.0	896.0	104.0	14.0	0.0	0.0	0.0	0.0	0.0	30.0	0.0	0.0	0.0	0.0	0.0	702.0	115.0	0.0	15.0	0.0	48.0	0.0	0.0	0.0	5.0	0.0	26.0	6367.0	3.0	0.0	3575.0	0.0	0.0	0.0	19.0	0.0	38.0	0.0	0.0	0.0	0.0	14.0	0.0	0.0	283.0	0.0	24.0	0.0	0.0	0.0	0.0	0.0	0.0	0.0	46.0	0.0	0.0	0.0	0.0	0.0	0.0	14.0	0.0	35.0	0.0	0.0	0.0	36.0	0.0	0.0	0.0	0.0	26.0	19.0	12.0	68.0	0.0	0.0	11.0	38.0	0.0	0.0	0.0	0.0	0.0	0.0	0.0	60.0	0.0	0.0	0.0	0.0	0.0	0.0	0.0	0.0	0.0	0.0	0.0	6240.0	0.0	0.0	0.0	0.0	0.0	11.0	0.0	65.0	0.0	0.0	0.0	0.0	10.0	0.0	0.0	0.0	0.0	0.0	0.0	0.0	0.0	0.0	17.0	0.0	0.0	0.0	158.0	0.0	0.0	12.0	0.0	6.0	0.0	0.0	0.0	0.0	0.0	0.0	0.0	0.0	0.0	0.0	0.0	0.0	0.0	0.0	0.0	0.0	0.0	0.0
SRR16953381	0.0	296.0	807.0	0.0	3164.0	763.0	0.0	117.0	44.0	127.0	142.0	22.0	251.0	50.0	968.0	111.0	289.0	88.0	632.0	972.0	5.0	9.0	2604.0	0.0	187.0	0.0	0.0	61.0	340.0	0.0	0.0	8.0	137.0	40.0	1401.0	435.0	1383.0	0.0	0.0	30.0	17.0	0.0	109.0	711.0	0.0	234.0	0.0	168.0	37.0	447.0	20.0	37.0	137.0	1863.0	12.0	0.0	113.0	508.0	0.0	17.0	6.0	0.0	0.0	17.0	9.0	19.0	160.0	367.0	0.0	0.0	66.0	0.0	1134.0	6489.0	306.0	0.0	0.0	10.0	19.0	37.0	0.0	0.0	30.0	9.0	21.0	40.0	0.0	82.0	143.0	66.0	81.0	801.0	58.0	19.0	0.0	102.0	0.0	0.0	103.0	0.0	0.0	0.0	0.0	0.0	72.0	104.0	40.0	0.0	0.0	0.0	185.0	0.0	0.0	59.0	126.0	0.0	2.0	8255.0	0.0	0.0	4060.0	0.0	49.0	0.0	13.0	64.0	464.0	0.0	0.0	0.0	136.0	10.0	0.0	0.0	255.0	0.0	945.0	0.0	0.0	0.0	0.0	8.0	0.0	0.0	0.0	0.0	0.0	0.0	0.0	0.0	0.0	41.0	0.0	7.0	199.0	0.0	0.0	73.0	20.0	0.0	5.0	7.0	0.0	0.0	0.0	0.0	0.0	0.0	0.0	0.0	0.0	0.0	0.0	6.0	0.0	0.0	0.0	30.0	81.0	0.0	2.0	0.0	0.0	6.0	0.0	25.0	0.0	0.0	0.0	7549.0	0.0	0.0	0.0	11.0	0.0	16.0	588.0	0.0	0.0	0.0	0.0	0.0	0.0	0.0	0.0	0.0	0.0	0.0	0.0	0.0	0.0	0.0	0.0	0.0	0.0	0.0	0.0	0.0	0.0	0.0	0.0	0.0	0.0	0.0	0.0	0.0	0.0	0.0	0.0	0.0	8.0	0.0	0.0	10.0	0.0	0.0	0.0	0.0	0.0	0.0
SRR16953382	17.0	58.0	891.0	0.0	1495.0	63.0	72.0	0.0	0.0	863.0	466.0	0.0	200.0	0.0	58.0	15.0	147.0	18.0	62.0	15.0	0.0	0.0	494.0	0.0	0.0	35.0	0.0	152.0	13.0	89.0	0.0	0.0	0.0	0.0	411.0	506.0	471.0	0.0	0.0	42.0	0.0	0.0	62.0	27.0	0.0	0.0	0.0	41.0	2.0	59.0	315.0	190.0	8.0	774.0	33.0	42.0	25.0	371.0	41.0	6.0	0.0	0.0	0.0	23.0	0.0	0.0	42.0	56.0	0.0	21.0	6.0	10.0	0.0	980.0	79.0	0.0	0.0	35.0	45.0	0.0	0.0	0.0	0.0	0.0	0.0	6.0	0.0	7.0	356.0	47.0	115.0	120.0	0.0	4.0	0.0	0.0	8.0	0.0	0.0	0.0	0.0	26.0	0.0	0.0	0.0	0.0	91.0	0.0	0.0	0.0	12.0	0.0	0.0	0.0	0.0	0.0	8.0	177.0	0.0	0.0	100.0	0.0	0.0	0.0	0.0	0.0	900.0	0.0	0.0	0.0	0.0	9.0	0.0	0.0	13.0	0.0	62.0	0.0	0.0	0.0	0.0	0.0	11.0	0.0	82.0	0.0	0.0	0.0	0.0	0.0	4.0	0.0	0.0	0.0	0.0	7.0	0.0	14.0	0.0	6.0	0.0	0.0	0.0	0.0	0.0	0.0	0.0	0.0	0.0	0.0	0.0	0.0	0.0	0.0	0.0	0.0	0.0	0.0	0.0	0.0	0.0	0.0	0.0	0.0	0.0	0.0	4.0	0.0	0.0	1569.0	0.0	12.0	0.0	0.0	0.0	0.0	0.0	0.0	0.0	0.0	0.0	0.0	0.0	0.0	0.0	0.0	0.0	0.0	0.0	0.0	0.0	0.0	0.0	13.0	0.0	0.0	6.0	0.0	0.0	0.0	14.0	0.0	0.0	0.0	0.0	0.0	0.0	0.0	0.0	0.0	0.0	0.0	0.0	0.0	6.0	0.0	0.0	0.0	0.0	0.0
SRR16953384	0.0	50.0	873.0	0.0	3122.0	1357.0	6.0	1162.0	0.0	322.0	845.0	0.0	160.0	3.0	319.0	0.0	309.0	20.0	743.0	859.0	0.0	28.0	2711.0	0.0	45.0	246.0	0.0	153.0	86.0	54.0	0.0	604.0	60.0	0.0	2127.0	3249.0	1025.0	42.0	0.0	23.0	10.0	0.0	189.0	160.0	4.0	32.0	14.0	24.0	55.0	37.0	383.0	1285.0	10.0	925.0	482.0	0.0	39.0	137.0	0.0	36.0	0.0	0.0	0.0	0.0	0.0	0.0	300.0	168.0	0.0	73.0	16.0	10.0	48.0	1403.0	163.0	0.0	0.0	8.0	128.0	11.0	20.0	0.0	0.0	0.0	0.0	0.0	24.0	0.0	3460.0	54.0	427.0	263.0	43.0	18.0	0.0	7.0	0.0	0.0	17.0	0.0	0.0	13.0	0.0	0.0	5.0	0.0	75.0	0.0	0.0	8.0	6.0	0.0	6.0	0.0	21.0	0.0	20.0	3987.0	0.0	0.0	668.0	0.0	0.0	0.0	34.0	13.0	2402.0	0.0	0.0	0.0	89.0	0.0	0.0	0.0	61.0	0.0	439.0	0.0	0.0	28.0	12.0	0.0	15.0	0.0	147.0	0.0	45.0	0.0	6.0	0.0	0.0	0.0	0.0	0.0	58.0	0.0	0.0	14.0	0.0	0.0	2.0	0.0	0.0	0.0	0.0	0.0	0.0	40.0	0.0	0.0	0.0	0.0	0.0	0.0	0.0	0.0	4.0	0.0	24.0	0.0	0.0	0.0	0.0	0.0	5.0	33.0	0.0	0.0	0.0	2136.0	0.0	0.0	0.0	0.0	0.0	0.0	0.0	0.0	40.0	0.0	0.0	0.0	89.0	0.0	0.0	9.0	0.0	0.0	0.0	0.0	0.0	0.0	0.0	21.0	0.0	0.0	15.0	0.0	0.0	0.0	0.0	0.0	0.0	0.0	0.0	0.0	0.0	0.0	0.0	0.0	0.0	0.0	0.0	0.0	0.0	0.0	0.0	0.0	0.0	0.0
SRR16953385	0.0	6.0	449.0	0.0	1202.0	31.0	0.0	0.0	0.0	585.0	3437.0	0.0	34.0	0.0	12.0	0.0	58.0	18.0	0.0	113.0	0.0	9.0	320.0	0.0	0.0	45.0	0.0	102.0	15.0	5.0	0.0	0.0	0.0	7.0	427.0	764.0	191.0	3.0	4.0	0.0	0.0	0.0	10.0	21.0	0.0	0.0	0.0	12.0	49.0	27.0	154.0	258.0	16.0	659.0	11.0	0.0	0.0	26.0	20.0	2.0	0.0	0.0	0.0	7.0	0.0	0.0	193.0	25.0	0.0	25.0	9.0	0.0	0.0	295.0	62.0	0.0	0.0	5.0	22.0	0.0	0.0	0.0	0.0	0.0	19.0	7.0	0.0	0.0	2295.0	40.0	39.0	45.0	16.0	0.0	0.0	0.0	0.0	0.0	0.0	0.0	0.0	0.0	0.0	0.0	0.0	0.0	201.0	0.0	0.0	0.0	0.0	0.0	0.0	0.0	0.0	0.0	4.0	132.0	0.0	0.0	70.0	0.0	0.0	8.0	0.0	0.0	239.0	0.0	0.0	0.0	0.0	0.0	0.0	0.0	7.0	2.0	42.0	0.0	0.0	0.0	6.0	0.0	0.0	0.0	60.0	0.0	24.0	0.0	0.0	0.0	0.0	0.0	0.0	0.0	494.0	0.0	0.0	0.0	0.0	0.0	0.0	0.0	0.0	0.0	0.0	0.0	0.0	0.0	0.0	30.0	0.0	0.0	0.0	0.0	0.0	0.0	0.0	0.0	0.0	0.0	0.0	0.0	0.0	0.0	0.0	0.0	0.0	0.0	0.0	298.0	0.0	0.0	0.0	0.0	0.0	0.0	0.0	0.0	0.0	0.0	0.0	0.0	11.0	0.0	0.0	0.0	0.0	0.0	0.0	0.0	0.0	0.0	0.0	8.0	0.0	0.0	0.0	0.0	0.0	0.0	0.0	2.0	0.0	0.0	0.0	0.0	0.0	0.0	0.0	0.0	0.0	0.0	0.0	0.0	9.0	0.0	0.0	0.0	0.0	3.0
SRR16953387	0.0	23.0	221.0	0.0	1385.0	164.0	0.0	26.0	0.0	11.0	1914.0	0.0	3.0	0.0	21.0	25.0	75.0	0.0	10.0	87.0	0.0	0.0	594.0	0.0	0.0	22.0	0.0	15.0	14.0	0.0	0.0	115.0	0.0	22.0	391.0	482.0	311.0	6.0	0.0	33.0	0.0	0.0	59.0	33.0	0.0	0.0	0.0	0.0	0.0	90.0	500.0	89.0	0.0	226.0	8.0	0.0	0.0	38.0	0.0	9.0	0.0	0.0	0.0	0.0	0.0	0.0	138.0	0.0	0.0	0.0	6.0	0.0	47.0	866.0	38.0	0.0	0.0	0.0	0.0	0.0	0.0	0.0	0.0	0.0	0.0	25.0	0.0	0.0	124.0	0.0	42.0	141.0	0.0	0.0	0.0	0.0	0.0	0.0	11.0	0.0	0.0	0.0	0.0	0.0	0.0	0.0	0.0	0.0	0.0	0.0	0.0	0.0	0.0	0.0	7.0	0.0	0.0	387.0	0.0	0.0	156.0	0.0	0.0	0.0	0.0	0.0	483.0	0.0	0.0	0.0	8.0	0.0	0.0	0.0	0.0	0.0	213.0	0.0	0.0	29.0	0.0	0.0	0.0	0.0	0.0	0.0	25.0	0.0	0.0	0.0	0.0	0.0	0.0	0.0	0.0	0.0	0.0	8.0	0.0	0.0	0.0	0.0	0.0	0.0	0.0	0.0	0.0	0.0	0.0	23.0	0.0	0.0	0.0	0.0	0.0	0.0	0.0	0.0	0.0	0.0	0.0	0.0	0.0	0.0	0.0	0.0	0.0	0.0	0.0	1174.0	0.0	0.0	0.0	6.0	0.0	0.0	0.0	0.0	0.0	0.0	0.0	0.0	88.0	0.0	0.0	0.0	13.0	0.0	0.0	0.0	0.0	0.0	0.0	0.0	0.0	0.0	3.0	0.0	0.0	0.0	15.0	0.0	0.0	0.0	0.0	0.0	0.0	0.0	0.0	0.0	0.0	0.0	0.0	0.0	0.0	0.0	0.0	0.0	0.0	0.0
SRR16953388	0.0	248.0	513.0	0.0	1540.0	549.0	0.0	45.0	21.0	104.0	133.0	10.0	11.0	64.0	303.0	21.0	180.0	60.0	572.0	764.0	0.0	0.0	1235.0	0.0	85.0	0.0	0.0	18.0	184.0	0.0	0.0	0.0	71.0	0.0	700.0	219.0	566.0	68.0	0.0	20.0	37.0	0.0	7.0	360.0	0.0	201.0	0.0	65.0	0.0	126.0	12.0	45.0	242.0	2075.0	4.0	0.0	52.0	355.0	0.0	0.0	0.0	0.0	6.0	19.0	0.0	0.0	70.0	59.0	0.0	0.0	32.0	0.0	1201.0	2827.0	117.0	0.0	0.0	61.0	20.0	0.0	0.0	0.0	0.0	0.0	0.0	0.0	0.0	48.0	67.0	0.0	43.0	524.0	33.0	21.0	0.0	54.0	0.0	0.0	47.0	0.0	0.0	0.0	0.0	0.0	39.0	81.0	0.0	0.0	0.0	0.0	23.0	0.0	5.0	59.0	23.0	0.0	0.0	4775.0	0.0	0.0	1711.0	0.0	0.0	0.0	16.0	35.0	189.0	24.0	0.0	0.0	45.0	0.0	0.0	0.0	178.0	0.0	592.0	0.0	0.0	0.0	0.0	0.0	17.0	0.0	0.0	17.0	0.0	0.0	0.0	0.0	0.0	31.0	8.0	0.0	54.0	0.0	0.0	94.0	9.0	0.0	0.0	0.0	0.0	0.0	0.0	0.0	0.0	0.0	0.0	18.0	0.0	0.0	0.0	0.0	0.0	0.0	0.0	0.0	46.0	0.0	0.0	0.0	0.0	5.0	0.0	20.0	0.0	0.0	0.0	7870.0	0.0	0.0	0.0	16.0	0.0	23.0	381.0	0.0	0.0	0.0	0.0	0.0	0.0	0.0	0.0	11.0	29.0	0.0	0.0	0.0	0.0	0.0	0.0	0.0	0.0	0.0	5.0	0.0	0.0	0.0	47.0	7.0	0.0	0.0	0.0	0.0	0.0	0.0	0.0	0.0	0.0	0.0	0.0	0.0	0.0	0.0	0.0	0.0	0.0	0.0
SRR16953389	0.0	0.0	0.0	0.0	0.0	0.0	0.0	0.0	0.0	0.0	0.0	0.0	0.0	0.0	0.0	0.0	0.0	0.0	0.0	0.0	0.0	0.0	0.0	0.0	0.0	0.0	0.0	0.0	0.0	0.0	0.0	0.0	0.0	0.0	0.0	0.0	0.0	0.0	0.0	0.0	0.0	0.0	0.0	0.0	0.0	0.0	0.0	0.0	0.0	0.0	0.0	0.0	0.0	0.0	0.0	0.0	0.0	0.0	0.0	0.0	0.0	0.0	0.0	0.0	0.0	0.0	0.0	1299.0	0.0	0.0	0.0	0.0	0.0	0.0	0.0	0.0	0.0	0.0	0.0	0.0	0.0	28.0	0.0	0.0	0.0	0.0	0.0	0.0	0.0	0.0	0.0	0.0	0.0	0.0	0.0	0.0	0.0	0.0	0.0	0.0	0.0	0.0	0.0	0.0	0.0	0.0	0.0	0.0	0.0	0.0	0.0	0.0	0.0	0.0	0.0	0.0	0.0	0.0	0.0	0.0	0.0	0.0	0.0	0.0	0.0	0.0	0.0	0.0	0.0	0.0	0.0	0.0	0.0	0.0	0.0	0.0	0.0	0.0	0.0	0.0	0.0	0.0	0.0	0.0	0.0	0.0	0.0	0.0	0.0	0.0	0.0	0.0	0.0	0.0	0.0	0.0	0.0	0.0	0.0	0.0	0.0	0.0	206.0	0.0	0.0	0.0	0.0	0.0	0.0	0.0	0.0	0.0	0.0	0.0	0.0	0.0	0.0	0.0	0.0	0.0	0.0	0.0	0.0	0.0	0.0	0.0	0.0	0.0	0.0	0.0	0.0	0.0	0.0	0.0	0.0	0.0	0.0	0.0	0.0	0.0	0.0	0.0	0.0	0.0	0.0	0.0	18217.0	0.0	0.0	0.0	0.0	0.0	0.0	0.0	0.0	0.0	0.0	0.0	0.0	0.0	0.0	0.0	0.0	0.0	0.0	0.0	0.0	0.0	0.0	0.0	0.0	0.0	0.0	0.0	0.0	0.0	0.0	0.0	0.0	0.0
SRR16953391	0.0	17.0	1226.0	0.0	1356.0	466.0	678.0	71.0	0.0	1513.0	2760.0	10.0	17.0	7.0	76.0	32.0	337.0	16.0	66.0	256.0	0.0	45.0	1521.0	0.0	0.0	43.0	0.0	150.0	17.0	11.0	0.0	327.0	0.0	0.0	585.0	1781.0	732.0	7.0	0.0	25.0	10.0	0.0	32.0	0.0	0.0	12.0	0.0	15.0	22.0	22.0	429.0	695.0	0.0	392.0	10.0	31.0	0.0	82.0	0.0	86.0	0.0	0.0	0.0	9.0	0.0	0.0	702.0	21.0	3.0	205.0	47.0	0.0	37.0	424.0	65.0	0.0	0.0	0.0	0.0	0.0	0.0	0.0	0.0	0.0	0.0	34.0	2386.0	0.0	917.0	31.0	281.0	197.0	18.0	19.0	0.0	0.0	0.0	0.0	23.0	0.0	0.0	0.0	0.0	0.0	0.0	0.0	0.0	0.0	0.0	0.0	0.0	0.0	0.0	18.0	55.0	0.0	0.0	349.0	0.0	0.0	257.0	0.0	0.0	0.0	18.0	0.0	684.0	0.0	0.0	0.0	17.0	0.0	0.0	0.0	16.0	0.0	492.0	0.0	0.0	38.0	10.0	0.0	0.0	0.0	107.0	0.0	0.0	0.0	4.0	0.0	0.0	10.0	0.0	0.0	55.0	0.0	6.0	17.0	0.0	0.0	0.0	0.0	0.0	0.0	0.0	0.0	21.0	0.0	0.0	113.0	0.0	0.0	0.0	0.0	0.0	0.0	0.0	0.0	0.0	7.0	0.0	0.0	0.0	0.0	0.0	0.0	0.0	0.0	0.0	1442.0	0.0	0.0	0.0	0.0	0.0	0.0	0.0	3.0	0.0	0.0	0.0	0.0	85.0	0.0	0.0	0.0	0.0	18.0	0.0	37.0	0.0	0.0	0.0	9.0	0.0	0.0	0.0	0.0	0.0	0.0	11.0	0.0	73.0	0.0	0.0	0.0	0.0	0.0	0.0	0.0	0.0	0.0	0.0	0.0	0.0	0.0	0.0	0.0	0.0	0.0
SRR16953392	45.0	10.0	159.0	0.0	857.0	267.0	0.0	273.0	0.0	502.0	374.0	0.0	45.0	0.0	156.0	0.0	31.0	20.0	272.0	405.0	0.0	0.0	662.0	0.0	35.0	43.0	0.0	70.0	32.0	3.0	0.0	5.0	25.0	0.0	456.0	718.0	134.0	78.0	0.0	10.0	0.0	0.0	118.0	104.0	0.0	20.0	0.0	0.0	31.0	19.0	138.0	724.0	32.0	310.0	601.0	0.0	0.0	34.0	13.0	0.0	0.0	0.0	0.0	25.0	0.0	0.0	71.0	28.0	0.0	26.0	0.0	3.0	0.0	86.0	48.0	0.0	0.0	13.0	78.0	0.0	42.0	0.0	0.0	0.0	0.0	0.0	2.0	18.0	1930.0	36.0	218.0	48.0	20.0	0.0	0.0	21.0	0.0	0.0	0.0	0.0	0.0	52.0	0.0	0.0	16.0	0.0	96.0	0.0	0.0	7.0	0.0	0.0	0.0	0.0	43.0	0.0	5.0	612.0	0.0	0.0	348.0	0.0	0.0	0.0	0.0	0.0	379.0	0.0	0.0	0.0	0.0	35.0	0.0	0.0	19.0	0.0	11.0	0.0	0.0	0.0	21.0	0.0	0.0	0.0	13.0	0.0	0.0	0.0	0.0	0.0	0.0	0.0	0.0	0.0	0.0	0.0	2.0	0.0	0.0	0.0	0.0	0.0	0.0	0.0	0.0	3.0	0.0	0.0	0.0	72.0	0.0	0.0	0.0	0.0	0.0	0.0	0.0	0.0	0.0	0.0	0.0	0.0	0.0	0.0	0.0	0.0	0.0	0.0	0.0	1444.0	0.0	0.0	0.0	0.0	0.0	0.0	0.0	0.0	0.0	0.0	0.0	0.0	12.0	0.0	0.0	174.0	0.0	0.0	0.0	0.0	0.0	0.0	0.0	12.0	0.0	161.0	0.0	0.0	0.0	0.0	0.0	0.0	0.0	0.0	0.0	0.0	0.0	0.0	0.0	0.0	0.0	0.0	0.0	0.0	0.0	0.0	0.0	0.0	0.0	0.0
SRR16953393	0.0	50.0	881.0	0.0	1510.0	256.0	40.0	23.0	0.0	400.0	6714.0	0.0	34.0	23.0	74.0	40.0	165.0	44.0	124.0	235.0	0.0	0.0	1797.0	0.0	9.0	60.0	0.0	78.0	48.0	12.0	0.0	263.0	37.0	0.0	1134.0	2245.0	650.0	0.0	0.0	0.0	14.0	0.0	57.0	103.0	0.0	38.0	0.0	19.0	0.0	142.0	105.0	952.0	48.0	885.0	0.0	0.0	0.0	21.0	0.0	125.0	0.0	0.0	0.0	4.0	0.0	0.0	329.0	61.0	0.0	38.0	88.0	0.0	126.0	2422.0	87.0	0.0	0.0	31.0	0.0	0.0	0.0	0.0	0.0	0.0	0.0	45.0	0.0	18.0	157.0	0.0	171.0	366.0	0.0	121.0	0.0	10.0	0.0	0.0	3.0	0.0	0.0	7.0	0.0	0.0	7.0	0.0	322.0	0.0	0.0	0.0	0.0	0.0	2.0	0.0	44.0	0.0	0.0	1677.0	0.0	0.0	416.0	0.0	0.0	0.0	0.0	0.0	83.0	0.0	0.0	0.0	0.0	40.0	0.0	0.0	30.0	0.0	328.0	0.0	0.0	0.0	0.0	0.0	0.0	0.0	58.0	0.0	52.0	0.0	0.0	0.0	0.0	0.0	0.0	0.0	122.0	0.0	0.0	0.0	0.0	0.0	0.0	0.0	0.0	0.0	0.0	0.0	0.0	0.0	0.0	43.0	0.0	25.0	0.0	0.0	0.0	0.0	0.0	0.0	33.0	0.0	0.0	0.0	0.0	0.0	7.0	0.0	0.0	0.0	0.0	1012.0	0.0	0.0	0.0	0.0	0.0	0.0	0.0	0.0	0.0	0.0	0.0	0.0	274.0	0.0	0.0	0.0	0.0	0.0	0.0	0.0	0.0	0.0	0.0	13.0	0.0	0.0	0.0	0.0	0.0	0.0	14.0	0.0	0.0	0.0	0.0	0.0	0.0	0.0	0.0	0.0	0.0	0.0	0.0	0.0	0.0	0.0	0.0	0.0	0.0	0.0
SRR16953394	25.0	424.0	1825.0	0.0	3985.0	260.0	169.0	36.0	56.0	1604.0	139.0	0.0	359.0	17.0	1846.0	45.0	69.0	157.0	611.0	626.0	0.0	12.0	1468.0	40.0	50.0	87.0	0.0	640.0	26.0	25.0	40.0	0.0	294.0	184.0	2030.0	211.0	995.0	114.0	0.0	0.0	31.0	0.0	0.0	501.0	0.0	329.0	0.0	147.0	66.0	262.0	52.0	264.0	259.0	1144.0	0.0	0.0	105.0	284.0	79.0	0.0	0.0	0.0	0.0	91.0	10.0	0.0	40.0	846.0	0.0	54.0	39.0	0.0	0.0	6502.0	268.0	0.0	0.0	139.0	147.0	0.0	49.0	0.0	0.0	0.0	171.0	32.0	0.0	116.0	120.0	61.0	237.0	462.0	45.0	2.0	0.0	0.0	0.0	0.0	0.0	16.0	0.0	0.0	0.0	13.0	0.0	691.0	833.0	131.0	0.0	0.0	10.0	0.0	0.0	5.0	4.0	0.0	226.0	8064.0	0.0	0.0	7496.0	10.0	0.0	5.0	0.0	0.0	47.0	0.0	4.0	3.0	20.0	31.0	0.0	10.0	331.0	0.0	308.0	0.0	0.0	0.0	0.0	0.0	31.0	11.0	0.0	0.0	0.0	21.0	0.0	0.0	0.0	405.0	0.0	22.0	21.0	0.0	5.0	45.0	0.0	0.0	0.0	0.0	0.0	0.0	9.0	66.0	0.0	0.0	0.0	405.0	0.0	0.0	0.0	0.0	3.0	0.0	0.0	43.0	0.0	0.0	0.0	0.0	0.0	0.0	59.0	16.0	0.0	0.0	0.0	1928.0	0.0	0.0	0.0	0.0	0.0	13.0	0.0	0.0	0.0	0.0	31.0	0.0	9.0	0.0	0.0	0.0	11.0	4.0	0.0	0.0	0.0	0.0	0.0	0.0	0.0	0.0	5.0	0.0	0.0	0.0	67.0	0.0	0.0	0.0	0.0	0.0	7.0	0.0	0.0	0.0	0.0	0.0	0.0	0.0	0.0	0.0	0.0	5.0	0.0	0.0
SRR16953397	0.0	66.0	177.0	0.0	874.0	67.0	0.0	0.0	13.0	45.0	23.0	0.0	38.0	18.0	193.0	0.0	50.0	15.0	255.0	346.0	0.0	3.0	296.0	0.0	34.0	0.0	7.0	18.0	40.0	5.0	0.0	0.0	38.0	71.0	200.0	96.0	340.0	0.0	0.0	0.0	32.0	0.0	0.0	203.0	0.0	207.0	0.0	0.0	0.0	71.0	4.0	0.0	25.0	812.0	0.0	0.0	42.0	274.0	0.0	0.0	0.0	0.0	0.0	6.0	0.0	0.0	0.0	32.0	0.0	0.0	24.0	0.0	255.0	1207.0	37.0	0.0	0.0	5.0	13.0	0.0	0.0	0.0	0.0	0.0	0.0	19.0	0.0	15.0	303.0	0.0	29.0	65.0	0.0	13.0	0.0	14.0	0.0	0.0	10.0	0.0	0.0	0.0	0.0	0.0	0.0	25.0	12.0	0.0	0.0	0.0	52.0	0.0	0.0	0.0	7.0	0.0	0.0	1041.0	0.0	0.0	897.0	0.0	6.0	0.0	0.0	0.0	49.0	0.0	0.0	0.0	9.0	0.0	0.0	0.0	129.0	0.0	183.0	0.0	0.0	0.0	0.0	0.0	0.0	0.0	0.0	10.0	0.0	0.0	0.0	0.0	0.0	0.0	0.0	0.0	21.0	0.0	0.0	16.0	20.0	0.0	0.0	13.0	0.0	0.0	0.0	0.0	0.0	0.0	0.0	10.0	0.0	0.0	0.0	7.0	0.0	0.0	0.0	0.0	0.0	0.0	0.0	0.0	0.0	30.0	0.0	0.0	0.0	0.0	0.0	616.0	0.0	0.0	0.0	0.0	0.0	0.0	88.0	0.0	0.0	0.0	0.0	0.0	0.0	0.0	0.0	0.0	0.0	0.0	0.0	0.0	0.0	0.0	0.0	0.0	0.0	0.0	0.0	0.0	0.0	0.0	30.0	0.0	0.0	0.0	0.0	0.0	0.0	0.0	0.0	0.0	0.0	0.0	0.0	0.0	0.0	0.0	0.0	0.0	0.0	0.0
SRR16953398	0.0	17.0	421.0	0.0	845.0	549.0	15.0	265.0	0.0	70.0	820.0	0.0	16.0	0.0	62.0	5.0	117.0	0.0	129.0	850.0	0.0	7.0	1707.0	0.0	0.0	53.0	0.0	30.0	44.0	9.0	0.0	185.0	13.0	0.0	583.0	1477.0	437.0	0.0	0.0	0.0	0.0	0.0	59.0	62.0	0.0	23.0	0.0	0.0	0.0	29.0	19.0	1402.0	0.0	133.0	0.0	0.0	0.0	56.0	0.0	26.0	0.0	0.0	0.0	0.0	0.0	0.0	248.0	45.0	0.0	0.0	15.0	0.0	42.0	775.0	76.0	0.0	0.0	0.0	49.0	0.0	0.0	0.0	0.0	0.0	0.0	0.0	0.0	0.0	1618.0	0.0	116.0	206.0	0.0	10.0	0.0	0.0	0.0	0.0	26.0	0.0	0.0	0.0	0.0	0.0	0.0	0.0	5.0	2.0	0.0	0.0	0.0	0.0	0.0	0.0	16.0	0.0	2.0	3412.0	0.0	0.0	181.0	0.0	0.0	0.0	4.0	0.0	219.0	0.0	0.0	0.0	7.0	19.0	0.0	0.0	47.0	0.0	210.0	0.0	0.0	34.0	7.0	0.0	8.0	0.0	0.0	0.0	0.0	0.0	0.0	0.0	0.0	0.0	0.0	0.0	32.0	0.0	0.0	0.0	0.0	0.0	0.0	7.0	0.0	0.0	0.0	0.0	0.0	0.0	0.0	9.0	0.0	0.0	0.0	0.0	0.0	0.0	0.0	0.0	0.0	0.0	0.0	0.0	0.0	0.0	0.0	0.0	0.0	0.0	0.0	630.0	0.0	0.0	0.0	0.0	0.0	0.0	9.0	0.0	0.0	0.0	0.0	0.0	7.0	0.0	0.0	0.0	0.0	0.0	0.0	0.0	0.0	0.0	0.0	0.0	0.0	0.0	2.0	0.0	0.0	0.0	0.0	0.0	0.0	0.0	0.0	0.0	0.0	0.0	0.0	0.0	0.0	0.0	0.0	0.0	0.0	0.0	0.0	0.0	0.0	0.0
SRR16953399	10.0	61.0	2537.0	0.0	1385.0	80.0	743.0	35.0	0.0	1042.0	723.0	0.0	30.0	18.0	318.0	78.0	24.0	72.0	87.0	1045.0	0.0	64.0	405.0	0.0	75.0	121.0	9.0	66.0	39.0	0.0	375.0	180.0	94.0	0.0	1673.0	29.0	58.0	208.0	0.0	76.0	0.0	11.0	0.0	0.0	0.0	39.0	0.0	0.0	40.0	14.0	29.0	505.0	9.0	126.0	0.0	0.0	0.0	4.0	84.0	5.0	0.0	0.0	0.0	11.0	0.0	0.0	0.0	236.0	630.0	163.0	48.0	0.0	0.0	713.0	78.0	0.0	0.0	20.0	60.0	0.0	331.0	56.0	0.0	0.0	355.0	4.0	8.0	150.0	309.0	22.0	391.0	167.0	0.0	14.0	0.0	0.0	0.0	0.0	0.0	0.0	0.0	0.0	0.0	42.0	0.0	433.0	55.0	44.0	0.0	15.0	0.0	0.0	0.0	24.0	298.0	0.0	0.0	1185.0	10.0	0.0	184.0	0.0	0.0	160.0	15.0	0.0	133.0	0.0	0.0	0.0	12.0	32.0	0.0	0.0	14.0	10.0	9.0	0.0	28.0	0.0	0.0	0.0	56.0	5.0	0.0	0.0	130.0	0.0	179.0	0.0	0.0	14.0	0.0	0.0	26.0	0.0	0.0	15.0	0.0	55.0	0.0	0.0	0.0	0.0	0.0	0.0	0.0	0.0	0.0	544.0	0.0	0.0	0.0	0.0	0.0	3.0	0.0	0.0	0.0	0.0	0.0	0.0	0.0	0.0	0.0	0.0	7.0	0.0	0.0	705.0	0.0	0.0	0.0	0.0	0.0	29.0	0.0	22.0	0.0	0.0	0.0	0.0	48.0	0.0	0.0	233.0	0.0	9.0	0.0	0.0	0.0	263.0	0.0	39.0	0.0	0.0	7.0	9.0	0.0	0.0	0.0	2.0	0.0	0.0	25.0	0.0	0.0	18.0	0.0	0.0	0.0	0.0	0.0	0.0	7.0	0.0	0.0	0.0	0.0	0.0
