#SampleID	d__Bacteria;p__Proteobacteria;c__Gammaproteobacteria	d__Bacteria;p__Myxococcota;c__Polyangia	d__Bacteria;p__Bacteroidota;c__Bacteroidia	d__Bacteria;p__Chloroflexi;c__Chloroflexia	d__Bacteria;p__Proteobacteria;c__Alphaproteobacteria	d__Bacteria;p__Actinobacteriota;c__Actinobacteria	d__Bacteria;p__Verrucomicrobiota;c__Verrucomicrobiae	d__Bacteria;p__Nitrospirota;c__Nitrospiria	d__Bacteria;p__Cyanobacteria;c__Vampirivibrionia	d__Bacteria;p__Chloroflexi;c__Dehalococcoidia	d__Bacteria;p__Planctomycetota;c__Planctomycetes	d__Bacteria;p__Actinobacteriota;c__Thermoleophilia	d__Bacteria;p__Verrucomicrobiota;c__Chlamydiae	d__Bacteria;p__Acidobacteriota;c__Vicinamibacteria	d__Bacteria;p__Elusimicrobiota;c__Elusimicrobia	d__Bacteria;p__Actinobacteriota;c__Acidimicrobiia	d__Bacteria;p__Planctomycetota;c__Phycisphaerae	d__Bacteria;p__Armatimonadota;c__Armatimonadia	d__Bacteria;p__Armatimonadota;c__Chthonomonadetes	d__Bacteria;p__Acidobacteriota;c__Blastocatellia	d__Bacteria;p__Bdellovibrionota;c__Bdellovibrionia	d__Bacteria;p__Cyanobacteria;c__Sericytochromatia	d__Bacteria;p__Bdellovibrionota;c__Oligoflexia	d__Bacteria;p__Planctomycetota;c__vadinHA49	d__Bacteria;p__Chloroflexi;c__Ktedonobacteria	d__Bacteria;p__Acidobacteriota;c__Acidobacteriae	d__Bacteria;p__Actinobacteriota;c__MB-A2-108	d__Bacteria;p__Gemmatimonadota;c__Gemmatimonadetes	d__Bacteria;p__Firmicutes;c__Clostridia	d__Bacteria;p__Myxococcota;c__Myxococcia	d__Bacteria;p__Patescibacteria;c__Saccharimonadia	d__Bacteria;p__Armatimonadota;c__uncultured	d__Bacteria;p__Fibrobacterota;c__Fibrobacteria	d__Bacteria;p__Abditibacteriota;c__Abditibacteria	d__Bacteria;p__Dependentiae;c__Babeliae	d__Bacteria;p__Cyanobacteria;c__Cyanobacteriia	d__Bacteria;p__Firmicutes;c__Bacilli	d__Bacteria;p__Latescibacterota;c__Latescibacterota	d__Bacteria;p__Chloroflexi;c__Anaerolineae	d__Bacteria;p__Patescibacteria;c__ABY1	d__Bacteria;p__Sumerlaeota;c__Sumerlaeia	d__Bacteria;p__Spirochaetota;c__Spirochaetia	d__Bacteria;p__Patescibacteria;c__Parcubacteria	d__Bacteria;p__Methylomirabilota;c__Methylomirabilia	d__Bacteria;p__Spirochaetota;c__Leptospirae	d__Bacteria;p__Gemmatimonadota;c__Longimicrobia	d__Bacteria;p__Acidobacteriota;c__Holophagae	d__Bacteria;p__Acidobacteriota;c__Thermoanaerobaculia	d__Bacteria;p__Myxococcota;c__bacteriap25	d__Bacteria;p__Desulfobacterota;c__uncultured	d__Bacteria;p__Bacteroidota;c__Kapabacteria	d__Bacteria;p__Chloroflexi;c__KD4-96	d__Bacteria;p__Gemmatimonadota;c__S0134_terrestrial_group	d__Bacteria;p__Deinococcota;c__Deinococci	d__Bacteria;p__Planctomycetota;c__OM190	d__Bacteria;p__Armatimonadota;c__Fimbriimonadia	d__Bacteria;p__WPS-2;c__WPS-2	d__Bacteria;p__GAL15;c__GAL15	d__Bacteria;p__Chloroflexi;c__TK10	d__Bacteria;p__Latescibacterota;c__Latescibacteria	d__Bacteria;p__Planctomycetota;c__BD7-11	d__Bacteria;p__Patescibacteria;c__Berkelbacteria	d__Bacteria;p__Chloroflexi;c__Gitt-GS-136	d__Bacteria;p__Chloroflexi;c__OLB14	d__Bacteria;p__MBNT15;c__MBNT15	d__Bacteria;p__Acidobacteriota;c__Subgroup_11	d__Bacteria;p__Planctomycetota;c__Pla3_lineage
SRR16953348	5091.0	305.0	5447.0	8.0	2976.0	324.0	1286.0	78.0	687.0	0.0	168.0	15.0	110.0	72.0	26.0	474.0	0.0	0.0	0.0	124.0	120.0	18.0	25.0	7.0	0.0	35.0	0.0	101.0	0.0	33.0	4.0	9.0	0.0	0.0	6.0	43.0	0.0	0.0	16.0	11.0	0.0	0.0	0.0	0.0	0.0	0.0	66.0	0.0	0.0	0.0	9.0	0.0	0.0	80.0	0.0	9.0	17.0	0.0	0.0	0.0	0.0	0.0	0.0	0.0	0.0	0.0	0.0
SRR16953349	6411.0	216.0	3157.0	0.0	5832.0	2899.0	2756.0	28.0	68.0	0.0	115.0	32.0	112.0	8.0	21.0	70.0	33.0	0.0	0.0	43.0	40.0	13.0	38.0	214.0	0.0	25.0	0.0	169.0	0.0	226.0	81.0	76.0	13.0	29.0	57.0	0.0	8.0	0.0	0.0	0.0	0.0	0.0	3.0	0.0	0.0	0.0	0.0	0.0	0.0	0.0	0.0	0.0	0.0	4475.0	0.0	0.0	150.0	0.0	7.0	0.0	16.0	2.0	0.0	0.0	0.0	0.0	0.0
SRR16953350	2890.0	189.0	1607.0	0.0	2654.0	1164.0	2411.0	10.0	38.0	0.0	7.0	15.0	50.0	61.0	9.0	49.0	9.0	17.0	0.0	0.0	43.0	74.0	0.0	178.0	10.0	11.0	0.0	104.0	0.0	25.0	191.0	98.0	30.0	18.0	15.0	0.0	0.0	0.0	0.0	0.0	10.0	0.0	0.0	0.0	0.0	0.0	22.0	0.0	0.0	0.0	0.0	0.0	0.0	1064.0	0.0	0.0	47.0	0.0	0.0	0.0	0.0	0.0	0.0	0.0	0.0	0.0	0.0
SRR16953351	4344.0	191.0	1582.0	0.0	2122.0	3048.0	1672.0	5.0	33.0	2.0	30.0	54.0	92.0	59.0	0.0	43.0	3.0	0.0	6.0	21.0	151.0	0.0	0.0	178.0	0.0	16.0	0.0	72.0	0.0	33.0	370.0	64.0	19.0	13.0	23.0	0.0	0.0	0.0	0.0	0.0	0.0	0.0	0.0	0.0	0.0	0.0	0.0	0.0	0.0	0.0	0.0	11.0	0.0	720.0	0.0	0.0	65.0	0.0	0.0	0.0	0.0	0.0	0.0	4.0	0.0	0.0	0.0
SRR16953352	12624.0	588.0	11698.0	8.0	15226.0	3943.0	6085.0	249.0	5.0	0.0	703.0	197.0	1377.0	131.0	45.0	201.0	146.0	45.0	0.0	196.0	78.0	51.0	121.0	386.0	0.0	111.0	0.0	127.0	0.0	320.0	53.0	41.0	32.0	8.0	59.0	0.0	64.0	0.0	18.0	0.0	0.0	10.0	0.0	0.0	0.0	0.0	40.0	0.0	0.0	0.0	4.0	30.0	0.0	5006.0	4.0	13.0	192.0	0.0	0.0	0.0	45.0	0.0	0.0	0.0	0.0	0.0	0.0
SRR16953353	3838.0	265.0	3062.0	6.0	2347.0	424.0	1473.0	10.0	0.0	0.0	179.0	0.0	56.0	66.0	23.0	72.0	0.0	0.0	0.0	35.0	5.0	14.0	8.0	103.0	0.0	16.0	0.0	45.0	0.0	8.0	0.0	9.0	0.0	0.0	0.0	20.0	0.0	0.0	23.0	0.0	0.0	0.0	0.0	0.0	0.0	0.0	27.0	7.0	0.0	0.0	0.0	0.0	0.0	295.0	0.0	0.0	37.0	0.0	0.0	0.0	20.0	0.0	0.0	0.0	0.0	0.0	0.0
SRR16953354	7206.0	607.0	5780.0	0.0	10641.0	4897.0	3767.0	71.0	23.0	0.0	4.0	389.0	137.0	195.0	43.0	255.0	16.0	0.0	10.0	67.0	78.0	48.0	21.0	324.0	0.0	8.0	0.0	460.0	0.0	66.0	721.0	41.0	20.0	45.0	63.0	0.0	51.0	0.0	0.0	0.0	0.0	0.0	0.0	0.0	0.0	11.0	53.0	0.0	0.0	0.0	0.0	53.0	0.0	3828.0	0.0	0.0	113.0	0.0	10.0	0.0	0.0	0.0	0.0	9.0	0.0	0.0	0.0
SRR16953355	2920.0	42.0	1080.0	0.0	3566.0	1677.0	9.0	53.0	38.0	0.0	7.0	63.0	0.0	0.0	30.0	0.0	0.0	0.0	0.0	12.0	11.0	25.0	6.0	8.0	0.0	0.0	0.0	0.0	0.0	0.0	0.0	3.0	0.0	0.0	0.0	0.0	340.0	0.0	0.0	0.0	0.0	0.0	0.0	0.0	0.0	0.0	0.0	0.0	0.0	0.0	0.0	14.0	0.0	640.0	0.0	0.0	0.0	0.0	0.0	0.0	12.0	0.0	0.0	0.0	0.0	0.0	0.0
SRR16953358	4928.0	227.0	2917.0	0.0	3394.0	1743.0	643.0	89.0	13.0	0.0	60.0	30.0	94.0	0.0	16.0	36.0	0.0	0.0	0.0	18.0	134.0	34.0	19.0	411.0	0.0	12.0	0.0	0.0	0.0	67.0	155.0	20.0	0.0	0.0	0.0	0.0	25.0	0.0	0.0	0.0	0.0	0.0	0.0	0.0	0.0	0.0	0.0	18.0	0.0	0.0	0.0	0.0	0.0	182.0	0.0	0.0	0.0	0.0	0.0	0.0	6.0	0.0	0.0	0.0	3.0	0.0	0.0
SRR16953359	5930.0	389.0	3254.0	0.0	4131.0	2220.0	2493.0	112.0	0.0	0.0	136.0	30.0	102.0	46.0	97.0	108.0	0.0	9.0	0.0	103.0	73.0	54.0	47.0	124.0	0.0	22.0	0.0	44.0	0.0	45.0	0.0	0.0	0.0	0.0	40.0	0.0	0.0	0.0	0.0	0.0	0.0	0.0	0.0	0.0	0.0	0.0	0.0	0.0	0.0	0.0	0.0	0.0	0.0	519.0	0.0	0.0	11.0	0.0	0.0	0.0	36.0	0.0	0.0	0.0	0.0	0.0	0.0
SRR16953360	7665.0	334.0	2854.0	0.0	6488.0	733.0	2954.0	17.0	282.0	0.0	68.0	81.0	30.0	16.0	8.0	88.0	0.0	0.0	8.0	30.0	169.0	136.0	0.0	197.0	0.0	69.0	0.0	252.0	0.0	174.0	224.0	77.0	21.0	34.0	66.0	0.0	12.0	0.0	4.0	0.0	7.0	0.0	0.0	0.0	0.0	0.0	31.0	0.0	0.0	0.0	0.0	0.0	7.0	1567.0	0.0	0.0	126.0	0.0	0.0	0.0	0.0	0.0	0.0	0.0	0.0	0.0	0.0
SRR16953361	6251.0	152.0	6299.0	4.0	5344.0	2799.0	2529.0	98.0	12.0	0.0	84.0	63.0	193.0	11.0	8.0	29.0	5.0	0.0	0.0	34.0	82.0	27.0	0.0	429.0	0.0	32.0	0.0	197.0	0.0	13.0	291.0	0.0	0.0	0.0	63.0	0.0	13.0	0.0	0.0	0.0	0.0	10.0	0.0	0.0	12.0	0.0	12.0	0.0	0.0	0.0	0.0	16.0	0.0	2184.0	0.0	0.0	27.0	0.0	0.0	0.0	0.0	0.0	0.0	0.0	0.0	0.0	0.0
SRR16953362	2549.0	0.0	1780.0	0.0	4554.0	2055.0	3255.0	0.0	0.0	0.0	0.0	100.0	0.0	0.0	0.0	0.0	0.0	0.0	0.0	0.0	64.0	105.0	0.0	0.0	0.0	8.0	0.0	0.0	0.0	142.0	15.0	0.0	0.0	0.0	13.0	0.0	0.0	0.0	0.0	0.0	0.0	0.0	0.0	0.0	0.0	0.0	0.0	0.0	0.0	0.0	0.0	0.0	0.0	782.0	7.0	0.0	6.0	0.0	0.0	0.0	0.0	0.0	0.0	0.0	0.0	0.0	0.0
SRR16953363	6539.0	222.0	3864.0	4.0	7117.0	4940.0	610.0	236.0	0.0	0.0	63.0	202.0	12.0	85.0	48.0	67.0	3.0	0.0	0.0	104.0	120.0	0.0	39.0	34.0	0.0	9.0	0.0	22.0	0.0	9.0	7.0	0.0	15.0	0.0	0.0	0.0	33.0	6.0	0.0	0.0	0.0	2.0	0.0	0.0	0.0	0.0	0.0	0.0	5.0	0.0	10.0	0.0	0.0	5932.0	11.0	0.0	11.0	0.0	0.0	2.0	34.0	0.0	0.0	0.0	0.0	0.0	0.0
SRR16953364	3378.0	192.0	2461.0	0.0	7070.0	5307.0	340.0	8.0	0.0	0.0	0.0	510.0	0.0	107.0	0.0	113.0	0.0	0.0	6.0	4.0	127.0	28.0	22.0	391.0	5.0	29.0	0.0	31.0	0.0	17.0	243.0	6.0	113.0	0.0	0.0	0.0	20.0	0.0	4.0	0.0	0.0	0.0	0.0	0.0	0.0	0.0	24.0	6.0	0.0	0.0	0.0	0.0	0.0	2092.0	28.0	0.0	0.0	0.0	0.0	0.0	0.0	0.0	0.0	0.0	0.0	0.0	0.0
SRR16953365	2889.0	220.0	3273.0	7.0	4692.0	6120.0	1268.0	113.0	45.0	0.0	109.0	47.0	19.0	15.0	0.0	40.0	15.0	0.0	0.0	38.0	31.0	174.0	10.0	13.0	0.0	0.0	0.0	12.0	0.0	12.0	20.0	20.0	0.0	0.0	3.0	0.0	200.0	0.0	0.0	0.0	0.0	0.0	0.0	0.0	0.0	0.0	0.0	0.0	0.0	0.0	0.0	0.0	0.0	6682.0	0.0	0.0	0.0	0.0	0.0	0.0	15.0	0.0	0.0	0.0	0.0	0.0	0.0
SRR16953366	3024.0	191.0	3952.0	0.0	4564.0	1407.0	922.0	24.0	8.0	0.0	204.0	16.0	0.0	0.0	0.0	33.0	111.0	0.0	0.0	43.0	11.0	0.0	0.0	25.0	0.0	10.0	0.0	36.0	0.0	24.0	144.0	71.0	0.0	46.0	8.0	78.0	6.0	0.0	0.0	0.0	0.0	0.0	0.0	0.0	0.0	0.0	49.0	51.0	0.0	0.0	46.0	0.0	0.0	124.0	0.0	145.0	59.0	0.0	0.0	0.0	4.0	0.0	0.0	0.0	0.0	0.0	0.0
SRR16953368	1130.0	0.0	0.0	0.0	0.0	0.0	0.0	0.0	0.0	0.0	0.0	0.0	0.0	0.0	0.0	0.0	0.0	0.0	0.0	0.0	0.0	0.0	0.0	0.0	0.0	0.0	0.0	0.0	0.0	0.0	0.0	0.0	0.0	0.0	0.0	0.0	18469.0	0.0	0.0	0.0	0.0	0.0	0.0	0.0	0.0	0.0	0.0	0.0	0.0	0.0	0.0	0.0	0.0	0.0	0.0	0.0	0.0	0.0	0.0	0.0	0.0	0.0	0.0	0.0	0.0	0.0	0.0
SRR16953369	14049.0	1043.0	8663.0	13.0	12054.0	3523.0	5724.0	253.0	1109.0	0.0	240.0	118.0	476.0	335.0	194.0	222.0	11.0	0.0	4.0	170.0	303.0	133.0	60.0	537.0	0.0	28.0	0.0	247.0	0.0	36.0	131.0	69.0	0.0	20.0	123.0	0.0	31.0	3.0	47.0	0.0	0.0	5.0	0.0	0.0	0.0	0.0	54.0	0.0	0.0	0.0	16.0	0.0	0.0	7517.0	0.0	11.0	68.0	2.0	0.0	0.0	39.0	0.0	5.0	0.0	0.0	0.0	0.0
SRR16953370	13118.0	1012.0	9815.0	0.0	9959.0	4271.0	6163.0	56.0	253.0	0.0	214.0	227.0	61.0	194.0	32.0	383.0	77.0	0.0	0.0	32.0	179.0	36.0	65.0	562.0	0.0	51.0	0.0	629.0	0.0	182.0	247.0	25.0	79.0	97.0	83.0	0.0	33.0	0.0	2.0	0.0	12.0	0.0	9.0	0.0	0.0	0.0	81.0	0.0	0.0	0.0	0.0	0.0	0.0	1971.0	0.0	0.0	155.0	0.0	0.0	0.0	12.0	0.0	0.0	0.0	0.0	0.0	0.0
SRR16953372	5847.0	347.0	3610.0	0.0	4294.0	2472.0	2117.0	26.0	109.0	0.0	31.0	114.0	94.0	111.0	16.0	63.0	32.0	0.0	0.0	7.0	40.0	20.0	7.0	51.0	7.0	24.0	0.0	148.0	0.0	33.0	385.0	27.0	0.0	14.0	23.0	0.0	8.0	0.0	0.0	0.0	10.0	0.0	0.0	0.0	0.0	0.0	23.0	0.0	0.0	0.0	0.0	22.0	0.0	315.0	0.0	0.0	21.0	0.0	0.0	0.0	12.0	0.0	0.0	0.0	0.0	0.0	0.0
SRR16953374	4732.0	530.0	2179.0	0.0	1913.0	1693.0	2732.0	34.0	0.0	0.0	27.0	125.0	46.0	125.0	25.0	83.0	22.0	4.0	0.0	41.0	42.0	6.0	0.0	353.0	0.0	2.0	0.0	12.0	0.0	33.0	264.0	27.0	42.0	36.0	42.0	0.0	9.0	0.0	0.0	0.0	4.0	0.0	0.0	0.0	0.0	0.0	0.0	0.0	0.0	0.0	0.0	0.0	0.0	308.0	0.0	0.0	42.0	0.0	0.0	0.0	15.0	0.0	0.0	0.0	0.0	0.0	0.0
SRR16953377	4003.0	166.0	2341.0	0.0	4107.0	5810.0	180.0	102.0	858.0	0.0	22.0	82.0	0.0	65.0	20.0	8.0	0.0	0.0	0.0	46.0	27.0	326.0	38.0	373.0	0.0	0.0	0.0	27.0	0.0	0.0	80.0	0.0	0.0	0.0	0.0	0.0	83.0	0.0	29.0	0.0	0.0	0.0	0.0	10.0	0.0	0.0	19.0	0.0	3.0	0.0	0.0	48.0	0.0	5178.0	9.0	0.0	0.0	0.0	0.0	0.0	9.0	0.0	0.0	0.0	0.0	0.0	0.0
SRR16953379	6840.0	676.0	5405.0	0.0	4886.0	4561.0	1787.0	61.0	173.0	0.0	3.0	387.0	706.0	123.0	7.0	166.0	0.0	0.0	0.0	67.0	94.0	130.0	39.0	876.0	0.0	11.0	0.0	37.0	0.0	49.0	723.0	21.0	63.0	94.0	72.0	0.0	31.0	0.0	3.0	0.0	0.0	0.0	0.0	0.0	0.0	0.0	32.0	0.0	0.0	0.0	0.0	68.0	0.0	944.0	8.0	0.0	6.0	0.0	0.0	0.0	22.0	0.0	0.0	0.0	0.0	0.0	0.0
SRR16953380	12834.0	518.0	3656.0	164.0	8997.0	9151.0	731.0	532.0	26.0	0.0	97.0	308.0	18.0	213.0	92.0	127.0	14.0	0.0	0.0	178.0	178.0	651.0	212.0	36.0	0.0	19.0	12.0	31.0	0.0	9.0	9.0	14.0	0.0	0.0	6.0	0.0	26.0	15.0	3.0	0.0	0.0	0.0	0.0	0.0	0.0	0.0	36.0	0.0	12.0	0.0	0.0	0.0	0.0	6240.0	11.0	65.0	10.0	0.0	17.0	0.0	158.0	0.0	12.0	0.0	0.0	0.0	0.0
SRR16953381	13323.0	781.0	5390.0	0.0	10371.0	10363.0	1552.0	251.0	151.0	5.0	46.0	409.0	0.0	405.0	0.0	306.0	17.0	0.0	0.0	239.0	447.0	137.0	23.0	508.0	6.0	13.0	9.0	160.0	0.0	115.0	1134.0	19.0	102.0	103.0	28.0	0.0	64.0	0.0	0.0	0.0	0.0	0.0	0.0	0.0	0.0	0.0	73.0	0.0	0.0	0.0	0.0	81.0	2.0	7549.0	16.0	0.0	0.0	0.0	0.0	0.0	0.0	0.0	0.0	8.0	0.0	0.0	0.0
SRR16953382	4515.0	189.0	3247.0	10.0	1940.0	266.0	876.0	200.0	15.0	0.0	64.0	13.0	39.0	13.0	89.0	48.0	0.0	0.0	0.0	88.0	70.0	8.0	65.0	371.0	0.0	13.0	0.0	42.0	0.0	6.0	0.0	4.0	0.0	0.0	0.0	0.0	0.0	0.0	0.0	7.0	0.0	0.0	0.0	0.0	0.0	0.0	14.0	6.0	0.0	0.0	0.0	0.0	0.0	1569.0	0.0	0.0	0.0	0.0	0.0	0.0	6.0	0.0	0.0	0.0	0.0	0.0	0.0
SRR16953384	12530.0	328.0	5419.0	34.0	11161.0	6149.0	2241.0	160.0	0.0	0.0	156.0	66.0	246.0	129.0	54.0	166.0	10.0	4.0	14.0	80.0	52.0	10.0	0.0	137.0	0.0	55.0	0.0	300.0	0.0	16.0	53.0	18.0	7.0	17.0	143.0	0.0	13.0	0.0	8.0	0.0	6.0	0.0	0.0	0.0	0.0	0.0	14.0	0.0	0.0	0.0	4.0	24.0	0.0	2136.0	0.0	0.0	89.0	0.0	0.0	0.0	15.0	0.0	0.0	0.0	0.0	0.0	0.0
SRR16953385	4911.0	23.0	2221.0	0.0	1826.0	153.0	3930.0	34.0	7.0	0.0	103.0	7.0	45.0	31.0	5.0	24.0	0.0	0.0	0.0	52.0	27.0	16.0	7.0	26.0	0.0	8.0	0.0	193.0	0.0	9.0	0.0	0.0	0.0	0.0	29.0	0.0	0.0	0.0	0.0	0.0	0.0	0.0	0.0	0.0	2.0	0.0	0.0	0.0	0.0	0.0	0.0	0.0	0.0	298.0	0.0	0.0	11.0	0.0	0.0	0.0	0.0	0.0	0.0	0.0	0.0	0.0	3.0
SRR16953387	3254.0	155.0	1403.0	0.0	2044.0	456.0	2091.0	3.0	47.0	0.0	0.0	0.0	22.0	14.0	0.0	19.0	0.0	0.0	0.0	0.0	90.0	0.0	0.0	38.0	0.0	0.0	0.0	138.0	0.0	6.0	47.0	0.0	0.0	11.0	4.0	0.0	13.0	0.0	0.0	0.0	0.0	0.0	0.0	0.0	0.0	0.0	8.0	0.0	0.0	0.0	0.0	0.0	0.0	1174.0	0.0	0.0	88.0	0.0	0.0	0.0	3.0	0.0	0.0	0.0	0.0	0.0	0.0
SRR16953388	5921.0	454.0	3971.0	0.0	5225.0	6234.0	1104.0	11.0	21.0	0.0	0.0	312.0	0.0	217.0	0.0	156.0	37.0	0.0	0.0	65.0	143.0	242.0	24.0	355.0	0.0	39.0	0.0	70.0	0.0	40.0	1208.0	21.0	54.0	47.0	41.0	0.0	64.0	0.0	0.0	0.0	5.0	0.0	0.0	0.0	0.0	0.0	94.0	0.0	0.0	0.0	0.0	46.0	0.0	7870.0	23.0	0.0	0.0	0.0	0.0	0.0	5.0	0.0	0.0	0.0	0.0	0.0	0.0
SRR16953389	1327.0	0.0	0.0	0.0	0.0	0.0	0.0	0.0	0.0	0.0	0.0	0.0	0.0	0.0	0.0	0.0	0.0	0.0	0.0	0.0	0.0	0.0	0.0	0.0	0.0	0.0	0.0	0.0	0.0	0.0	0.0	0.0	0.0	0.0	0.0	0.0	18423.0	0.0	0.0	0.0	0.0	0.0	0.0	0.0	0.0	0.0	0.0	0.0	0.0	0.0	0.0	0.0	0.0	0.0	0.0	0.0	0.0	0.0	0.0	0.0	0.0	0.0	0.0	0.0	0.0	0.0	0.0
SRR16953391	5088.0	123.0	5340.0	2386.0	5358.0	508.0	3503.0	17.0	32.0	0.0	272.0	34.0	43.0	35.0	11.0	34.0	10.0	0.0	0.0	46.0	22.0	0.0	40.0	82.0	0.0	35.0	0.0	702.0	3.0	47.0	37.0	19.0	0.0	23.0	0.0	37.0	0.0	0.0	79.0	0.0	0.0	0.0	0.0	0.0	0.0	0.0	17.0	0.0	0.0	0.0	0.0	0.0	0.0	1442.0	0.0	3.0	85.0	0.0	0.0	0.0	0.0	0.0	0.0	0.0	0.0	0.0	0.0
SRR16953392	4320.0	181.0	2259.0	5.0	3135.0	1358.0	976.0	45.0	0.0	0.0	70.0	35.0	43.0	52.0	3.0	48.0	0.0	0.0	0.0	36.0	19.0	32.0	25.0	34.0	0.0	12.0	0.0	71.0	0.0	0.0	0.0	0.0	21.0	0.0	28.0	0.0	0.0	0.0	9.0	0.0	0.0	0.0	0.0	0.0	0.0	0.0	0.0	0.0	0.0	0.0	0.0	0.0	0.0	1444.0	0.0	0.0	12.0	0.0	0.0	0.0	0.0	0.0	0.0	0.0	0.0	0.0	0.0
SRR16953393	5284.0	221.0	4053.0	0.0	6694.0	1974.0	7514.0	34.0	40.0	0.0	38.0	37.0	85.0	48.0	12.0	22.0	14.0	0.0	0.0	19.0	142.0	48.0	4.0	21.0	0.0	13.0	0.0	329.0	0.0	88.0	133.0	121.0	10.0	3.0	27.0	0.0	0.0	0.0	0.0	0.0	2.0	0.0	0.0	0.0	0.0	0.0	0.0	0.0	0.0	0.0	0.0	33.0	0.0	1012.0	0.0	0.0	274.0	0.0	0.0	0.0	0.0	0.0	0.0	0.0	0.0	0.0	0.0
SRR16953394	13234.0	937.0	7176.0	0.0	13372.0	10805.0	2478.0	359.0	229.0	0.0	224.0	376.0	87.0	93.0	25.0	147.0	31.0	0.0	0.0	208.0	293.0	259.0	91.0	284.0	0.0	21.0	10.0	40.0	0.0	39.0	59.0	2.0	0.0	0.0	0.0	0.0	142.0	0.0	15.0	0.0	0.0	0.0	0.0	3.0	0.0	11.0	45.0	0.0	9.0	0.0	0.0	0.0	0.0	1928.0	13.0	0.0	9.0	0.0	0.0	0.0	5.0	0.0	0.0	0.0	0.0	5.0	0.0
SRR16953397	2960.0	179.0	1589.0	7.0	1711.0	1778.0	482.0	38.0	71.0	0.0	3.0	129.0	0.0	40.0	5.0	48.0	32.0	0.0	0.0	0.0	71.0	25.0	36.0	274.0	0.0	10.0	0.0	0.0	0.0	30.0	255.0	13.0	14.0	10.0	10.0	0.0	0.0	0.0	0.0	0.0	0.0	0.0	0.0	0.0	0.0	0.0	16.0	0.0	0.0	0.0	0.0	0.0	0.0	616.0	0.0	0.0	0.0	0.0	0.0	0.0	0.0	0.0	0.0	0.0	0.0	0.0	0.0
SRR16953398	4078.0	89.0	2562.0	0.0	4973.0	3891.0	1829.0	16.0	5.0	0.0	7.0	47.0	53.0	44.0	9.0	16.0	0.0	0.0	0.0	0.0	37.0	0.0	0.0	56.0	0.0	7.0	0.0	248.0	0.0	15.0	42.0	10.0	0.0	26.0	7.0	0.0	2.0	0.0	0.0	0.0	0.0	0.0	0.0	0.0	0.0	0.0	0.0	0.0	0.0	0.0	0.0	0.0	0.0	630.0	0.0	0.0	7.0	0.0	0.0	0.0	2.0	0.0	0.0	0.0	0.0	0.0	0.0
SRR16953399	4764.0	572.0	5452.0	17.0	4123.0	2199.0	2268.0	30.0	78.0	0.0	393.0	38.0	121.0	39.0	0.0	0.0	0.0	0.0	0.0	22.0	70.0	9.0	11.0	4.0	0.0	54.0	0.0	0.0	648.0	48.0	10.0	14.0	0.0	0.0	33.0	0.0	44.0	0.0	15.0	0.0	0.0	0.0	0.0	0.0	10.0	5.0	15.0	55.0	0.0	3.0	0.0	0.0	0.0	705.0	29.0	22.0	48.0	0.0	0.0	0.0	7.0	0.0	0.0	0.0	0.0	0.0	0.0
