#SampleID	d__Bacteria;p__Elusimicrobiota	d__Bacteria;p__Actinobacteriota	d__Bacteria;p__Proteobacteria	d__Bacteria;p__Myxococcota	d__Bacteria;p__Verrucomicrobiota	d__Bacteria;p__Chloroflexi	d__Bacteria;p__Acidobacteriota	d__Bacteria;p__Bacteroidota	d__Bacteria;p__Firmicutes	d__Bacteria;p__Nitrospirota	d__Bacteria;p__Patescibacteria	d__Bacteria;p__Bdellovibrionota	d__Bacteria;p__Gemmatimonadota	d__Bacteria;p__Fibrobacterota	d__Bacteria;p__Dependentiae	d__Bacteria;p__Armatimonadota	d__Bacteria;p__Planctomycetota	d__Bacteria;p__Desulfobacterota	d__Bacteria;p__Cyanobacteria	d__Bacteria;p__WPS-2	d__Bacteria;p__Spirochaetota	d__Bacteria;p__Entotheonellaeota	d__Bacteria;p__SAR324_clade(Marine_group_B)	d__Bacteria;p__Deinococcota	d__Bacteria;p__Abditibacteriota	d__Bacteria;p__RCP2-54	d__Bacteria;p__Sumerlaeota	d__Bacteria;p__Methylomirabilota	d__Bacteria;p__Latescibacterota
SRR5224546	100.0	846.0	4502.0	871.0	1721.0	624.0	5225.0	2447.0	678.0	351.0	958.0	120.0	1152.0	18.0	33.0	132.0	140.0	0.0	17.0	0.0	0.0	0.0	0.0	0.0	0.0	0.0	0.0	0.0	0.0
SRR5224547	26.0	1955.0	8347.0	1680.0	1715.0	712.0	5084.0	4309.0	190.0	349.0	609.0	18.0	927.0	139.0	5.0	172.0	183.0	110.0	26.0	0.0	106.0	0.0	0.0	0.0	0.0	0.0	0.0	0.0	0.0
SRR5224548	0.0	360.0	5262.0	670.0	603.0	68.0	230.0	3997.0	0.0	0.0	34.0	17.0	0.0	102.0	0.0	0.0	0.0	0.0	16.0	0.0	148.0	0.0	0.0	0.0	0.0	0.0	0.0	0.0	0.0
SRR5224549	0.0	2740.0	3445.0	527.0	723.0	532.0	2710.0	794.0	676.0	214.0	20.0	190.0	507.0	30.0	0.0	47.0	108.0	0.0	0.0	0.0	0.0	0.0	0.0	0.0	0.0	26.0	0.0	0.0	0.0
SRR5224550	7.0	3725.0	5367.0	763.0	989.0	628.0	3416.0	2813.0	832.0	228.0	129.0	0.0	308.0	54.0	0.0	50.0	99.0	0.0	0.0	0.0	0.0	0.0	0.0	0.0	0.0	0.0	0.0	0.0	0.0
SRR5224551	0.0	1674.0	3779.0	144.0	264.0	610.0	984.0	2761.0	98.0	0.0	0.0	0.0	0.0	64.0	0.0	0.0	0.0	0.0	4.0	0.0	0.0	0.0	0.0	0.0	0.0	0.0	0.0	0.0	0.0
SRR5224552	104.0	2311.0	7344.0	1946.0	1669.0	1067.0	6114.0	3081.0	405.0	353.0	815.0	417.0	1472.0	55.0	26.0	165.0	158.0	0.0	0.0	0.0	0.0	0.0	4.0	0.0	0.0	0.0	0.0	0.0	0.0
SRR5224553	0.0	740.0	7358.0	1845.0	1279.0	168.0	4659.0	4500.0	410.0	254.0	327.0	118.0	929.0	19.0	0.0	30.0	145.0	20.0	0.0	0.0	92.0	0.0	0.0	0.0	0.0	0.0	0.0	0.0	0.0
SRR5224554	0.0	321.0	3966.0	720.0	445.0	55.0	574.0	3867.0	10.0	0.0	102.0	64.0	0.0	18.0	0.0	0.0	0.0	0.0	10.0	0.0	172.0	0.0	0.0	0.0	0.0	0.0	0.0	0.0	0.0
SRR5224555	23.0	2262.0	4340.0	889.0	588.0	743.0	4218.0	1068.0	492.0	224.0	193.0	8.0	444.0	72.0	0.0	31.0	71.0	131.0	0.0	0.0	0.0	0.0	10.0	0.0	0.0	0.0	0.0	0.0	0.0
SRR5224556	0.0	4310.0	5539.0	463.0	572.0	428.0	3548.0	3372.0	881.0	145.0	58.0	11.0	374.0	37.0	0.0	24.0	49.0	19.0	0.0	0.0	0.0	0.0	0.0	0.0	0.0	0.0	0.0	0.0	0.0
SRR5224558	0.0	672.0	4902.0	810.0	1408.0	621.0	4065.0	3519.0	426.0	256.0	177.0	83.0	666.0	44.0	0.0	21.0	69.0	0.0	14.0	0.0	100.0	0.0	0.0	0.0	0.0	0.0	0.0	0.0	0.0
SRR5224559	37.0	2260.0	7415.0	2270.0	1554.0	597.0	4096.0	7038.0	1024.0	300.0	509.0	0.0	563.0	83.0	0.0	57.0	221.0	212.0	0.0	0.0	66.0	0.0	0.0	11.0	0.0	0.0	0.0	0.0	0.0
SRR5224560	0.0	1734.0	6476.0	1195.0	777.0	273.0	410.0	3509.0	79.0	0.0	289.0	50.0	0.0	42.0	0.0	126.0	11.0	0.0	0.0	0.0	21.0	0.0	0.0	0.0	0.0	0.0	0.0	0.0	0.0
SRR5224561	146.0	941.0	3775.0	642.0	1063.0	572.0	3788.0	2668.0	374.0	260.0	597.0	0.0	579.0	32.0	0.0	94.0	103.0	0.0	32.0	0.0	26.0	0.0	0.0	0.0	0.0	0.0	0.0	0.0	0.0
SRR5224562	13.0	2321.0	5664.0	484.0	703.0	338.0	2391.0	2450.0	250.0	208.0	417.0	23.0	548.0	0.0	0.0	80.0	195.0	50.0	0.0	0.0	0.0	0.0	0.0	0.0	0.0	0.0	0.0	0.0	0.0
SRR5224563	0.0	2861.0	5356.0	1526.0	688.0	744.0	1429.0	4107.0	44.0	13.0	516.0	32.0	45.0	38.0	0.0	59.0	12.0	0.0	21.0	0.0	0.0	0.0	0.0	0.0	0.0	0.0	0.0	0.0	0.0
SRR5224564	14.0	3414.0	4572.0	1004.0	984.0	504.0	3060.0	2380.0	536.0	166.0	101.0	19.0	425.0	89.0	0.0	0.0	117.0	0.0	0.0	0.0	0.0	0.0	0.0	0.0	0.0	8.0	0.0	0.0	0.0
SRR5224565	20.0	2733.0	6069.0	491.0	518.0	422.0	2562.0	2297.0	329.0	231.0	214.0	76.0	531.0	41.0	0.0	31.0	134.0	0.0	0.0	0.0	0.0	0.0	0.0	0.0	0.0	0.0	0.0	0.0	0.0
SRR5224567	74.0	1323.0	5794.0	1871.0	1777.0	518.0	5968.0	5388.0	482.0	287.0	686.0	147.0	1898.0	178.0	0.0	64.0	248.0	86.0	123.0	0.0	22.0	0.0	0.0	0.0	0.0	0.0	0.0	0.0	0.0
SRR5224568	18.0	2320.0	10677.0	2285.0	2107.0	921.0	4910.0	6615.0	853.0	251.0	335.0	34.0	631.0	126.0	23.0	48.0	207.0	209.0	34.0	0.0	180.0	0.0	0.0	0.0	6.0	0.0	0.0	0.0	0.0
SRR5224569	0.0	443.0	4472.0	367.0	692.0	36.0	143.0	4534.0	0.0	0.0	27.0	59.0	0.0	40.0	0.0	0.0	0.0	55.0	0.0	0.0	211.0	0.0	0.0	0.0	35.0	0.0	0.0	0.0	0.0
SRR5224570	17.0	1813.0	2724.0	424.0	605.0	277.0	2136.0	1273.0	531.0	51.0	81.0	0.0	238.0	70.0	0.0	0.0	52.0	0.0	0.0	0.0	0.0	0.0	0.0	0.0	0.0	0.0	0.0	0.0	0.0
SRR5224571	0.0	7119.0	6488.0	954.0	1064.0	503.0	4558.0	4307.0	389.0	181.0	66.0	10.0	463.0	67.0	0.0	17.0	99.0	21.0	0.0	0.0	0.0	0.0	0.0	0.0	0.0	0.0	0.0	0.0	0.0
SRR5224573	144.0	1495.0	7548.0	1287.0	1630.0	809.0	5770.0	2940.0	346.0	250.0	1215.0	248.0	1417.0	121.0	22.0	190.0	227.0	0.0	129.0	0.0	36.0	0.0	12.0	0.0	0.0	0.0	0.0	0.0	0.0
SRR5224574	0.0	2984.0	6505.0	630.0	502.0	247.0	3290.0	4828.0	474.0	237.0	126.0	46.0	396.0	0.0	0.0	15.0	114.0	72.0	0.0	0.0	16.0	0.0	11.0	0.0	17.0	0.0	0.0	0.0	0.0
SRR5224575	0.0	1202.0	6210.0	561.0	179.0	16.0	94.0	3249.0	28.0	0.0	66.0	102.0	0.0	0.0	0.0	11.0	0.0	0.0	0.0	0.0	118.0	0.0	0.0	0.0	47.0	0.0	0.0	0.0	0.0
SRR5224576	35.0	10148.0	8284.0	1645.0	1444.0	1546.0	6234.0	2646.0	2536.0	515.0	45.0	268.0	1664.0	111.0	16.0	27.0	555.0	122.0	7.0	31.0	0.0	0.0	0.0	0.0	0.0	31.0	0.0	0.0	0.0
SRR5224577	23.0	2878.0	6808.0	839.0	1350.0	684.0	4988.0	2912.0	359.0	246.0	285.0	9.0	1039.0	0.0	0.0	115.0	119.0	119.0	15.0	0.0	0.0	0.0	0.0	0.0	0.0	9.0	0.0	0.0	0.0
SRR5224579	20.0	3393.0	6831.0	2239.0	1710.0	1020.0	3449.0	4592.0	611.0	64.0	369.0	286.0	1336.0	34.0	193.0	164.0	70.0	41.0	27.0	0.0	0.0	0.0	7.0	0.0	0.0	0.0	58.0	0.0	0.0
SRR5224580	43.0	2893.0	7192.0	612.0	732.0	779.0	4390.0	2632.0	1307.0	271.0	562.0	85.0	775.0	30.0	0.0	34.0	197.0	124.0	8.0	0.0	0.0	0.0	0.0	0.0	0.0	0.0	0.0	0.0	0.0
SRR5224581	0.0	1178.0	7977.0	1192.0	1134.0	219.0	385.0	5386.0	60.0	0.0	42.0	0.0	0.0	0.0	0.0	0.0	0.0	0.0	25.0	0.0	39.0	0.0	0.0	0.0	0.0	0.0	0.0	0.0	0.0
SRR5224582	0.0	1545.0	4157.0	968.0	705.0	689.0	3606.0	1331.0	465.0	327.0	22.0	7.0	376.0	56.0	0.0	54.0	111.0	0.0	0.0	0.0	0.0	0.0	0.0	0.0	0.0	0.0	0.0	0.0	0.0
SRR5224583	0.0	3170.0	5503.0	345.0	737.0	347.0	1503.0	1871.0	557.0	235.0	198.0	115.0	355.0	94.0	0.0	0.0	75.0	145.0	14.0	0.0	0.0	0.0	0.0	0.0	0.0	0.0	0.0	0.0	0.0
SRR5224585	0.0	1800.0	5748.0	1144.0	1398.0	527.0	1671.0	5385.0	193.0	42.0	475.0	338.0	488.0	99.0	0.0	121.0	106.0	0.0	56.0	0.0	0.0	0.0	0.0	0.0	0.0	0.0	25.0	0.0	0.0
SRR5224586	0.0	2235.0	5486.0	644.0	777.0	307.0	4012.0	3535.0	408.0	117.0	405.0	10.0	424.0	35.0	0.0	0.0	125.0	0.0	0.0	0.0	0.0	0.0	0.0	0.0	0.0	0.0	0.0	0.0	0.0
SRR5224587	0.0	1553.0	4796.0	360.0	345.0	146.0	887.0	5232.0	53.0	0.0	90.0	38.0	0.0	0.0	0.0	20.0	0.0	0.0	0.0	0.0	0.0	0.0	0.0	0.0	0.0	0.0	0.0	0.0	0.0
SRR5224588	42.0	1934.0	4786.0	883.0	1055.0	808.0	5265.0	1638.0	243.0	161.0	670.0	264.0	939.0	0.0	0.0	34.0	315.0	0.0	35.0	0.0	0.0	0.0	0.0	0.0	0.0	20.0	0.0	0.0	0.0
SRR5224589	24.0	4713.0	8077.0	1070.0	1093.0	951.0	5462.0	4733.0	828.0	215.0	1081.0	0.0	953.0	0.0	0.0	150.0	259.0	229.0	0.0	0.0	0.0	0.0	0.0	0.0	69.0	23.0	12.0	0.0	0.0
SRR5224590	0.0	2030.0	6849.0	776.0	798.0	291.0	1277.0	5374.0	88.0	0.0	798.0	17.0	0.0	26.0	0.0	0.0	0.0	47.0	0.0	0.0	0.0	0.0	0.0	0.0	29.0	0.0	0.0	0.0	0.0
SRR5224591	57.0	5486.0	5742.0	1521.0	1134.0	949.0	3408.0	3581.0	1431.0	266.0	27.0	48.0	712.0	111.0	0.0	0.0	164.0	126.0	0.0	10.0	0.0	0.0	6.0	0.0	0.0	0.0	0.0	0.0	0.0
SRR5224592	112.0	7048.0	10085.0	2106.0	2251.0	1346.0	7382.0	3364.0	1661.0	366.0	719.0	85.0	2041.0	128.0	0.0	242.0	313.0	78.0	45.0	20.0	0.0	0.0	26.0	0.0	0.0	36.0	0.0	0.0	0.0
SRR5224593	0.0	1509.0	5397.0	847.0	440.0	106.0	801.0	3656.0	22.0	0.0	200.0	0.0	0.0	126.0	0.0	0.0	0.0	0.0	27.0	0.0	0.0	0.0	0.0	0.0	0.0	0.0	0.0	0.0	0.0
SRR5224594	28.0	2268.0	4522.0	607.0	936.0	399.0	3398.0	1754.0	885.0	0.0	195.0	0.0	892.0	51.0	0.0	10.0	69.0	0.0	0.0	0.0	0.0	0.0	0.0	0.0	0.0	21.0	0.0	0.0	0.0
SRR5224597	27.0	3622.0	4518.0	452.0	309.0	1385.0	2701.0	985.0	716.0	107.0	8.0	104.0	234.0	15.0	0.0	0.0	0.0	0.0	0.0	44.0	0.0	0.0	0.0	0.0	0.0	18.0	0.0	0.0	0.0
SRR5224598	0.0	1543.0	5030.0	481.0	907.0	341.0	2217.0	4171.0	467.0	125.0	33.0	51.0	337.0	41.0	0.0	20.0	55.0	0.0	0.0	0.0	0.0	0.0	0.0	0.0	0.0	0.0	0.0	0.0	0.0
SRR5224599	0.0	1210.0	4733.0	213.0	109.0	132.0	438.0	2951.0	146.0	0.0	0.0	0.0	12.0	176.0	0.0	0.0	0.0	0.0	0.0	0.0	0.0	0.0	0.0	0.0	0.0	0.0	0.0	0.0	0.0
SRR5224600	64.0	2506.0	5670.0	1548.0	1707.0	852.0	6060.0	2831.0	591.0	169.0	1214.0	116.0	1149.0	108.0	72.0	81.0	277.0	0.0	0.0	0.0	0.0	0.0	12.0	0.0	0.0	76.0	0.0	0.0	0.0
SRR5224601	31.0	986.0	2865.0	765.0	687.0	111.0	1571.0	2246.0	166.0	0.0	331.0	0.0	207.0	54.0	16.0	58.0	104.0	61.0	0.0	0.0	16.0	0.0	8.0	0.0	0.0	0.0	0.0	0.0	0.0
SRR5224603	0.0	2096.0	3625.0	462.0	425.0	409.0	2219.0	2216.0	601.0	0.0	22.0	0.0	139.0	0.0	0.0	0.0	41.0	0.0	0.0	0.0	0.0	0.0	0.0	0.0	0.0	0.0	0.0	0.0	0.0
SRR5224604	0.0	1792.0	4940.0	461.0	219.0	91.0	200.0	4031.0	0.0	0.0	60.0	7.0	0.0	0.0	0.0	0.0	0.0	0.0	13.0	0.0	0.0	0.0	0.0	0.0	0.0	0.0	0.0	0.0	0.0
SRR5224605	14.0	4900.0	7343.0	1851.0	2146.0	768.0	3833.0	4279.0	1318.0	297.0	358.0	770.0	761.0	166.0	0.0	45.0	313.0	0.0	0.0	0.0	34.0	0.0	0.0	0.0	0.0	11.0	36.0	0.0	0.0
SRR5224607	0.0	1516.0	5819.0	692.0	247.0	135.0	970.0	5108.0	170.0	0.0	24.0	19.0	0.0	0.0	0.0	0.0	0.0	0.0	0.0	0.0	0.0	0.0	0.0	0.0	0.0	0.0	0.0	0.0	0.0
SRR5224608	25.0	5008.0	5037.0	499.0	369.0	969.0	4280.0	1666.0	825.0	307.0	18.0	61.0	706.0	163.0	0.0	0.0	145.0	124.0	0.0	27.0	0.0	0.0	0.0	0.0	0.0	34.0	0.0	0.0	0.0
SRR5224609	12.0	3341.0	6207.0	499.0	655.0	544.0	4084.0	2071.0	766.0	199.0	186.0	94.0	580.0	0.0	0.0	64.0	87.0	101.0	0.0	0.0	0.0	0.0	0.0	0.0	0.0	0.0	0.0	0.0	0.0
SRR5224610	0.0	1639.0	4755.0	202.0	114.0	82.0	0.0	3324.0	86.0	0.0	7.0	0.0	0.0	0.0	0.0	0.0	0.0	0.0	0.0	0.0	0.0	0.0	0.0	0.0	0.0	0.0	0.0	0.0	0.0
SRR5224611	125.0	1526.0	6389.0	522.0	1457.0	567.0	5149.0	3699.0	560.0	225.0	622.0	107.0	734.0	67.0	36.0	38.0	7.0	25.0	5.0	34.0	0.0	0.0	0.0	0.0	0.0	0.0	0.0	0.0	0.0
SRR5224614	11.0	1432.0	3388.0	285.0	851.0	742.0	3332.0	1975.0	463.0	246.0	109.0	22.0	539.0	74.0	0.0	84.0	27.0	0.0	0.0	0.0	0.0	0.0	0.0	0.0	0.0	0.0	0.0	0.0	0.0
SRR5224617	37.0	1564.0	4074.0	864.0	1200.0	631.0	3649.0	2648.0	397.0	129.0	300.0	19.0	722.0	51.0	31.0	59.0	0.0	96.0	18.0	0.0	0.0	0.0	0.0	0.0	0.0	0.0	0.0	0.0	0.0
SRR5224618	62.0	1449.0	5770.0	879.0	637.0	692.0	3105.0	2840.0	645.0	140.0	135.0	0.0	585.0	56.0	0.0	81.0	113.0	137.0	0.0	0.0	0.0	0.0	7.0	0.0	0.0	0.0	0.0	0.0	0.0
SRR5224619	0.0	2244.0	4968.0	1283.0	751.0	208.0	706.0	3925.0	0.0	0.0	10.0	42.0	19.0	110.0	0.0	54.0	15.0	0.0	0.0	0.0	79.0	0.0	0.0	0.0	0.0	0.0	0.0	0.0	0.0
SRR5224620	37.0	2107.0	4261.0	323.0	367.0	298.0	3040.0	2252.0	568.0	105.0	254.0	0.0	262.0	33.0	0.0	15.0	68.0	212.0	0.0	0.0	0.0	0.0	0.0	0.0	0.0	0.0	0.0	0.0	0.0
SRR5224622	168.0	2332.0	6784.0	1480.0	1691.0	688.0	6208.0	2473.0	891.0	236.0	408.0	282.0	1356.0	42.0	19.0	77.0	107.0	0.0	17.0	0.0	0.0	0.0	0.0	0.0	0.0	0.0	0.0	0.0	0.0
SRR5224623	0.0	1458.0	6915.0	1654.0	1150.0	445.0	3921.0	2968.0	590.0	115.0	719.0	96.0	705.0	41.0	0.0	77.0	138.0	214.0	14.0	0.0	91.0	0.0	0.0	0.0	0.0	0.0	0.0	0.0	0.0
SRR5224624	0.0	1126.0	5546.0	1472.0	1276.0	128.0	1474.0	4710.0	360.0	0.0	360.0	39.0	8.0	130.0	0.0	0.0	14.0	16.0	0.0	0.0	31.0	0.0	0.0	0.0	0.0	0.0	0.0	0.0	0.0
SRR5224625	176.0	4138.0	9638.0	2486.0	2564.0	1200.0	6368.0	5924.0	603.0	370.0	859.0	400.0	1763.0	233.0	0.0	79.0	524.0	0.0	36.0	0.0	0.0	0.0	0.0	0.0	0.0	28.0	0.0	0.0	0.0
SRR5224628	10.0	2984.0	7244.0	1246.0	1767.0	306.0	4033.0	4128.0	885.0	96.0	108.0	231.0	816.0	0.0	10.0	0.0	0.0	223.0	0.0	0.0	0.0	0.0	0.0	0.0	0.0	0.0	0.0	0.0	0.0
SRR5224629	0.0	2082.0	4123.0	0.0	326.0	98.0	2065.0	1194.0	533.0	0.0	22.0	0.0	135.0	0.0	0.0	31.0	61.0	0.0	0.0	0.0	0.0	0.0	0.0	0.0	0.0	0.0	0.0	0.0	0.0
SRR5224630	0.0	3445.0	10143.0	1314.0	1398.0	237.0	1455.0	6959.0	0.0	0.0	241.0	52.0	0.0	0.0	0.0	106.0	40.0	0.0	0.0	0.0	0.0	0.0	8.0	0.0	0.0	0.0	0.0	0.0	0.0
SRR5224631	105.0	3016.0	3645.0	718.0	800.0	641.0	4119.0	1497.0	288.0	175.0	101.0	89.0	655.0	83.0	0.0	0.0	0.0	49.0	0.0	19.0	0.0	0.0	0.0	0.0	0.0	0.0	0.0	0.0	0.0
SRR5224632	0.0	1999.0	3924.0	296.0	537.0	275.0	1212.0	1678.0	363.0	48.0	188.0	0.0	175.0	48.0	0.0	31.0	63.0	0.0	0.0	0.0	0.0	0.0	0.0	0.0	0.0	0.0	0.0	0.0	0.0
SRR5224633	0.0	3548.0	8144.0	1344.0	1640.0	346.0	1074.0	5913.0	389.0	0.0	292.0	68.0	0.0	186.0	0.0	100.0	18.0	0.0	39.0	0.0	0.0	0.0	0.0	0.0	0.0	0.0	0.0	0.0	0.0
SRR5224634	27.0	2799.0	2544.0	269.0	309.0	717.0	2299.0	545.0	379.0	152.0	0.0	0.0	354.0	0.0	0.0	0.0	0.0	27.0	0.0	0.0	0.0	0.0	0.0	0.0	0.0	25.0	0.0	0.0	0.0
SRR5224635	0.0	1840.0	3842.0	896.0	729.0	482.0	3404.0	2872.0	381.0	189.0	86.0	10.0	664.0	46.0	0.0	0.0	95.0	0.0	0.0	0.0	0.0	0.0	0.0	0.0	0.0	0.0	0.0	0.0	0.0
SRR5224636	0.0	1770.0	3314.0	325.0	324.0	357.0	996.0	2855.0	38.0	0.0	133.0	16.0	0.0	21.0	0.0	0.0	0.0	0.0	0.0	0.0	0.0	0.0	0.0	0.0	0.0	0.0	0.0	0.0	0.0
SRR5224637	0.0	1569.0	4963.0	348.0	725.0	381.0	2817.0	2479.0	729.0	100.0	85.0	95.0	437.0	73.0	0.0	14.0	61.0	348.0	17.0	0.0	62.0	0.0	0.0	0.0	0.0	0.0	0.0	0.0	0.0
SRR5224638	0.0	823.0	4937.0	1686.0	515.0	75.0	743.0	4108.0	16.0	0.0	18.0	24.0	0.0	175.0	0.0	25.0	0.0	21.0	0.0	0.0	37.0	0.0	0.0	0.0	0.0	0.0	0.0	0.0	0.0
SRR5224639	0.0	3576.0	2995.0	518.0	61.0	602.0	1358.0	1299.0	1240.0	170.0	24.0	32.0	446.0	157.0	0.0	28.0	71.0	0.0	0.0	0.0	0.0	0.0	0.0	0.0	0.0	0.0	0.0	0.0	0.0
SRR5224640	29.0	2292.0	4071.0	717.0	1061.0	808.0	5686.0	2554.0	840.0	275.0	121.0	54.0	588.0	90.0	0.0	0.0	91.0	245.0	0.0	0.0	0.0	0.0	0.0	0.0	0.0	0.0	0.0	0.0	0.0
SRR5224641	0.0	2193.0	4430.0	445.0	821.0	515.0	820.0	4330.0	97.0	0.0	54.0	18.0	59.0	46.0	0.0	17.0	0.0	0.0	0.0	0.0	0.0	0.0	0.0	0.0	0.0	0.0	0.0	0.0	0.0
SRR5224642	0.0	2514.0	5488.0	1198.0	848.0	356.0	3124.0	2831.0	683.0	0.0	153.0	62.0	763.0	77.0	9.0	0.0	127.0	265.0	0.0	0.0	0.0	0.0	0.0	0.0	0.0	0.0	0.0	0.0	0.0
SRR5224643	0.0	2145.0	6347.0	1107.0	1404.0	841.0	4465.0	2467.0	468.0	167.0	311.0	101.0	741.0	25.0	0.0	23.0	185.0	104.0	12.0	0.0	102.0	0.0	0.0	0.0	0.0	0.0	0.0	0.0	0.0
SRR5224644	0.0	1323.0	6850.0	1633.0	1979.0	297.0	1435.0	5301.0	147.0	0.0	358.0	156.0	43.0	0.0	0.0	42.0	0.0	78.0	8.0	0.0	188.0	0.0	0.0	0.0	0.0	0.0	0.0	0.0	0.0
SRR5224645	0.0	1184.0	3559.0	923.0	771.0	320.0	1799.0	2712.0	470.0	103.0	0.0	174.0	106.0	73.0	0.0	0.0	0.0	0.0	0.0	0.0	0.0	0.0	5.0	0.0	0.0	0.0	0.0	0.0	0.0
SRR5224646	9.0	4670.0	7197.0	1269.0	925.0	542.0	3952.0	3535.0	450.0	164.0	95.0	132.0	514.0	43.0	3.0	76.0	63.0	0.0	19.0	0.0	0.0	0.0	0.0	0.0	0.0	0.0	0.0	0.0	0.0
SRR5224648	46.0	4927.0	6002.0	1557.0	974.0	988.0	3449.0	3363.0	2331.0	238.0	211.0	307.0	1501.0	71.0	28.0	0.0	184.0	0.0	74.0	0.0	0.0	0.0	0.0	0.0	0.0	0.0	30.0	0.0	0.0
SRR5224660	0.0	2666.0	1993.0	143.0	419.0	578.0	1795.0	1580.0	1788.0	148.0	312.0	184.0	410.0	0.0	5.0	0.0	299.0	106.0	9.0	0.0	0.0	0.0	0.0	39.0	0.0	0.0	57.0	0.0	0.0
SRR5224672	31.0	2920.0	2338.0	94.0	614.0	658.0	3014.0	1295.0	1555.0	140.0	295.0	15.0	598.0	0.0	0.0	0.0	260.0	0.0	0.0	0.0	0.0	0.0	0.0	0.0	0.0	0.0	41.0	0.0	0.0
SRR5224682	0.0	3656.0	2852.0	455.0	819.0	621.0	3734.0	1439.0	1714.0	227.0	149.0	163.0	618.0	0.0	8.0	0.0	137.0	0.0	0.0	0.0	0.0	0.0	8.0	0.0	0.0	0.0	0.0	0.0	0.0
SRR5224694	0.0	2104.0	3060.0	515.0	559.0	606.0	3154.0	1166.0	1233.0	152.0	213.0	49.0	324.0	0.0	18.0	59.0	54.0	0.0	23.0	0.0	29.0	0.0	44.0	0.0	0.0	0.0	0.0	0.0	0.0
SRR5224697	0.0	2178.0	2536.0	654.0	511.0	507.0	2610.0	1663.0	1095.0	114.0	203.0	187.0	180.0	47.0	0.0	26.0	58.0	209.0	13.0	0.0	0.0	0.0	6.0	0.0	0.0	0.0	0.0	0.0	0.0
SRR5224699	0.0	2450.0	4672.0	299.0	448.0	161.0	236.0	3482.0	124.0	0.0	278.0	18.0	8.0	0.0	13.0	0.0	0.0	0.0	0.0	0.0	0.0	0.0	0.0	7.0	0.0	0.0	0.0	0.0	0.0
SRR5224710	0.0	807.0	6220.0	116.0	0.0	65.0	0.0	2784.0	247.0	22.0	150.0	0.0	0.0	0.0	0.0	0.0	0.0	0.0	0.0	0.0	0.0	0.0	0.0	0.0	0.0	0.0	0.0	0.0	0.0
SRR5224718	0.0	4696.0	6337.0	774.0	1039.0	730.0	3847.0	2902.0	778.0	265.0	88.0	65.0	1082.0	19.0	0.0	0.0	193.0	48.0	7.0	0.0	147.0	0.0	0.0	0.0	0.0	0.0	0.0	0.0	0.0
SRR5224721	0.0	7887.0	5892.0	1742.0	878.0	1151.0	3145.0	3047.0	730.0	298.0	48.0	10.0	694.0	86.0	0.0	0.0	240.0	0.0	0.0	0.0	0.0	0.0	8.0	0.0	0.0	24.0	0.0	0.0	0.0
SRR5224730	32.0	4405.0	5200.0	459.0	919.0	704.0	3961.0	1747.0	1915.0	251.0	293.0	58.0	914.0	0.0	52.0	0.0	121.0	222.0	0.0	0.0	0.0	0.0	9.0	0.0	0.0	0.0	33.0	0.0	0.0
SRR5224742	13.0	4137.0	2862.0	178.0	621.0	694.0	3145.0	1399.0	764.0	162.0	330.0	0.0	890.0	27.0	0.0	0.0	96.0	235.0	0.0	0.0	0.0	0.0	0.0	0.0	0.0	0.0	26.0	0.0	0.0
SRR5224753	0.0	1758.0	5501.0	159.0	385.0	123.0	276.0	5822.0	286.0	0.0	247.0	34.0	0.0	0.0	0.0	0.0	0.0	0.0	21.0	0.0	0.0	0.0	0.0	25.0	0.0	0.0	0.0	0.0	0.0
SRR5224772	0.0	718.0	2120.0	585.0	589.0	500.0	2519.0	2729.0	419.0	71.0	787.0	75.0	123.0	37.0	0.0	0.0	46.0	0.0	0.0	0.0	0.0	0.0	5.0	0.0	0.0	0.0	0.0	0.0	0.0
SRR5224789	0.0	698.0	4631.0	1364.0	736.0	285.0	1285.0	2821.0	79.0	30.0	16.0	108.0	157.0	55.0	0.0	0.0	0.0	0.0	9.0	0.0	0.0	0.0	0.0	0.0	0.0	0.0	0.0	0.0	0.0
SRR5224790	6.0	1111.0	2490.0	465.0	746.0	469.0	1720.0	2271.0	558.0	163.0	292.0	97.0	392.0	88.0	0.0	46.0	54.0	112.0	2.0	0.0	0.0	0.0	0.0	0.0	0.0	0.0	0.0	0.0	0.0
SRR5224796	0.0	1371.0	4198.0	669.0	1196.0	623.0	2781.0	2652.0	400.0	175.0	563.0	232.0	375.0	53.0	49.0	70.0	81.0	0.0	5.0	0.0	0.0	0.0	16.0	0.0	0.0	0.0	0.0	0.0	0.0
SRR5224801	0.0	548.0	3799.0	1016.0	643.0	226.0	1094.0	2382.0	42.0	0.0	215.0	140.0	47.0	69.0	0.0	27.0	0.0	0.0	0.0	0.0	0.0	0.0	0.0	0.0	0.0	0.0	0.0	0.0	0.0
SRR5224804	0.0	1519.0	2937.0	906.0	426.0	430.0	763.0	2649.0	120.0	0.0	139.0	63.0	23.0	68.0	0.0	0.0	0.0	0.0	0.0	0.0	0.0	0.0	0.0	0.0	0.0	0.0	0.0	0.0	0.0
SRR5224805	0.0	960.0	3532.0	490.0	850.0	447.0	2684.0	1782.0	377.0	156.0	447.0	172.0	648.0	57.0	0.0	0.0	5.0	0.0	0.0	0.0	0.0	0.0	0.0	0.0	0.0	0.0	0.0	0.0	0.0
SRR5224808	8.0	1386.0	3754.0	619.0	1212.0	732.0	3125.0	2575.0	411.0	197.0	299.0	24.0	542.0	113.0	0.0	61.0	14.0	0.0	0.0	0.0	0.0	0.0	0.0	0.0	0.0	0.0	0.0	0.0	0.0
SRR5224814	0.0	1573.0	4065.0	685.0	780.0	777.0	3395.0	2117.0	339.0	426.0	85.0	51.0	620.0	81.0	14.0	61.0	169.0	13.0	5.0	0.0	0.0	0.0	0.0	0.0	0.0	0.0	6.0	0.0	0.0
SRR5224816	0.0	908.0	3102.0	467.0	559.0	582.0	2720.0	1490.0	552.0	197.0	646.0	188.0	561.0	91.0	18.0	44.0	53.0	0.0	0.0	0.0	0.0	0.0	0.0	0.0	0.0	0.0	0.0	0.0	0.0
SRR5224822	68.0	593.0	2622.0	476.0	712.0	592.0	2672.0	1808.0	478.0	366.0	732.0	613.0	795.0	45.0	0.0	51.0	67.0	0.0	0.0	0.0	0.0	0.0	0.0	0.0	0.0	0.0	0.0	0.0	0.0
SRR5224834	0.0	1445.0	1697.0	451.0	761.0	680.0	2747.0	1634.0	307.0	106.0	110.0	45.0	637.0	87.0	0.0	0.0	176.0	0.0	0.0	0.0	0.0	0.0	0.0	0.0	0.0	0.0	0.0	0.0	0.0
SRR5224846	0.0	1632.0	3866.0	628.0	903.0	636.0	4449.0	1231.0	572.0	197.0	1391.0	357.0	1256.0	0.0	0.0	44.0	52.0	0.0	0.0	0.0	0.0	0.0	28.0	0.0	0.0	0.0	0.0	0.0	0.0
SRR5224858	0.0	1354.0	1771.0	784.0	730.0	670.0	3954.0	1118.0	878.0	244.0	259.0	75.0	176.0	53.0	0.0	0.0	0.0	0.0	0.0	0.0	0.0	0.0	0.0	0.0	0.0	0.0	13.0	30.0	11.0
SRR5224863	479.0	1938.0	8188.0	1574.0	1733.0	936.0	6552.0	2887.0	610.0	345.0	1012.0	553.0	1111.0	92.0	16.0	26.0	66.0	97.0	67.0	0.0	0.0	0.0	7.0	0.0	0.0	46.0	0.0	0.0	0.0
SRR5224864	22.0	1593.0	7182.0	1377.0	1774.0	792.0	4947.0	6929.0	406.0	347.0	859.0	112.0	360.0	41.0	0.0	91.0	199.0	148.0	20.0	0.0	0.0	0.0	0.0	0.0	0.0	0.0	0.0	0.0	0.0
SRR5224866	45.0	1797.0	4554.0	869.0	702.0	591.0	3555.0	2430.0	781.0	377.0	0.0	178.0	474.0	40.0	5.0	0.0	67.0	84.0	0.0	16.0	0.0	0.0	0.0	0.0	0.0	0.0	0.0	0.0	0.0
SRR5224867	0.0	2661.0	5493.0	445.0	398.0	252.0	1803.0	2699.0	813.0	134.0	0.0	0.0	220.0	42.0	0.0	9.0	0.0	51.0	0.0	0.0	0.0	0.0	0.0	0.0	0.0	0.0	0.0	0.0	0.0
SRR5224868	0.0	1488.0	6320.0	686.0	132.0	108.0	236.0	3892.0	209.0	0.0	0.0	0.0	0.0	87.0	0.0	0.0	0.0	0.0	0.0	0.0	0.0	0.0	0.0	0.0	0.0	0.0	0.0	0.0	0.0
SRR5224869	0.0	2103.0	2142.0	456.0	532.0	874.0	2860.0	1523.0	758.0	101.0	46.0	0.0	255.0	84.0	0.0	0.0	167.0	113.0	0.0	0.0	0.0	0.0	0.0	0.0	0.0	0.0	0.0	0.0	0.0
SRR5224870	46.0	1700.0	6440.0	372.0	932.0	331.0	4139.0	2635.0	745.0	103.0	40.0	0.0	307.0	34.0	13.0	53.0	241.0	55.0	0.0	0.0	0.0	0.0	0.0	0.0	0.0	0.0	0.0	0.0	0.0
SRR5224873	65.0	3975.0	7394.0	1004.0	1528.0	466.0	5969.0	3999.0	761.0	304.0	595.0	147.0	853.0	90.0	10.0	207.0	172.0	160.0	22.0	0.0	0.0	0.0	49.0	20.0	0.0	0.0	0.0	0.0	0.0
SRR5224875	260.0	1707.0	6923.0	1055.0	1211.0	665.0	4537.0	2645.0	509.0	200.0	822.0	299.0	511.0	110.0	78.0	8.0	171.0	0.0	41.0	0.0	0.0	0.0	0.0	0.0	0.0	30.0	0.0	0.0	0.0
SRR5224876	70.0	3876.0	7217.0	675.0	773.0	578.0	4934.0	3610.0	377.0	172.0	138.0	12.0	702.0	36.0	0.0	29.0	180.0	13.0	0.0	0.0	0.0	0.0	0.0	0.0	0.0	0.0	0.0	0.0	0.0
SRR5224878	33.0	5100.0	4951.0	978.0	482.0	1182.0	5670.0	1482.0	1401.0	189.0	14.0	0.0	1062.0	78.0	0.0	0.0	195.0	167.0	30.0	79.0	0.0	0.0	0.0	0.0	0.0	0.0	0.0	0.0	0.0
SRR5224879	13.0	3412.0	5782.0	519.0	682.0	524.0	3435.0	3480.0	499.0	297.0	56.0	74.0	429.0	33.0	0.0	41.0	85.0	0.0	0.0	0.0	0.0	0.0	0.0	0.0	0.0	0.0	0.0	0.0	0.0
SRR5224881	360.0	1178.0	5338.0	1096.0	863.0	681.0	5573.0	2130.0	679.0	205.0	841.0	103.0	822.0	50.0	0.0	13.0	31.0	170.0	13.0	14.0	0.0	0.0	0.0	0.0	0.0	0.0	0.0	0.0	0.0
SRR5224882	64.0	1368.0	6754.0	1833.0	1719.0	752.0	5310.0	5785.0	505.0	302.0	952.0	36.0	782.0	118.0	25.0	56.0	263.0	424.0	0.0	0.0	112.0	0.0	0.0	0.0	15.0	0.0	0.0	0.0	0.0
SRR5224883	0.0	1347.0	6487.0	1489.0	1258.0	452.0	1091.0	6237.0	0.0	0.0	152.0	109.0	0.0	334.0	0.0	0.0	0.0	0.0	0.0	0.0	178.0	0.0	0.0	0.0	0.0	0.0	0.0	0.0	0.0
SRR5224884	359.0	1738.0	4514.0	387.0	920.0	760.0	4746.0	1702.0	484.0	264.0	144.0	102.0	467.0	47.0	0.0	6.0	68.0	49.0	17.0	0.0	0.0	0.0	0.0	0.0	0.0	18.0	0.0	0.0	0.0
SRR5224885	5.0	3569.0	7346.0	1050.0	1024.0	575.0	4365.0	3361.0	1553.0	102.0	168.0	50.0	794.0	197.0	0.0	52.0	0.0	190.0	60.0	0.0	0.0	0.0	12.0	0.0	0.0	21.0	0.0	0.0	0.0
SRR5224887	58.0	3364.0	5026.0	477.0	828.0	795.0	3234.0	3126.0	600.0	180.0	44.0	4.0	825.0	88.0	0.0	19.0	4.0	0.0	0.0	14.0	0.0	0.0	0.0	0.0	0.0	0.0	0.0	0.0	0.0
SRR5224888	17.0	2893.0	6832.0	415.0	694.0	481.0	2823.0	3741.0	503.0	43.0	0.0	161.0	246.0	0.0	0.0	0.0	39.0	0.0	0.0	0.0	0.0	0.0	0.0	0.0	0.0	0.0	0.0	0.0	0.0
SRR5224890	318.0	3522.0	6741.0	656.0	571.0	1222.0	5034.0	3282.0	1640.0	142.0	559.0	288.0	692.0	50.0	42.0	0.0	173.0	97.0	61.0	38.0	0.0	0.0	7.0	0.0	0.0	28.0	0.0	0.0	0.0
SRR5224891	106.0	1367.0	11303.0	2116.0	2396.0	1187.0	7778.0	6089.0	459.0	314.0	1701.0	136.0	965.0	82.0	29.0	109.0	429.0	73.0	83.0	14.0	15.0	0.0	0.0	0.0	0.0	25.0	0.0	0.0	0.0
SRR5224893	27.0	2199.0	2853.0	193.0	288.0	802.0	4536.0	965.0	584.0	137.0	19.0	53.0	460.0	24.0	0.0	12.0	19.0	127.0	0.0	27.0	0.0	0.0	0.0	0.0	0.0	26.0	0.0	0.0	0.0
SRR5224894	159.0	2642.0	4549.0	430.0	937.0	460.0	5331.0	2057.0	79.0	197.0	319.0	54.0	570.0	28.0	5.0	22.0	58.0	113.0	14.0	68.0	0.0	0.0	11.0	0.0	0.0	0.0	0.0	0.0	0.0
SRR5224897	161.0	3109.0	6027.0	682.0	1257.0	445.0	3953.0	2705.0	476.0	178.0	451.0	0.0	707.0	35.0	18.0	0.0	155.0	74.0	19.0	73.0	0.0	0.0	5.0	0.0	0.0	0.0	0.0	0.0	0.0
SRR5224899	80.0	1828.0	3483.0	174.0	339.0	531.0	3577.0	2125.0	348.0	241.0	42.0	13.0	313.0	60.0	0.0	0.0	119.0	214.0	0.0	22.0	0.0	0.0	0.0	0.0	35.0	0.0	0.0	0.0	0.0
SRR5224900	62.0	4160.0	7066.0	986.0	1230.0	1014.0	4690.0	3265.0	1531.0	194.0	411.0	101.0	1188.0	33.0	0.0	140.0	193.0	314.0	54.0	0.0	0.0	0.0	23.0	0.0	0.0	0.0	0.0	0.0	0.0
SRR5224901	0.0	2448.0	7623.0	834.0	568.0	473.0	811.0	5194.0	198.0	0.0	207.0	55.0	0.0	49.0	0.0	0.0	0.0	36.0	19.0	0.0	0.0	0.0	0.0	0.0	0.0	0.0	0.0	0.0	0.0
SRR5224902	537.0	5673.0	7208.0	1616.0	1653.0	1618.0	6130.0	2756.0	1370.0	305.0	426.0	113.0	1873.0	108.0	0.0	29.0	531.0	149.0	0.0	95.0	0.0	0.0	0.0	0.0	0.0	37.0	0.0	0.0	0.0
SRR5224903	34.0	1310.0	3635.0	374.0	342.0	208.0	3067.0	3008.0	28.0	41.0	20.0	0.0	276.0	31.0	0.0	0.0	0.0	61.0	0.0	0.0	39.0	0.0	0.0	0.0	7.0	0.0	0.0	0.0	0.0
SRR5224904	0.0	1236.0	3397.0	0.0	282.0	420.0	1878.0	3180.0	208.0	0.0	0.0	0.0	0.0	25.0	0.0	0.0	0.0	0.0	0.0	0.0	0.0	0.0	0.0	0.0	0.0	0.0	0.0	0.0	0.0
SRR5224905	35.0	2589.0	3968.0	501.0	451.0	599.0	3326.0	2168.0	986.0	116.0	37.0	81.0	341.0	136.0	10.0	20.0	59.0	61.0	0.0	0.0	0.0	0.0	0.0	0.0	0.0	0.0	0.0	0.0	0.0
SRR5224906	0.0	3514.0	3971.0	134.0	116.0	301.0	1818.0	2903.0	558.0	54.0	20.0	0.0	107.0	54.0	0.0	0.0	35.0	0.0	0.0	0.0	0.0	0.0	0.0	0.0	0.0	0.0	0.0	0.0	0.0
SRR5224907	0.0	2496.0	3555.0	68.0	28.0	387.0	441.0	2894.0	122.0	0.0	0.0	12.0	0.0	0.0	0.0	0.0	0.0	0.0	0.0	0.0	0.0	0.0	0.0	0.0	0.0	0.0	0.0	0.0	0.0
SRR5224909	44.0	497.0	5610.0	928.0	1227.0	185.0	2400.0	5600.0	385.0	73.0	277.0	194.0	216.0	112.0	0.0	82.0	19.0	0.0	55.0	0.0	47.0	0.0	0.0	0.0	0.0	0.0	0.0	0.0	0.0
SRR5224910	0.0	853.0	6260.0	721.0	787.0	227.0	449.0	3530.0	164.0	0.0	29.0	233.0	0.0	60.0	0.0	34.0	0.0	0.0	154.0	0.0	282.0	0.0	0.0	0.0	0.0	0.0	0.0	0.0	0.0
SRR5224912	47.0	1664.0	3971.0	455.0	740.0	344.0	2281.0	3419.0	232.0	150.0	156.0	91.0	291.0	0.0	0.0	113.0	64.0	0.0	21.0	0.0	0.0	0.0	0.0	0.0	0.0	0.0	0.0	0.0	0.0
SRR5224914	242.0	938.0	3910.0	659.0	1283.0	640.0	3683.0	2516.0	625.0	80.0	211.0	189.0	618.0	45.0	10.0	27.0	0.0	102.0	0.0	0.0	0.0	0.0	0.0	0.0	0.0	0.0	0.0	0.0	0.0
SRR5224915	25.0	418.0	3218.0	599.0	635.0	57.0	2137.0	4068.0	155.0	186.0	178.0	85.0	197.0	45.0	0.0	0.0	0.0	0.0	2.0	0.0	23.0	0.0	5.0	0.0	11.0	0.0	0.0	0.0	0.0
SRR5224916	0.0	2458.0	7733.0	251.0	672.0	0.0	152.0	6676.0	69.0	0.0	90.0	491.0	0.0	0.0	0.0	0.0	12.0	0.0	0.0	0.0	0.0	0.0	0.0	31.0	170.0	0.0	0.0	0.0	0.0
SRR5224917	47.0	2323.0	3755.0	276.0	387.0	631.0	2763.0	1590.0	979.0	187.0	0.0	0.0	331.0	41.0	0.0	0.0	0.0	117.0	0.0	0.0	0.0	0.0	0.0	0.0	0.0	17.0	0.0	0.0	0.0
SRR5224919	46.0	455.0	4966.0	1330.0	1156.0	246.0	2708.0	4631.0	334.0	127.0	545.0	21.0	304.0	149.0	12.0	144.0	80.0	45.0	0.0	0.0	65.0	0.0	0.0	0.0	0.0	0.0	0.0	0.0	0.0
SRR5224920	0.0	559.0	8508.0	950.0	1718.0	273.0	687.0	6425.0	41.0	0.0	83.0	205.0	0.0	182.0	0.0	141.0	0.0	0.0	255.0	0.0	199.0	0.0	0.0	0.0	0.0	0.0	0.0	0.0	0.0
SRR5224921	0.0	2796.0	2353.0	477.0	606.0	747.0	2788.0	643.0	741.0	170.0	0.0	0.0	656.0	20.0	0.0	15.0	0.0	36.0	0.0	0.0	0.0	0.0	0.0	0.0	0.0	0.0	0.0	0.0	0.0
SRR5224922	62.0	1427.0	4952.0	267.0	764.0	296.0	3078.0	2785.0	536.0	162.0	27.0	12.0	232.0	26.0	0.0	22.0	0.0	36.0	0.0	0.0	0.0	0.0	8.0	0.0	0.0	0.0	0.0	0.0	0.0
SRR5224923	0.0	2389.0	7343.0	998.0	381.0	141.0	387.0	5534.0	56.0	0.0	31.0	19.0	0.0	46.0	0.0	42.0	0.0	0.0	0.0	0.0	0.0	0.0	0.0	0.0	0.0	0.0	0.0	0.0	0.0
SRR5224924	131.0	2206.0	6351.0	1814.0	1851.0	1065.0	6651.0	2969.0	797.0	237.0	378.0	158.0	1535.0	47.0	0.0	236.0	156.0	86.0	6.0	0.0	0.0	0.0	8.0	0.0	0.0	36.0	0.0	0.0	0.0
SRR5224925	79.0	1751.0	5148.0	312.0	883.0	286.0	3208.0	4154.0	494.0	126.0	115.0	0.0	291.0	0.0	0.0	0.0	0.0	51.0	0.0	0.0	0.0	0.0	0.0	0.0	0.0	0.0	0.0	0.0	0.0
SRR5224926	0.0	1918.0	7009.0	433.0	303.0	94.0	720.0	6608.0	333.0	0.0	229.0	0.0	0.0	0.0	0.0	22.0	18.0	0.0	16.0	0.0	0.0	0.0	0.0	0.0	0.0	0.0	0.0	0.0	0.0
SRR5224927	65.0	4672.0	5979.0	1625.0	1021.0	775.0	4922.0	1709.0	1962.0	206.0	17.0	215.0	672.0	66.0	0.0	0.0	0.0	136.0	0.0	0.0	0.0	0.0	0.0	0.0	0.0	0.0	0.0	0.0	0.0
SRR5224928	0.0	1317.0	5971.0	755.0	853.0	654.0	2230.0	3633.0	296.0	109.0	53.0	16.0	150.0	31.0	0.0	0.0	0.0	0.0	0.0	9.0	0.0	0.0	0.0	0.0	0.0	13.0	0.0	0.0	0.0
SRR5224929	0.0	2445.0	7016.0	165.0	619.0	122.0	185.0	5826.0	86.0	0.0	133.0	53.0	0.0	0.0	0.0	0.0	12.0	0.0	0.0	0.0	0.0	0.0	0.0	0.0	0.0	0.0	0.0	0.0	0.0
SRR5224931	32.0	1449.0	6072.0	653.0	1101.0	256.0	1870.0	3326.0	428.0	114.0	207.0	0.0	379.0	62.0	21.0	65.0	0.0	76.0	0.0	0.0	0.0	0.0	4.0	0.0	21.0	0.0	0.0	0.0	0.0
SRR5224932	0.0	1543.0	5210.0	1273.0	454.0	214.0	420.0	4384.0	69.0	0.0	154.0	91.0	0.0	0.0	11.0	71.0	0.0	0.0	96.0	0.0	0.0	0.0	0.0	0.0	0.0	0.0	0.0	0.0	0.0
SRR5224934	29.0	2043.0	4723.0	507.0	234.0	358.0	2900.0	1955.0	214.0	133.0	95.0	0.0	327.0	0.0	0.0	10.0	0.0	0.0	0.0	0.0	0.0	0.0	0.0	0.0	0.0	0.0	0.0	0.0	0.0
SRR5224935	0.0	1500.0	7780.0	218.0	166.0	121.0	279.0	2583.0	91.0	0.0	20.0	0.0	0.0	24.0	0.0	0.0	0.0	0.0	0.0	0.0	0.0	0.0	0.0	0.0	0.0	0.0	0.0	0.0	0.0
SRR5224936	73.0	1195.0	4522.0	1662.0	819.0	620.0	4797.0	3566.0	523.0	229.0	30.0	255.0	1196.0	112.0	0.0	37.0	153.0	89.0	7.0	0.0	46.0	0.0	0.0	0.0	0.0	0.0	0.0	0.0	0.0
SRR5224937	0.0	425.0	5174.0	1426.0	1115.0	224.0	3252.0	5027.0	157.0	100.0	289.0	101.0	309.0	364.0	15.0	77.0	37.0	254.0	30.0	0.0	109.0	0.0	0.0	0.0	0.0	0.0	0.0	0.0	0.0
SRR5224938	0.0	659.0	3364.0	1001.0	408.0	20.0	161.0	4077.0	0.0	0.0	21.0	54.0	0.0	225.0	20.0	47.0	24.0	0.0	0.0	0.0	100.0	0.0	0.0	0.0	0.0	0.0	0.0	0.0	0.0
SRR5224939	24.0	2564.0	7387.0	971.0	1011.0	489.0	1417.0	3739.0	516.0	126.0	33.0	302.0	91.0	100.0	0.0	26.0	30.0	17.0	0.0	0.0	0.0	0.0	0.0	0.0	0.0	0.0	0.0	0.0	0.0
SRR5224940	12.0	2367.0	4401.0	880.0	795.0	254.0	3010.0	2617.0	436.0	91.0	152.0	0.0	439.0	87.0	0.0	140.0	55.0	204.0	36.0	0.0	0.0	0.0	9.0	0.0	0.0	0.0	0.0	0.0	0.0
SRR5224942	12.0	976.0	2451.0	318.0	876.0	678.0	2564.0	2418.0	1098.0	76.0	159.0	107.0	41.0	49.0	0.0	0.0	0.0	98.0	0.0	0.0	0.0	0.0	0.0	0.0	0.0	0.0	0.0	0.0	0.0
SRR5224945	67.0	2869.0	3229.0	739.0	718.0	830.0	4237.0	827.0	688.0	158.0	24.0	34.0	873.0	59.0	0.0	12.0	121.0	56.0	0.0	0.0	0.0	0.0	0.0	0.0	0.0	0.0	0.0	0.0	0.0
SRR5224948	17.0	2407.0	7964.0	1643.0	1055.0	704.0	2831.0	4341.0	519.0	298.0	290.0	394.0	1157.0	125.0	0.0	21.0	51.0	0.0	6.0	5.0	0.0	0.0	0.0	0.0	0.0	0.0	0.0	0.0	0.0
SRR5224949	59.0	2317.0	9474.0	1945.0	1425.0	1374.0	5571.0	4878.0	957.0	271.0	644.0	95.0	1189.0	169.0	14.0	96.0	200.0	153.0	19.0	0.0	60.0	0.0	15.0	5.0	0.0	0.0	0.0	0.0	0.0
SRR5224950	0.0	549.0	6911.0	810.0	867.0	208.0	858.0	5430.0	0.0	0.0	51.0	237.0	0.0	494.0	0.0	15.0	0.0	0.0	0.0	0.0	168.0	0.0	0.0	0.0	0.0	0.0	0.0	0.0	0.0
SRR5224951	103.0	5485.0	6842.0	796.0	901.0	941.0	4073.0	1796.0	1122.0	242.0	160.0	98.0	951.0	97.0	0.0	32.0	0.0	241.0	4.0	31.0	0.0	0.0	0.0	0.0	0.0	0.0	0.0	0.0	0.0
SRR5224952	80.0	2450.0	6414.0	857.0	1041.0	543.0	4874.0	3170.0	599.0	197.0	202.0	106.0	792.0	89.0	0.0	47.0	8.0	46.0	0.0	73.0	0.0	0.0	0.0	0.0	0.0	26.0	0.0	0.0	0.0
SRR5224953	0.0	1822.0	6358.0	659.0	888.0	424.0	826.0	5688.0	251.0	0.0	29.0	32.0	0.0	127.0	0.0	0.0	0.0	0.0	0.0	0.0	38.0	0.0	0.0	0.0	0.0	0.0	0.0	0.0	0.0
SRR5224954	26.0	767.0	1798.0	235.0	781.0	657.0	2649.0	2352.0	424.0	39.0	412.0	13.0	160.0	19.0	0.0	0.0	47.0	159.0	0.0	0.0	0.0	0.0	0.0	0.0	0.0	0.0	0.0	0.0	0.0
SRR5224955	174.0	1551.0	4499.0	386.0	916.0	414.0	4206.0	3402.0	361.0	80.0	215.0	39.0	311.0	48.0	0.0	0.0	334.0	23.0	0.0	26.0	0.0	0.0	0.0	0.0	0.0	0.0	0.0	0.0	0.0
SRR5224956	4.0	2808.0	5349.0	336.0	477.0	532.0	1237.0	4598.0	0.0	0.0	84.0	0.0	28.0	56.0	0.0	0.0	0.0	0.0	0.0	0.0	0.0	0.0	0.0	0.0	0.0	0.0	0.0	0.0	0.0
SRR5224957	37.0	2349.0	3120.0	452.0	294.0	457.0	3550.0	1119.0	562.0	239.0	0.0	115.0	409.0	44.0	0.0	17.0	0.0	267.0	0.0	0.0	0.0	0.0	0.0	0.0	0.0	0.0	0.0	0.0	0.0
SRR5224958	0.0	2745.0	5203.0	601.0	1125.0	672.0	4056.0	2097.0	287.0	278.0	266.0	52.0	365.0	74.0	14.0	56.0	81.0	37.0	8.0	22.0	0.0	0.0	0.0	0.0	0.0	0.0	0.0	0.0	0.0
SRR5224960	306.0	3625.0	6916.0	1934.0	1819.0	1036.0	5972.0	4082.0	1420.0	292.0	1468.0	412.0	1430.0	75.0	0.0	55.0	408.0	58.0	26.0	0.0	0.0	0.0	0.0	0.0	0.0	0.0	0.0	0.0	0.0
SRR5224961	204.0	1648.0	8044.0	666.0	1360.0	777.0	5737.0	3058.0	321.0	170.0	1160.0	51.0	868.0	60.0	108.0	30.0	299.0	0.0	0.0	184.0	69.0	0.0	0.0	0.0	0.0	36.0	0.0	0.0	0.0
SRR5224963	7.0	2458.0	4982.0	1392.0	1409.0	203.0	828.0	3585.0	387.0	12.0	17.0	53.0	165.0	33.0	0.0	28.0	8.0	0.0	0.0	12.0	0.0	0.0	0.0	0.0	0.0	0.0	0.0	0.0	0.0
SRR5224964	64.0	3170.0	6741.0	416.0	857.0	579.0	4347.0	2464.0	436.0	153.0	202.0	0.0	582.0	17.0	0.0	0.0	88.0	104.0	0.0	0.0	0.0	0.0	0.0	0.0	0.0	0.0	0.0	0.0	0.0
SRR5224966	195.0	1013.0	6844.0	1355.0	2304.0	603.0	5541.0	3802.0	1170.0	257.0	590.0	828.0	1586.0	79.0	0.0	234.0	146.0	0.0	74.0	0.0	0.0	0.0	20.0	0.0	0.0	0.0	0.0	0.0	0.0
SRR5224967	185.0	1993.0	6431.0	1588.0	1157.0	610.0	4541.0	2548.0	614.0	231.0	593.0	88.0	1093.0	74.0	0.0	62.0	79.0	0.0	43.0	0.0	0.0	0.0	11.0	0.0	0.0	0.0	0.0	0.0	0.0
SRR5224968	0.0	166.0	3736.0	964.0	577.0	200.0	1268.0	3328.0	56.0	0.0	81.0	0.0	0.0	205.0	0.0	0.0	0.0	0.0	0.0	0.0	0.0	0.0	0.0	0.0	0.0	0.0	0.0	0.0	0.0
SRR5224969	4.0	2013.0	2932.0	429.0	597.0	442.0	3035.0	901.0	1019.0	225.0	75.0	0.0	579.0	30.0	0.0	27.0	78.0	32.0	0.0	0.0	0.0	0.0	0.0	0.0	0.0	23.0	0.0	0.0	0.0
SRR5224970	171.0	409.0	4129.0	736.0	1272.0	401.0	3914.0	1510.0	507.0	318.0	303.0	327.0	1307.0	117.0	16.0	127.0	121.0	0.0	17.0	0.0	0.0	0.0	23.0	0.0	0.0	0.0	0.0	0.0	0.0
SRR5224971	106.0	1046.0	6077.0	2142.0	1459.0	633.0	3306.0	4368.0	466.0	184.0	479.0	166.0	777.0	24.0	0.0	20.0	89.0	164.0	80.0	0.0	0.0	0.0	17.0	0.0	0.0	0.0	0.0	0.0	0.0
SRR5224973	35.0	718.0	3757.0	1043.0	679.0	457.0	2672.0	2464.0	619.0	47.0	124.0	44.0	815.0	121.0	31.0	25.0	72.0	0.0	0.0	0.0	0.0	0.0	0.0	0.0	0.0	0.0	0.0	0.0	0.0
SRR5224974	0.0	4069.0	4590.0	700.0	633.0	320.0	3414.0	1230.0	911.0	186.0	84.0	239.0	240.0	181.0	0.0	29.0	6.0	48.0	4.0	0.0	0.0	0.0	0.0	0.0	0.0	0.0	0.0	0.0	0.0
SRR5224976	193.0	2199.0	9380.0	3061.0	2707.0	789.0	6745.0	5947.0	821.0	276.0	1099.0	1062.0	1809.0	134.0	37.0	433.0	98.0	16.0	15.0	0.0	0.0	0.0	28.0	0.0	0.0	0.0	0.0	0.0	0.0
SRR5224977	18.0	1629.0	5143.0	838.0	568.0	385.0	1760.0	4043.0	488.0	0.0	415.0	62.0	141.0	121.0	0.0	124.0	0.0	39.0	16.0	0.0	0.0	0.0	0.0	0.0	0.0	0.0	0.0	0.0	0.0
SRR5224979	0.0	1783.0	2936.0	411.0	734.0	793.0	2518.0	1008.0	583.0	255.0	0.0	70.0	479.0	24.0	0.0	0.0	123.0	0.0	0.0	0.0	0.0	0.0	0.0	0.0	0.0	27.0	16.0	0.0	0.0
SRR5224980	0.0	2385.0	4640.0	788.0	623.0	511.0	2005.0	2083.0	652.0	119.0	113.0	48.0	240.0	113.0	0.0	0.0	44.0	0.0	0.0	0.0	0.0	0.0	13.0	0.0	0.0	0.0	0.0	0.0	0.0
SRR5224983	60.0	1323.0	7708.0	1545.0	1426.0	572.0	4588.0	4647.0	470.0	242.0	280.0	386.0	558.0	170.0	0.0	70.0	15.0	0.0	0.0	0.0	0.0	0.0	0.0	0.0	0.0	0.0	0.0	0.0	0.0
SRR5224984	0.0	848.0	6964.0	1826.0	957.0	523.0	1296.0	6697.0	0.0	0.0	65.0	268.0	15.0	151.0	0.0	0.0	0.0	0.0	0.0	0.0	15.0	0.0	0.0	0.0	0.0	0.0	0.0	0.0	0.0
SRR5224985	46.0	2766.0	5244.0	1172.0	962.0	346.0	2056.0	3403.0	992.0	115.0	0.0	177.0	631.0	0.0	0.0	32.0	49.0	174.0	0.0	0.0	0.0	0.0	0.0	0.0	0.0	0.0	37.0	0.0	0.0
SRR5224986	32.0	5347.0	9369.0	2216.0	1111.0	625.0	3970.0	3469.0	821.0	175.0	161.0	273.0	736.0	72.0	0.0	0.0	104.0	0.0	0.0	12.0	0.0	0.0	6.0	0.0	0.0	0.0	0.0	0.0	0.0
SRR5224988	558.0	2526.0	6405.0	1794.0	2121.0	602.0	4681.0	3498.0	535.0	285.0	987.0	202.0	1696.0	161.0	16.0	354.0	80.0	0.0	35.0	0.0	0.0	0.0	23.0	0.0	0.0	0.0	0.0	0.0	0.0
SRR5224989	18.0	1663.0	5375.0	558.0	429.0	685.0	2952.0	3084.0	736.0	177.0	236.0	101.0	463.0	16.0	0.0	0.0	79.0	136.0	0.0	0.0	0.0	0.0	16.0	0.0	0.0	0.0	0.0	0.0	0.0
SRR5224990	0.0	746.0	5446.0	702.0	291.0	306.0	322.0	4277.0	35.0	0.0	20.0	14.0	0.0	0.0	0.0	22.0	0.0	0.0	0.0	0.0	0.0	0.0	0.0	0.0	0.0	0.0	0.0	0.0	0.0
SRR5224991	208.0	2330.0	5536.0	1018.0	1267.0	834.0	4960.0	3118.0	1059.0	203.0	245.0	0.0	789.0	84.0	16.0	0.0	0.0	80.0	0.0	0.0	0.0	0.0	0.0	0.0	0.0	0.0	0.0	0.0	0.0
SRR5224992	35.0	4975.0	6348.0	861.0	857.0	779.0	3197.0	2659.0	1059.0	118.0	175.0	59.0	439.0	127.0	0.0	42.0	0.0	241.0	20.0	0.0	0.0	0.0	0.0	0.0	0.0	0.0	0.0	0.0	0.0
SRR5224995	81.0	2028.0	8041.0	1385.0	1664.0	528.0	2709.0	4489.0	910.0	0.0	848.0	206.0	248.0	132.0	0.0	63.0	69.0	204.0	7.0	0.0	0.0	0.0	0.0	0.0	0.0	13.0	0.0	0.0	0.0
SRR5224996	0.0	875.0	11633.0	1491.0	758.0	334.0	496.0	4750.0	83.0	0.0	0.0	133.0	0.0	60.0	0.0	55.0	0.0	30.0	0.0	0.0	0.0	0.0	0.0	0.0	0.0	0.0	0.0	0.0	0.0
SRR5224997	81.0	1538.0	2620.0	518.0	1183.0	618.0	3836.0	1063.0	974.0	154.0	85.0	27.0	409.0	130.0	0.0	0.0	43.0	216.0	27.0	0.0	0.0	0.0	0.0	0.0	0.0	0.0	0.0	0.0	0.0
SRR5224998	103.0	5099.0	8463.0	1243.0	1003.0	753.0	3944.0	4128.0	1182.0	178.0	467.0	130.0	454.0	84.0	0.0	22.0	74.0	193.0	0.0	0.0	0.0	0.0	0.0	0.0	0.0	25.0	0.0	0.0	0.0
SRR5225000	489.0	2690.0	7067.0	1550.0	1990.0	722.0	5297.0	2930.0	1049.0	100.0	1169.0	777.0	1494.0	0.0	29.0	355.0	228.0	0.0	88.0	50.0	0.0	0.0	42.0	0.0	0.0	0.0	0.0	0.0	0.0
SRR5225001	68.0	2976.0	7394.0	2151.0	1537.0	864.0	5608.0	3625.0	532.0	219.0	306.0	205.0	1018.0	183.0	34.0	27.0	113.0	0.0	17.0	0.0	0.0	0.0	0.0	0.0	0.0	0.0	0.0	0.0	0.0
SRR5225002	0.0	2030.0	4725.0	1185.0	1229.0	392.0	1174.0	3820.0	60.0	0.0	82.0	158.0	96.0	252.0	0.0	46.0	8.0	0.0	2.0	0.0	0.0	0.0	0.0	0.0	0.0	0.0	0.0	0.0	0.0
SRR5225003	100.0	573.0	3229.0	707.0	964.0	458.0	3001.0	2330.0	358.0	51.0	624.0	409.0	981.0	105.0	8.0	81.0	83.0	0.0	0.0	0.0	0.0	0.0	0.0	0.0	0.0	0.0	0.0	0.0	0.0
SRR5225004	70.0	940.0	4753.0	936.0	1250.0	391.0	2742.0	3608.0	308.0	86.0	377.0	63.0	656.0	143.0	0.0	179.0	0.0	172.0	21.0	0.0	0.0	0.0	0.0	0.0	0.0	0.0	0.0	0.0	0.0
SRR5225005	0.0	597.0	4060.0	762.0	582.0	244.0	581.0	5353.0	0.0	0.0	132.0	60.0	0.0	235.0	0.0	68.0	0.0	0.0	0.0	0.0	0.0	0.0	0.0	0.0	0.0	0.0	0.0	0.0	0.0
SRR5225006	68.0	810.0	3505.0	950.0	727.0	389.0	1629.0	1903.0	474.0	156.0	180.0	142.0	621.0	93.0	0.0	34.0	36.0	99.0	0.0	0.0	0.0	0.0	6.0	0.0	0.0	0.0	0.0	0.0	0.0
SRR5225007	0.0	2150.0	3494.0	699.0	706.0	346.0	2389.0	1095.0	1205.0	0.0	144.0	131.0	179.0	160.0	0.0	0.0	32.0	421.0	40.0	0.0	0.0	0.0	0.0	0.0	0.0	0.0	0.0	0.0	0.0
SRR5225008	0.0	1224.0	3490.0	752.0	543.0	731.0	863.0	3022.0	199.0	0.0	101.0	30.0	84.0	55.0	0.0	0.0	0.0	0.0	0.0	0.0	0.0	0.0	0.0	0.0	0.0	0.0	0.0	0.0	0.0
SRR5225010	17.0	3438.0	8658.0	2017.0	1247.0	170.0	4220.0	4156.0	502.0	256.0	427.0	153.0	1141.0	174.0	37.0	0.0	22.0	0.0	7.0	0.0	0.0	0.0	15.0	0.0	0.0	0.0	0.0	0.0	0.0
SRR5225011	0.0	675.0	4367.0	262.0	593.0	389.0	229.0	4417.0	62.0	0.0	139.0	41.0	21.0	52.0	0.0	0.0	12.0	0.0	0.0	0.0	0.0	0.0	0.0	0.0	0.0	0.0	0.0	0.0	0.0
SRR5225012	16.0	794.0	3034.0	584.0	506.0	339.0	2094.0	2582.0	378.0	109.0	56.0	115.0	426.0	77.0	0.0	0.0	27.0	93.0	0.0	0.0	0.0	0.0	0.0	0.0	0.0	0.0	0.0	0.0	0.0
SRR5225013	45.0	5700.0	11204.0	2439.0	1809.0	1026.0	3853.0	5552.0	1092.0	64.0	394.0	174.0	793.0	0.0	11.0	53.0	101.0	119.0	0.0	0.0	0.0	0.0	7.0	0.0	0.0	0.0	0.0	0.0	0.0
SRR5225015	124.0	826.0	2675.0	296.0	668.0	674.0	2895.0	947.0	326.0	118.0	247.0	33.0	136.0	48.0	0.0	41.0	0.0	0.0	3.0	0.0	0.0	0.0	0.0	0.0	0.0	0.0	0.0	0.0	0.0
SRR5225016	28.0	1315.0	3720.0	564.0	727.0	224.0	2150.0	2539.0	620.0	127.0	57.0	10.0	228.0	80.0	0.0	0.0	0.0	145.0	0.0	0.0	0.0	0.0	0.0	0.0	0.0	9.0	0.0	0.0	0.0
SRR5225019	25.0	225.0	4085.0	1111.0	493.0	107.0	2121.0	3809.0	236.0	0.0	207.0	143.0	172.0	207.0	0.0	47.0	0.0	97.0	43.0	0.0	0.0	0.0	0.0	0.0	0.0	0.0	0.0	0.0	0.0
SRR5225020	0.0	435.0	5704.0	631.0	526.0	250.0	386.0	5625.0	0.0	0.0	57.0	136.0	0.0	380.0	0.0	92.0	0.0	0.0	0.0	0.0	0.0	0.0	0.0	0.0	0.0	0.0	0.0	0.0	0.0
SRR5225022	0.0	1553.0	3013.0	341.0	360.0	324.0	1389.0	2291.0	518.0	0.0	21.0	13.0	59.0	80.0	0.0	0.0	19.0	227.0	0.0	0.0	0.0	0.0	0.0	0.0	0.0	0.0	0.0	0.0	0.0
SRR5225025	37.0	685.0	6351.0	924.0	1486.0	262.0	3553.0	3435.0	229.0	113.0	209.0	215.0	498.0	202.0	0.0	75.0	18.0	0.0	0.0	17.0	0.0	0.0	24.0	0.0	0.0	20.0	0.0	0.0	0.0
SRR5225026	0.0	892.0	6086.0	1043.0	1028.0	317.0	686.0	5540.0	146.0	0.0	10.0	31.0	0.0	237.0	0.0	0.0	9.0	0.0	0.0	0.0	0.0	0.0	0.0	0.0	0.0	0.0	0.0	0.0	0.0
SRR5225027	232.0	1696.0	7271.0	1598.0	2455.0	794.0	5130.0	2954.0	728.0	282.0	1370.0	714.0	1285.0	76.0	15.0	520.0	192.0	0.0	125.0	0.0	0.0	0.0	13.0	0.0	0.0	0.0	0.0	0.0	0.0
SRR5225028	24.0	375.0	3372.0	479.0	842.0	229.0	2315.0	2202.0	260.0	22.0	49.0	98.0	318.0	74.0	0.0	55.0	31.0	0.0	9.0	15.0	0.0	0.0	10.0	0.0	0.0	0.0	0.0	0.0	0.0
SRR5225029	0.0	270.0	5368.0	998.0	937.0	545.0	1336.0	3635.0	49.0	0.0	0.0	152.0	0.0	340.0	0.0	0.0	0.0	0.0	0.0	0.0	0.0	0.0	0.0	0.0	0.0	0.0	0.0	0.0	0.0
SRR5225030	49.0	1348.0	6243.0	534.0	838.0	331.0	2704.0	2436.0	183.0	113.0	297.0	15.0	585.0	80.0	0.0	18.0	53.0	68.0	19.0	0.0	0.0	0.0	13.0	0.0	0.0	0.0	0.0	0.0	0.0
SRR5225031	0.0	1201.0	7493.0	1270.0	1312.0	656.0	685.0	6217.0	601.0	0.0	135.0	0.0	0.0	162.0	0.0	0.0	0.0	0.0	9.0	0.0	0.0	0.0	0.0	0.0	0.0	0.0	0.0	0.0	0.0
SRR5225032	54.0	1977.0	2978.0	826.0	532.0	534.0	3191.0	1344.0	952.0	148.0	0.0	0.0	265.0	110.0	0.0	33.0	51.0	46.0	0.0	0.0	0.0	0.0	0.0	0.0	0.0	0.0	0.0	0.0	0.0
SRR5225033	191.0	4551.0	6165.0	1292.0	1520.0	1140.0	4282.0	2402.0	807.0	51.0	482.0	15.0	396.0	134.0	7.0	33.0	139.0	0.0	0.0	40.0	0.0	0.0	11.0	0.0	2.0	0.0	9.0	0.0	0.0
SRR5225035	144.0	1880.0	8051.0	1922.0	1986.0	749.0	5093.0	4719.0	564.0	322.0	2045.0	746.0	1969.0	185.0	176.0	433.0	298.0	171.0	36.0	14.0	0.0	0.0	41.0	0.0	0.0	0.0	0.0	0.0	0.0
SRR5225036	97.0	1317.0	6941.0	1187.0	1775.0	500.0	5001.0	4502.0	456.0	265.0	338.0	197.0	1201.0	223.0	0.0	160.0	67.0	267.0	78.0	0.0	0.0	0.0	9.0	0.0	0.0	0.0	0.0	0.0	0.0
SRR5225037	0.0	539.0	5428.0	1460.0	1332.0	466.0	987.0	5326.0	16.0	0.0	54.0	99.0	0.0	202.0	0.0	0.0	0.0	0.0	0.0	0.0	0.0	0.0	0.0	0.0	0.0	0.0	0.0	0.0	0.0
SRR5225042	99.0	5532.0	5777.0	1449.0	935.0	861.0	2504.0	2480.0	1144.0	229.0	555.0	155.0	1023.0	173.0	0.0	0.0	895.0	0.0	0.0	35.0	0.0	0.0	0.0	0.0	0.0	29.0	0.0	0.0	0.0
SRR5225049	0.0	2590.0	4160.0	470.0	565.0	724.0	2771.0	2249.0	598.0	77.0	55.0	20.0	296.0	144.0	0.0	52.0	37.0	242.0	0.0	0.0	0.0	0.0	0.0	0.0	0.0	0.0	0.0	0.0	0.0
SRR5225051	67.0	802.0	4090.0	568.0	734.0	573.0	3051.0	2147.0	478.0	312.0	196.0	364.0	974.0	82.0	0.0	96.0	28.0	0.0	0.0	0.0	0.0	0.0	11.0	0.0	0.0	0.0	0.0	0.0	0.0
SRR5225052	66.0	667.0	4721.0	1297.0	1184.0	376.0	3795.0	3652.0	424.0	30.0	373.0	23.0	744.0	203.0	0.0	154.0	52.0	179.0	74.0	0.0	0.0	0.0	0.0	0.0	0.0	0.0	0.0	0.0	0.0
SRR5225053	0.0	758.0	3591.0	845.0	466.0	242.0	437.0	3949.0	0.0	0.0	0.0	0.0	0.0	265.0	0.0	26.0	0.0	0.0	0.0	0.0	0.0	0.0	0.0	0.0	0.0	0.0	0.0	0.0	0.0
SRR5225064	32.0	3465.0	4832.0	1200.0	518.0	343.0	2363.0	1975.0	1655.0	101.0	22.0	76.0	448.0	117.0	0.0	59.0	0.0	0.0	0.0	0.0	0.0	0.0	12.0	0.0	0.0	0.0	0.0	0.0	0.0
SRR5225067	309.0	2014.0	6862.0	1592.0	2165.0	645.0	6322.0	3323.0	623.0	193.0	1457.0	846.0	2038.0	43.0	0.0	325.0	310.0	0.0	76.0	0.0	0.0	0.0	56.0	0.0	0.0	15.0	11.0	0.0	0.0
SRR5225074	89.0	1570.0	9275.0	1356.0	2149.0	606.0	5923.0	3928.0	437.0	395.0	713.0	242.0	1252.0	158.0	0.0	230.0	143.0	20.0	30.0	108.0	0.0	0.0	28.0	0.0	3.0	13.0	0.0	0.0	0.0
SRR5225079	0.0	738.0	4416.0	763.0	385.0	585.0	946.0	3044.0	106.0	0.0	40.0	216.0	0.0	114.0	25.0	11.0	0.0	0.0	0.0	0.0	0.0	0.0	0.0	0.0	0.0	0.0	0.0	0.0	0.0
SRR5225080	269.0	6794.0	10010.0	3128.0	2978.0	1780.0	6506.0	6225.0	1817.0	372.0	1331.0	808.0	1628.0	103.0	6.0	636.0	1497.0	77.0	13.0	0.0	0.0	0.0	87.0	0.0	36.0	55.0	16.0	0.0	0.0
SRR5225081	13.0	1746.0	3886.0	1151.0	735.0	106.0	1014.0	2939.0	169.0	112.0	97.0	125.0	46.0	63.0	0.0	22.0	61.0	0.0	0.0	0.0	0.0	0.0	0.0	0.0	0.0	0.0	0.0	0.0	0.0
SRR5225083	244.0	6723.0	8885.0	2984.0	2507.0	1778.0	5579.0	3863.0	1732.0	367.0	2258.0	1245.0	1618.0	36.0	0.0	210.0	266.0	139.0	107.0	0.0	0.0	0.0	89.0	0.0	0.0	0.0	12.0	0.0	0.0
SRR5225096	0.0	659.0	3570.0	888.0	500.0	219.0	1366.0	2863.0	286.0	195.0	41.0	137.0	255.0	48.0	0.0	0.0	15.0	0.0	0.0	0.0	0.0	0.0	0.0	0.0	0.0	0.0	0.0	0.0	0.0
SRR5225107	64.0	1223.0	5400.0	1144.0	1467.0	217.0	4041.0	3223.0	478.0	280.0	241.0	333.0	1173.0	108.0	36.0	278.0	84.0	0.0	0.0	0.0	0.0	0.0	19.0	0.0	0.0	0.0	0.0	0.0	0.0
SRR5225110	73.0	2236.0	7144.0	1784.0	1092.0	588.0	4992.0	4754.0	680.0	170.0	462.0	317.0	947.0	236.0	0.0	30.0	76.0	134.0	9.0	0.0	0.0	0.0	8.0	0.0	0.0	0.0	0.0	0.0	0.0
SRR5225112	91.0	1040.0	3549.0	734.0	778.0	452.0	2361.0	1257.0	525.0	128.0	0.0	11.0	265.0	98.0	0.0	34.0	32.0	0.0	29.0	0.0	0.0	0.0	6.0	0.0	0.0	0.0	0.0	0.0	0.0
SRR5225113	33.0	6673.0	7390.0	1204.0	1066.0	387.0	3399.0	2783.0	1568.0	236.0	300.0	38.0	363.0	151.0	0.0	54.0	116.0	150.0	0.0	0.0	0.0	0.0	0.0	0.0	0.0	0.0	0.0	0.0	0.0
SRR5225125	55.0	1952.0	7552.0	1470.0	2047.0	561.0	5278.0	2826.0	545.0	312.0	985.0	491.0	1312.0	69.0	14.0	197.0	82.0	69.0	64.0	36.0	0.0	0.0	13.0	0.0	0.0	0.0	19.0	0.0	0.0
SRR5225126	132.0	672.0	3373.0	786.0	1430.0	375.0	2151.0	2297.0	310.0	52.0	659.0	167.0	698.0	86.0	0.0	14.0	0.0	90.0	33.0	0.0	0.0	0.0	4.0	0.0	0.0	0.0	0.0	0.0	0.0
SRR5225127	0.0	899.0	5795.0	1868.0	1857.0	837.0	1846.0	4662.0	206.0	31.0	335.0	344.0	140.0	290.0	0.0	14.0	0.0	0.0	0.0	0.0	0.0	0.0	7.0	0.0	0.0	0.0	0.0	0.0	0.0
SRR5225128	28.0	1637.0	3217.0	305.0	941.0	593.0	2538.0	748.0	301.0	155.0	56.0	15.0	465.0	20.0	0.0	53.0	166.0	0.0	0.0	0.0	0.0	0.0	0.0	0.0	0.0	0.0	0.0	0.0	0.0
SRR5225129	0.0	2434.0	5076.0	803.0	970.0	476.0	3833.0	2704.0	525.0	204.0	181.0	117.0	776.0	75.0	13.0	52.0	96.0	0.0	0.0	0.0	0.0	0.0	17.0	0.0	0.0	0.0	0.0	0.0	0.0
SRR5225140	0.0	1358.0	3265.0	663.0	612.0	465.0	1410.0	2594.0	52.0	0.0	164.0	0.0	137.0	77.0	0.0	0.0	21.0	0.0	0.0	0.0	0.0	0.0	0.0	0.0	0.0	0.0	0.0	0.0	0.0
SRR5225141	19.0	1343.0	5287.0	1071.0	1412.0	457.0	3926.0	2753.0	263.0	256.0	259.0	165.0	1155.0	99.0	14.0	100.0	0.0	159.0	8.0	27.0	0.0	0.0	0.0	0.0	0.0	0.0	21.0	0.0	0.0
SRR5225142	70.0	1091.0	6626.0	2216.0	2548.0	703.0	4548.0	4712.0	472.0	264.0	986.0	592.0	1110.0	229.0	0.0	61.0	163.0	0.0	41.0	0.0	0.0	0.0	0.0	0.0	0.0	0.0	0.0	0.0	0.0
SRR5225147	0.0	489.0	3956.0	903.0	1477.0	653.0	1824.0	4289.0	33.0	19.0	47.0	123.0	95.0	175.0	0.0	19.0	0.0	0.0	0.0	0.0	0.0	0.0	0.0	0.0	0.0	0.0	0.0	0.0	0.0
SRR5225154	25.0	740.0	2777.0	433.0	821.0	425.0	3440.0	1139.0	395.0	0.0	411.0	156.0	720.0	67.0	0.0	66.0	29.0	0.0	18.0	83.0	0.0	0.0	0.0	0.0	0.0	20.0	0.0	0.0	0.0
SRR5225155	328.0	1752.0	5377.0	1476.0	2183.0	475.0	3039.0	4395.0	520.0	132.0	1071.0	437.0	954.0	173.0	0.0	46.0	137.0	220.0	34.0	0.0	0.0	0.0	0.0	0.0	0.0	0.0	0.0	0.0	0.0
SRR5225156	0.0	692.0	4402.0	666.0	718.0	297.0	945.0	3533.0	67.0	21.0	17.0	52.0	78.0	98.0	0.0	5.0	0.0	0.0	0.0	0.0	0.0	0.0	8.0	0.0	0.0	0.0	0.0	0.0	0.0
SRR5225157	36.0	2029.0	2526.0	401.0	834.0	591.0	3260.0	575.0	529.0	151.0	588.0	25.0	446.0	17.0	8.0	25.0	219.0	0.0	0.0	0.0	0.0	0.0	0.0	0.0	0.0	26.0	0.0	0.0	0.0
SRR5225158	147.0	3705.0	6593.0	1329.0	2023.0	1088.0	6155.0	2986.0	587.0	209.0	588.0	162.0	1311.0	111.0	0.0	247.0	231.0	0.0	0.0	39.0	0.0	0.0	0.0	0.0	0.0	42.0	0.0	0.0	0.0
SRR5225159	0.0	1828.0	4830.0	777.0	537.0	328.0	348.0	3312.0	174.0	0.0	15.0	16.0	114.0	0.0	0.0	38.0	22.0	0.0	0.0	0.0	0.0	0.0	0.0	0.0	0.0	0.0	0.0	0.0	0.0
SRR5225160	80.0	1477.0	3726.0	927.0	1333.0	728.0	4794.0	1174.0	654.0	224.0	153.0	318.0	1553.0	29.0	0.0	27.0	32.0	0.0	0.0	86.0	0.0	0.0	15.0	0.0	0.0	44.0	0.0	0.0	0.0
SRR5225168	129.0	1025.0	5757.0	1175.0	959.0	447.0	2270.0	3462.0	198.0	49.0	966.0	72.0	433.0	165.0	0.0	57.0	67.0	157.0	0.0	0.0	0.0	0.0	0.0	0.0	0.0	0.0	0.0	0.0	0.0
SRR5225169	0.0	957.0	4857.0	1426.0	222.0	143.0	547.0	3805.0	54.0	0.0	51.0	59.0	0.0	86.0	0.0	32.0	0.0	0.0	0.0	0.0	0.0	0.0	0.0	0.0	0.0	0.0	0.0	0.0	0.0
SRR5225170	19.0	4521.0	7187.0	1321.0	895.0	883.0	2358.0	5123.0	2405.0	269.0	112.0	43.0	954.0	21.0	0.0	34.0	161.0	0.0	25.0	0.0	0.0	107.0	0.0	0.0	0.0	0.0	46.0	23.0	0.0
SRR5225171	66.0	5047.0	7318.0	1508.0	1394.0	1036.0	6431.0	2360.0	949.0	357.0	431.0	329.0	1155.0	97.0	0.0	209.0	223.0	362.0	0.0	0.0	0.0	0.0	7.0	0.0	0.0	45.0	6.0	0.0	0.0
SRR5225172	0.0	1046.0	3233.0	926.0	330.0	65.0	197.0	4233.0	231.0	0.0	10.0	10.0	0.0	187.0	0.0	0.0	0.0	0.0	0.0	0.0	0.0	0.0	0.0	0.0	0.0	0.0	0.0	0.0	0.0
SRR5225173	50.0	3292.0	3656.0	561.0	1071.0	987.0	4880.0	826.0	936.0	176.0	309.0	242.0	963.0	148.0	8.0	26.0	24.0	126.0	0.0	11.0	0.0	0.0	0.0	0.0	0.0	0.0	0.0	0.0	0.0
SRR5225174	55.0	3627.0	9963.0	1625.0	2510.0	675.0	3527.0	5990.0	84.0	112.0	1385.0	655.0	884.0	392.0	0.0	85.0	189.0	59.0	11.0	0.0	0.0	0.0	0.0	0.0	0.0	0.0	0.0	0.0	0.0
SRR5225175	6.0	1611.0	6221.0	1371.0	907.0	555.0	1377.0	3619.0	0.0	0.0	115.0	233.0	134.0	138.0	0.0	0.0	0.0	0.0	0.0	0.0	0.0	0.0	0.0	0.0	0.0	0.0	0.0	0.0	0.0
SRR5225176	17.0	2813.0	4571.0	856.0	1211.0	848.0	3001.0	1576.0	552.0	278.0	168.0	238.0	676.0	143.0	0.0	31.0	78.0	176.0	50.0	33.0	0.0	0.0	0.0	0.0	0.0	0.0	0.0	0.0	0.0
SRR5225177	34.0	4201.0	6069.0	934.0	1204.0	690.0	3889.0	2265.0	944.0	211.0	230.0	0.0	979.0	129.0	0.0	66.0	101.0	237.0	11.0	0.0	0.0	0.0	11.0	0.0	0.0	0.0	0.0	0.0	0.0
SRR5225178	0.0	1074.0	4132.0	742.0	234.0	180.0	458.0	3333.0	113.0	0.0	0.0	0.0	0.0	108.0	0.0	0.0	0.0	0.0	0.0	0.0	0.0	0.0	0.0	0.0	0.0	0.0	0.0	0.0	0.0
SRR5225179	139.0	2049.0	4637.0	890.0	1286.0	752.0	4710.0	1598.0	737.0	355.0	455.0	283.0	1100.0	49.0	0.0	126.0	155.0	0.0	10.0	47.0	0.0	0.0	0.0	0.0	0.0	28.0	0.0	0.0	0.0
SRR5225180	188.0	2337.0	7285.0	2378.0	1890.0	540.0	3794.0	4519.0	163.0	103.0	1270.0	696.0	1010.0	282.0	0.0	66.0	110.0	200.0	0.0	0.0	0.0	0.0	0.0	0.0	0.0	0.0	0.0	0.0	0.0
SRR5225182	98.0	1254.0	4520.0	419.0	591.0	549.0	3025.0	2131.0	58.0	221.0	340.0	63.0	458.0	19.0	10.0	58.0	134.0	0.0	0.0	0.0	0.0	0.0	0.0	0.0	0.0	0.0	0.0	0.0	0.0
SRR5225183	34.0	3032.0	6346.0	1039.0	611.0	627.0	4194.0	3210.0	860.0	221.0	212.0	0.0	786.0	82.0	0.0	108.0	79.0	192.0	13.0	0.0	0.0	0.0	0.0	0.0	0.0	0.0	0.0	0.0	0.0
SRR5225185	69.0	4045.0	5071.0	1204.0	1637.0	1127.0	3362.0	2535.0	884.0	121.0	78.0	159.0	816.0	118.0	0.0	78.0	419.0	57.0	58.0	0.0	0.0	0.0	0.0	0.0	0.0	46.0	0.0	0.0	0.0
SRR5225186	0.0	899.0	4416.0	319.0	895.0	249.0	1757.0	2297.0	148.0	137.0	155.0	229.0	223.0	14.0	0.0	26.0	42.0	0.0	10.0	0.0	0.0	0.0	0.0	0.0	0.0	0.0	0.0	0.0	0.0
SRR5225187	0.0	484.0	5059.0	666.0	568.0	148.0	676.0	4623.0	88.0	0.0	0.0	274.0	0.0	45.0	0.0	14.0	0.0	0.0	0.0	0.0	0.0	0.0	0.0	0.0	0.0	0.0	0.0	0.0	0.0
SRR5225188	29.0	2563.0	5126.0	1099.0	1168.0	347.0	2821.0	2732.0	423.0	175.0	109.0	255.0	662.0	75.0	0.0	127.0	152.0	0.0	5.0	0.0	0.0	0.0	0.0	0.0	0.0	0.0	0.0	0.0	0.0
SRR5225190	0.0	1306.0	3309.0	1080.0	628.0	383.0	460.0	3008.0	80.0	0.0	0.0	55.0	0.0	92.0	10.0	16.0	0.0	0.0	0.0	0.0	0.0	0.0	0.0	0.0	0.0	0.0	0.0	0.0	0.0
SRR5225191	78.0	3808.0	7019.0	1475.0	2364.0	983.0	6120.0	4066.0	896.0	276.0	1413.0	430.0	1386.0	168.0	0.0	149.0	946.0	131.0	39.0	16.0	0.0	0.0	13.0	0.0	0.0	0.0	0.0	0.0	0.0
SRR5225192	29.0	2061.0	7080.0	1073.0	1575.0	310.0	2295.0	4051.0	170.0	140.0	663.0	250.0	450.0	162.0	4.0	86.0	79.0	117.0	0.0	0.0	0.0	0.0	7.0	0.0	0.0	0.0	0.0	0.0	0.0
SRR5225194	188.0	1722.0	3768.0	502.0	969.0	893.0	5067.0	993.0	334.0	162.0	425.0	42.0	589.0	32.0	0.0	0.0	234.0	0.0	0.0	39.0	0.0	0.0	0.0	0.0	0.0	0.0	0.0	0.0	0.0
SRR5225195	152.0	5307.0	10467.0	1882.0	2508.0	810.0	5030.0	4431.0	786.0	333.0	596.0	74.0	1395.0	138.0	0.0	364.0	128.0	134.0	14.0	17.0	0.0	0.0	15.0	0.0	0.0	25.0	0.0	0.0	0.0
SRR5225196	0.0	1780.0	6222.0	1042.0	455.0	507.0	490.0	4232.0	91.0	0.0	0.0	0.0	22.0	105.0	0.0	16.0	0.0	0.0	0.0	0.0	0.0	0.0	0.0	0.0	0.0	0.0	0.0	0.0	0.0
SRR5225197	11.0	2280.0	6662.0	2002.0	1642.0	652.0	4811.0	3189.0	556.0	191.0	217.0	473.0	1248.0	106.0	65.0	101.0	179.0	51.0	25.0	0.0	0.0	0.0	0.0	0.0	0.0	0.0	10.0	0.0	0.0
SRR5225198	0.0	818.0	5087.0	773.0	866.0	351.0	2705.0	3276.0	606.0	0.0	130.0	44.0	285.0	82.0	12.0	84.0	38.0	87.0	0.0	0.0	0.0	0.0	0.0	0.0	0.0	0.0	0.0	0.0	0.0
SRR5225199	0.0	466.0	7790.0	2229.0	851.0	359.0	987.0	4726.0	11.0	0.0	44.0	140.0	0.0	154.0	0.0	39.0	13.0	0.0	0.0	0.0	0.0	0.0	0.0	0.0	0.0	0.0	0.0	0.0	0.0
SRR5225200	25.0	2524.0	3134.0	720.0	769.0	806.0	3332.0	1086.0	555.0	136.0	11.0	16.0	397.0	26.0	0.0	43.0	245.0	0.0	0.0	0.0	0.0	0.0	0.0	0.0	0.0	0.0	0.0	0.0	0.0
SRR5225201	13.0	1523.0	3577.0	559.0	727.0	519.0	3687.0	2395.0	643.0	216.0	21.0	15.0	384.0	58.0	0.0	45.0	13.0	0.0	0.0	0.0	0.0	0.0	0.0	0.0	0.0	0.0	0.0	0.0	0.0
SRR5225202	0.0	1105.0	3012.0	635.0	370.0	566.0	598.0	3391.0	238.0	0.0	10.0	0.0	0.0	71.0	0.0	0.0	13.0	0.0	0.0	0.0	0.0	0.0	0.0	0.0	0.0	0.0	0.0	0.0	0.0
SRR5225203	189.0	1326.0	3701.0	830.0	855.0	477.0	3643.0	1041.0	515.0	194.0	297.0	93.0	957.0	24.0	0.0	54.0	181.0	0.0	28.0	0.0	0.0	0.0	0.0	0.0	0.0	0.0	13.0	0.0	0.0
SRR5225205	0.0	859.0	8392.0	1111.0	1523.0	545.0	1088.0	9384.0	377.0	0.0	288.0	106.0	0.0	41.0	12.0	0.0	80.0	0.0	0.0	0.0	0.0	0.0	0.0	0.0	19.0	0.0	0.0	0.0	0.0
SRR5225206	147.0	4232.0	5667.0	893.0	1210.0	767.0	3747.0	3113.0	871.0	139.0	231.0	0.0	1064.0	73.0	10.0	68.0	193.0	0.0	0.0	20.0	0.0	0.0	0.0	0.0	0.0	0.0	0.0	0.0	0.0
SRR5225207	0.0	1538.0	3576.0	319.0	470.0	278.0	2300.0	2494.0	271.0	99.0	122.0	68.0	289.0	44.0	0.0	18.0	45.0	0.0	0.0	0.0	0.0	0.0	0.0	0.0	0.0	0.0	0.0	0.0	0.0
SRR5225208	0.0	2305.0	6357.0	239.0	762.0	393.0	677.0	5425.0	131.0	0.0	44.0	54.0	0.0	0.0	0.0	40.0	36.0	0.0	0.0	0.0	0.0	0.0	0.0	0.0	0.0	0.0	0.0	0.0	0.0
SRR5225209	89.0	3651.0	6695.0	1695.0	1412.0	866.0	3817.0	2820.0	1201.0	247.0	287.0	311.0	1214.0	182.0	64.0	120.0	121.0	86.0	0.0	0.0	0.0	0.0	13.0	0.0	0.0	23.0	0.0	0.0	0.0
SRR5225210	20.0	541.0	4576.0	823.0	1405.0	302.0	3293.0	2325.0	648.0	108.0	306.0	180.0	465.0	79.0	0.0	60.0	39.0	0.0	11.0	0.0	0.0	0.0	0.0	0.0	0.0	0.0	0.0	0.0	0.0
SRR5225211	0.0	585.0	5831.0	1226.0	705.0	465.0	1839.0	3728.0	92.0	0.0	89.0	175.0	0.0	226.0	0.0	0.0	0.0	0.0	0.0	0.0	0.0	0.0	0.0	0.0	0.0	0.0	0.0	0.0	0.0
SRR5225212	50.0	2752.0	3569.0	284.0	455.0	441.0	2769.0	1512.0	454.0	136.0	0.0	124.0	524.0	31.0	0.0	51.0	77.0	12.0	0.0	0.0	0.0	0.0	6.0	0.0	0.0	0.0	0.0	0.0	0.0
SRR5225215	29.0	876.0	4690.0	547.0	993.0	126.0	1635.0	2565.0	198.0	37.0	75.0	27.0	189.0	23.0	0.0	18.0	16.0	9.0	0.0	0.0	134.0	0.0	11.0	0.0	0.0	0.0	0.0	0.0	0.0
SRR5225216	16.0	524.0	4358.0	837.0	679.0	400.0	3253.0	2370.0	824.0	153.0	189.0	17.0	737.0	63.0	0.0	54.0	0.0	134.0	52.0	0.0	0.0	0.0	0.0	0.0	0.0	0.0	0.0	0.0	0.0
SRR5225217	0.0	1256.0	9723.0	1511.0	1171.0	498.0	1414.0	9115.0	301.0	0.0	30.0	39.0	0.0	113.0	0.0	0.0	0.0	61.0	0.0	0.0	0.0	0.0	7.0	0.0	35.0	0.0	0.0	0.0	0.0
SRR5225218	25.0	2321.0	7250.0	2121.0	2386.0	488.0	4754.0	3083.0	478.0	292.0	451.0	493.0	1648.0	151.0	68.0	234.0	142.0	39.0	0.0	0.0	0.0	0.0	0.0	0.0	0.0	0.0	0.0	0.0	0.0
SRR5225219	17.0	939.0	7367.0	1322.0	751.0	364.0	3176.0	3450.0	190.0	43.0	197.0	38.0	555.0	118.0	0.0	54.0	64.0	126.0	63.0	0.0	0.0	0.0	0.0	0.0	0.0	0.0	0.0	0.0	0.0
SRR5225220	0.0	405.0	5492.0	802.0	116.0	83.0	13.0	4683.0	0.0	0.0	106.0	89.0	0.0	95.0	0.0	34.0	0.0	0.0	19.0	0.0	0.0	0.0	0.0	0.0	0.0	0.0	0.0	0.0	0.0
SRR5225221	260.0	2654.0	5745.0	1319.0	1887.0	656.0	4843.0	2273.0	588.0	280.0	355.0	160.0	695.0	129.0	11.0	308.0	211.0	0.0	7.0	0.0	0.0	0.0	0.0	0.0	0.0	40.0	0.0	0.0	0.0
SRR5225222	0.0	1373.0	4004.0	335.0	267.0	270.0	1985.0	2089.0	299.0	109.0	22.0	52.0	104.0	71.0	0.0	25.0	28.0	63.0	0.0	0.0	0.0	0.0	0.0	0.0	0.0	0.0	0.0	0.0	0.0
SRR5225223	0.0	2897.0	8385.0	1541.0	1233.0	621.0	1536.0	6206.0	235.0	0.0	57.0	57.0	0.0	74.0	0.0	57.0	23.0	0.0	0.0	0.0	0.0	0.0	0.0	0.0	0.0	0.0	0.0	0.0	0.0
SRR5225224	21.0	1905.0	4597.0	794.0	663.0	346.0	3364.0	2084.0	606.0	178.0	108.0	67.0	1046.0	85.0	15.0	23.0	89.0	25.0	9.0	0.0	0.0	0.0	0.0	0.0	0.0	0.0	0.0	0.0	0.0
SRR5225225	24.0	1333.0	5863.0	410.0	620.0	209.0	3493.0	2293.0	373.0	118.0	72.0	20.0	617.0	55.0	0.0	41.0	52.0	0.0	19.0	0.0	0.0	0.0	0.0	0.0	0.0	0.0	0.0	0.0	0.0
SRR5225226	0.0	864.0	4395.0	425.0	254.0	188.0	410.0	3391.0	0.0	0.0	0.0	0.0	0.0	58.0	0.0	21.0	0.0	0.0	0.0	0.0	0.0	0.0	0.0	0.0	0.0	0.0	0.0	0.0	0.0
SRR5225227	0.0	2329.0	5121.0	934.0	1179.0	471.0	2699.0	2916.0	812.0	384.0	48.0	265.0	631.0	65.0	0.0	32.0	51.0	12.0	15.0	0.0	0.0	0.0	7.0	0.0	0.0	10.0	0.0	0.0	0.0
SRR5225228	11.0	3021.0	6570.0	1062.0	1552.0	659.0	3952.0	3156.0	780.0	210.0	73.0	21.0	821.0	168.0	0.0	210.0	106.0	60.0	0.0	0.0	0.0	0.0	9.0	0.0	0.0	36.0	0.0	0.0	0.0
SRR5225229	0.0	1101.0	6377.0	1209.0	712.0	696.0	201.0	5945.0	56.0	0.0	174.0	36.0	0.0	189.0	0.0	0.0	0.0	0.0	5.0	0.0	0.0	0.0	0.0	0.0	0.0	0.0	0.0	0.0	0.0
SRR5225230	237.0	1721.0	7760.0	1556.0	2501.0	660.0	5837.0	2710.0	588.0	177.0	1334.0	438.0	1673.0	147.0	24.0	220.0	91.0	39.0	34.0	0.0	0.0	0.0	16.0	0.0	0.0	0.0	0.0	0.0	0.0
SRR5225231	24.0	799.0	6473.0	1063.0	1288.0	439.0	3972.0	2571.0	265.0	181.0	117.0	165.0	856.0	78.0	0.0	122.0	7.0	153.0	0.0	0.0	0.0	0.0	12.0	0.0	0.0	0.0	0.0	0.0	0.0
SRR5225232	0.0	794.0	6032.0	1282.0	1301.0	441.0	1876.0	3096.0	201.0	41.0	0.0	198.0	115.0	108.0	6.0	0.0	0.0	0.0	0.0	0.0	0.0	0.0	0.0	0.0	0.0	0.0	0.0	0.0	0.0
SRR5225233	163.0	3151.0	4830.0	1084.0	1668.0	1068.0	5480.0	2606.0	946.0	263.0	247.0	211.0	941.0	92.0	15.0	169.0	96.0	0.0	4.0	0.0	0.0	0.0	0.0	0.0	0.0	34.0	12.0	0.0	0.0
SRR5225234	0.0	1750.0	3604.0	811.0	828.0	347.0	2791.0	1905.0	285.0	206.0	137.0	42.0	385.0	49.0	0.0	41.0	0.0	0.0	0.0	0.0	0.0	0.0	0.0	0.0	0.0	0.0	0.0	0.0	0.0
SRR5225235	35.0	1948.0	5672.0	1212.0	716.0	464.0	2172.0	2614.0	444.0	0.0	101.0	0.0	51.0	95.0	12.0	0.0	37.0	0.0	0.0	0.0	0.0	0.0	10.0	0.0	0.0	0.0	0.0	0.0	0.0
SRR5225236	24.0	864.0	3832.0	378.0	517.0	491.0	2313.0	1504.0	249.0	193.0	92.0	12.0	386.0	48.0	9.0	63.0	54.0	0.0	6.0	0.0	0.0	0.0	0.0	0.0	0.0	0.0	0.0	0.0	0.0
SRR5225237	32.0	2692.0	4237.0	409.0	998.0	345.0	3047.0	2463.0	1590.0	208.0	38.0	149.0	550.0	98.0	0.0	55.0	36.0	670.0	39.0	0.0	0.0	0.0	0.0	0.0	0.0	16.0	28.0	0.0	0.0
SRR5225239	0.0	1872.0	6341.0	1335.0	1479.0	432.0	2837.0	3518.0	414.0	188.0	241.0	272.0	782.0	145.0	25.0	47.0	77.0	44.0	22.0	0.0	0.0	0.0	0.0	0.0	0.0	0.0	0.0	0.0	0.0
SRR5225240	0.0	1603.0	5997.0	1468.0	1042.0	446.0	2909.0	3987.0	416.0	105.0	366.0	0.0	853.0	113.0	0.0	20.0	64.0	222.0	25.0	0.0	0.0	0.0	0.0	0.0	0.0	0.0	0.0	0.0	0.0
SRR5225241	0.0	1134.0	4900.0	871.0	557.0	437.0	575.0	4051.0	36.0	0.0	0.0	0.0	26.0	104.0	0.0	28.0	0.0	0.0	0.0	0.0	0.0	0.0	0.0	0.0	0.0	0.0	0.0	0.0	0.0
SRR5225242	44.0	2070.0	3572.0	497.0	558.0	456.0	3080.0	2097.0	411.0	218.0	131.0	141.0	418.0	28.0	0.0	68.0	102.0	0.0	0.0	0.0	0.0	0.0	0.0	0.0	0.0	0.0	0.0	0.0	0.0
SRR5225243	0.0	2505.0	4254.0	605.0	526.0	268.0	2769.0	2799.0	1060.0	121.0	68.0	0.0	596.0	76.0	0.0	0.0	67.0	150.0	19.0	0.0	0.0	0.0	0.0	0.0	0.0	0.0	0.0	0.0	0.0
SRR5225273	0.0	1740.0	3668.0	535.0	749.0	428.0	779.0	3761.0	101.0	0.0	15.0	20.0	39.0	119.0	0.0	23.0	0.0	0.0	0.0	0.0	0.0	0.0	0.0	0.0	0.0	0.0	0.0	0.0	0.0
SRR5225276	96.0	1532.0	7187.0	1503.0	1993.0	470.0	4536.0	3123.0	481.0	433.0	867.0	486.0	1176.0	138.0	41.0	274.0	182.0	56.0	39.0	0.0	0.0	0.0	16.0	0.0	0.0	0.0	17.0	0.0	0.0
SRR5225279	23.0	835.0	4034.0	912.0	579.0	276.0	2552.0	2055.0	184.0	134.0	155.0	56.0	709.0	46.0	0.0	21.0	70.0	0.0	0.0	5.0	0.0	0.0	0.0	0.0	0.0	0.0	0.0	0.0	0.0
SRR5225280	0.0	857.0	6712.0	1379.0	1726.0	404.0	2045.0	3624.0	294.0	101.0	372.0	263.0	459.0	156.0	0.0	26.0	21.0	45.0	0.0	0.0	0.0	0.0	0.0	0.0	0.0	0.0	0.0	0.0	0.0
SRR5225281	0.0	372.0	4737.0	467.0	279.0	150.0	1211.0	3426.0	161.0	0.0	0.0	82.0	16.0	40.0	0.0	0.0	0.0	0.0	0.0	0.0	0.0	0.0	0.0	0.0	0.0	0.0	0.0	0.0	0.0
SRR5225282	124.0	2482.0	3947.0	801.0	1612.0	1384.0	4721.0	2659.0	956.0	220.0	455.0	92.0	1011.0	82.0	0.0	144.0	305.0	43.0	0.0	20.0	0.0	0.0	15.0	0.0	0.0	35.0	0.0	0.0	0.0
SRR5225283	56.0	3614.0	7720.0	1756.0	1118.0	638.0	4927.0	3389.0	607.0	325.0	298.0	47.0	1003.0	97.0	5.0	53.0	148.0	56.0	0.0	22.0	0.0	0.0	13.0	0.0	0.0	22.0	0.0	0.0	0.0
SRR5459436	0.0	1410.0	3772.0	375.0	470.0	461.0	1343.0	1108.0	654.0	59.0	11.0	0.0	388.0	0.0	0.0	0.0	0.0	0.0	0.0	0.0	0.0	0.0	0.0	0.0	0.0	0.0	0.0	70.0	0.0
SRR5459438	0.0	5831.0	3431.0	589.0	89.0	856.0	524.0	384.0	1782.0	0.0	0.0	0.0	93.0	38.0	0.0	0.0	0.0	0.0	32.0	0.0	0.0	23.0	0.0	0.0	0.0	0.0	0.0	0.0	0.0
SRR5459439	0.0	4344.0	5897.0	936.0	447.0	594.0	1579.0	2116.0	822.0	0.0	0.0	0.0	220.0	37.0	0.0	29.0	0.0	0.0	0.0	0.0	0.0	38.0	0.0	0.0	0.0	0.0	0.0	0.0	0.0
SRR5459441	0.0	6650.0	3220.0	602.0	100.0	1329.0	1192.0	409.0	1043.0	17.0	36.0	0.0	83.0	0.0	0.0	16.0	0.0	0.0	34.0	0.0	0.0	0.0	0.0	0.0	0.0	0.0	0.0	0.0	0.0
SRR5459442	0.0	1525.0	5941.0	996.0	308.0	238.0	1715.0	2324.0	345.0	97.0	52.0	23.0	390.0	264.0	0.0	0.0	0.0	0.0	40.0	0.0	0.0	0.0	0.0	0.0	0.0	0.0	0.0	55.0	0.0
SRR5459444	0.0	4970.0	2260.0	425.0	0.0	699.0	546.0	34.0	1470.0	0.0	4.0	0.0	140.0	14.0	0.0	0.0	0.0	0.0	691.0	0.0	0.0	0.0	0.0	0.0	0.0	0.0	0.0	0.0	0.0
SRR5459445	8.0	3336.0	5133.0	724.0	124.0	631.0	1160.0	1860.0	943.0	47.0	209.0	25.0	232.0	139.0	0.0	0.0	11.0	0.0	25.0	0.0	0.0	14.0	0.0	0.0	0.0	0.0	0.0	52.0	0.0
SRR5459448	14.0	2093.0	6059.0	602.0	305.0	813.0	2465.0	1593.0	680.0	103.0	56.0	0.0	515.0	93.0	0.0	35.0	0.0	15.0	43.0	0.0	0.0	0.0	0.0	0.0	0.0	0.0	0.0	89.0	0.0
SRR5459449	0.0	1605.0	5165.0	1131.0	247.0	147.0	286.0	2262.0	0.0	0.0	90.0	0.0	97.0	113.0	0.0	12.0	0.0	0.0	35.0	0.0	0.0	0.0	0.0	0.0	0.0	0.0	0.0	0.0	0.0
SRR5459450	0.0	6069.0	2806.0	624.0	0.0	502.0	502.0	115.0	2659.0	32.0	0.0	0.0	0.0	55.0	0.0	0.0	0.0	0.0	0.0	0.0	0.0	0.0	0.0	0.0	0.0	0.0	0.0	0.0	0.0
SRR5459451	0.0	3298.0	7078.0	669.0	310.0	702.0	1458.0	1443.0	1061.0	123.0	0.0	10.0	168.0	119.0	0.0	0.0	0.0	0.0	0.0	0.0	0.0	0.0	0.0	0.0	0.0	0.0	0.0	42.0	0.0
SRR5459453	0.0	1738.0	5012.0	1173.0	620.0	703.0	880.0	1612.0	861.0	124.0	89.0	63.0	446.0	0.0	35.0	0.0	0.0	78.0	1219.0	0.0	0.0	0.0	0.0	8.0	0.0	0.0	0.0	0.0	0.0
SRR5459455	0.0	366.0	5599.0	610.0	462.0	213.0	48.0	2213.0	165.0	0.0	74.0	0.0	20.0	372.0	12.0	58.0	0.0	0.0	0.0	0.0	0.0	0.0	0.0	0.0	0.0	0.0	0.0	0.0	0.0
SRR5459456	0.0	6626.0	4916.0	432.0	114.0	1807.0	381.0	510.0	1838.0	0.0	224.0	0.0	389.0	0.0	0.0	0.0	13.0	0.0	119.0	0.0	0.0	0.0	0.0	0.0	0.0	0.0	44.0	0.0	0.0
SRR5459457	0.0	2765.0	5695.0	726.0	268.0	515.0	216.0	1561.0	1194.0	46.0	0.0	0.0	19.0	0.0	0.0	25.0	0.0	0.0	18.0	0.0	0.0	0.0	0.0	0.0	0.0	0.0	0.0	0.0	0.0
SRR5459459	0.0	8364.0	5721.0	264.0	0.0	1892.0	1339.0	750.0	1053.0	0.0	223.0	0.0	898.0	0.0	0.0	59.0	0.0	0.0	2462.0	0.0	0.0	0.0	0.0	52.0	0.0	0.0	0.0	0.0	0.0
SRR5459460	0.0	1977.0	4827.0	453.0	177.0	565.0	2531.0	1203.0	627.0	124.0	98.0	0.0	690.0	71.0	0.0	0.0	67.0	0.0	24.0	0.0	0.0	20.0	0.0	0.0	0.0	0.0	0.0	109.0	0.0
SRR5459462	0.0	5541.0	4103.0	442.0	0.0	944.0	308.0	272.0	1064.0	0.0	0.0	0.0	0.0	0.0	0.0	0.0	0.0	0.0	76.0	0.0	0.0	0.0	0.0	0.0	0.0	0.0	0.0	0.0	0.0
SRR5459463	0.0	3895.0	7068.0	702.0	464.0	624.0	1427.0	2197.0	875.0	61.0	217.0	0.0	607.0	0.0	0.0	26.0	27.0	0.0	39.0	0.0	0.0	26.0	0.0	0.0	0.0	0.0	0.0	28.0	0.0
SRR5459465	0.0	5220.0	3285.0	520.0	0.0	889.0	1014.0	62.0	2120.0	0.0	0.0	0.0	40.0	48.0	0.0	0.0	0.0	0.0	0.0	0.0	0.0	0.0	0.0	0.0	0.0	0.0	0.0	0.0	0.0
SRR5459466	0.0	2813.0	5187.0	447.0	315.0	521.0	1542.0	1239.0	1064.0	35.0	49.0	0.0	188.0	54.0	0.0	13.0	22.0	0.0	0.0	0.0	0.0	26.0	0.0	0.0	0.0	0.0	0.0	61.0	0.0
SRR5459468	0.0	1719.0	3610.0	475.0	204.0	297.0	132.0	1160.0	740.0	0.0	21.0	0.0	325.0	22.0	0.0	0.0	0.0	0.0	2065.0	0.0	0.0	0.0	0.0	163.0	0.0	0.0	0.0	0.0	0.0
SRR5459469	0.0	916.0	5918.0	1036.0	238.0	238.0	1626.0	1216.0	714.0	137.0	0.0	0.0	514.0	0.0	14.0	0.0	0.0	32.0	10.0	0.0	0.0	26.0	0.0	0.0	0.0	0.0	0.0	107.0	0.0
SRR5459471	0.0	5302.0	1965.0	227.0	0.0	696.0	228.0	0.0	1996.0	0.0	0.0	0.0	102.0	0.0	0.0	0.0	0.0	0.0	14.0	0.0	0.0	0.0	0.0	0.0	0.0	0.0	0.0	0.0	0.0
SRR5459472	19.0	3424.0	4917.0	635.0	187.0	739.0	649.0	2810.0	714.0	19.0	24.0	0.0	280.0	33.0	0.0	0.0	0.0	0.0	0.0	0.0	0.0	0.0	0.0	0.0	0.0	0.0	0.0	0.0	0.0
SRR5459474	0.0	2514.0	4160.0	223.0	289.0	536.0	214.0	1173.0	806.0	0.0	112.0	0.0	38.0	0.0	0.0	0.0	0.0	0.0	1461.0	0.0	0.0	0.0	0.0	39.0	0.0	0.0	0.0	0.0	0.0
SRR5459475	0.0	2050.0	7852.0	345.0	533.0	615.0	2515.0	2486.0	788.0	114.0	15.0	0.0	551.0	0.0	0.0	30.0	0.0	0.0	19.0	0.0	0.0	24.0	0.0	0.0	0.0	0.0	0.0	137.0	0.0
SRR5459476	0.0	2881.0	5305.0	400.0	412.0	8.0	155.0	1877.0	0.0	0.0	54.0	0.0	0.0	57.0	0.0	0.0	0.0	0.0	0.0	0.0	0.0	0.0	0.0	0.0	0.0	0.0	0.0	0.0	0.0
SRR5459478	24.0	2065.0	6509.0	705.0	659.0	652.0	2655.0	3006.0	469.0	147.0	109.0	0.0	730.0	80.0	0.0	20.0	10.0	29.0	66.0	0.0	0.0	0.0	0.0	0.0	0.0	0.0	0.0	172.0	23.0
SRR5459481	0.0	4580.0	2546.0	248.0	0.0	590.0	213.0	97.0	2514.0	0.0	0.0	0.0	0.0	10.0	0.0	0.0	0.0	0.0	0.0	0.0	0.0	0.0	0.0	0.0	0.0	0.0	0.0	0.0	0.0
SRR5459485	0.0	7269.0	3886.0	234.0	192.0	1249.0	770.0	390.0	1822.0	0.0	0.0	9.0	62.0	0.0	0.0	0.0	0.0	0.0	125.0	0.0	0.0	0.0	0.0	0.0	0.0	0.0	0.0	0.0	0.0
SRR5459486	20.0	1291.0	4784.0	222.0	311.0	139.0	1808.0	1381.0	411.0	115.0	61.0	0.0	440.0	36.0	0.0	30.0	0.0	0.0	0.0	0.0	0.0	0.0	0.0	0.0	0.0	0.0	0.0	70.0	0.0
SRR5459487	15.0	1918.0	5270.0	1295.0	334.0	727.0	418.0	2779.0	423.0	55.0	54.0	24.0	73.0	95.0	0.0	10.0	0.0	0.0	0.0	0.0	0.0	0.0	0.0	0.0	0.0	0.0	0.0	0.0	0.0
SRR5459488	0.0	1270.0	5449.0	1312.0	383.0	179.0	152.0	2804.0	188.0	47.0	52.0	30.0	25.0	23.0	0.0	14.0	0.0	0.0	0.0	0.0	0.0	0.0	0.0	0.0	0.0	0.0	0.0	0.0	0.0
SRR5459490	0.0	2800.0	4401.0	546.0	561.0	691.0	1828.0	1393.0	649.0	0.0	76.0	0.0	352.0	23.0	0.0	16.0	0.0	0.0	0.0	0.0	0.0	0.0	0.0	0.0	0.0	0.0	0.0	88.0	0.0
SRR5459492	0.0	3243.0	3426.0	592.0	144.0	491.0	157.0	1770.0	178.0	0.0	109.0	0.0	0.0	43.0	0.0	0.0	16.0	0.0	0.0	0.0	0.0	0.0	0.0	0.0	0.0	0.0	0.0	0.0	0.0
SRR5459493	0.0	5302.0	2852.0	537.0	0.0	792.0	608.0	80.0	1381.0	0.0	0.0	0.0	8.0	0.0	0.0	0.0	0.0	0.0	157.0	0.0	0.0	0.0	0.0	0.0	0.0	0.0	0.0	0.0	0.0
SRR5459494	66.0	1417.0	8518.0	1314.0	508.0	983.0	3994.0	3053.0	649.0	152.0	155.0	15.0	1752.0	72.0	0.0	0.0	81.0	0.0	0.0	0.0	0.0	88.0	0.0	0.0	0.0	0.0	0.0	264.0	0.0
SRR5459495	0.0	2144.0	4514.0	803.0	0.0	278.0	124.0	3365.0	0.0	0.0	30.0	0.0	0.0	0.0	0.0	0.0	0.0	0.0	0.0	0.0	0.0	0.0	0.0	0.0	0.0	0.0	0.0	0.0	0.0
SRR5459497	0.0	5569.0	3023.0	288.0	0.0	941.0	457.0	344.0	1165.0	0.0	0.0	0.0	157.0	0.0	0.0	0.0	0.0	0.0	66.0	0.0	0.0	0.0	0.0	135.0	0.0	0.0	0.0	0.0	0.0
SRR5459498	34.0	819.0	4921.0	891.0	112.0	509.0	1967.0	1168.0	520.0	129.0	28.0	32.0	976.0	228.0	0.0	21.0	0.0	42.0	35.0	0.0	0.0	27.0	0.0	0.0	0.0	0.0	0.0	126.0	0.0
SRR5459499	0.0	2082.0	8411.0	1844.0	243.0	585.0	764.0	3012.0	360.0	28.0	177.0	86.0	25.0	353.0	0.0	0.0	0.0	14.0	58.0	0.0	40.0	0.0	0.0	0.0	0.0	0.0	0.0	27.0	0.0
SRR5459502	0.0	2847.0	4861.0	304.0	62.0	135.0	70.0	2401.0	657.0	0.0	169.0	0.0	43.0	61.0	0.0	0.0	0.0	0.0	9.0	0.0	0.0	0.0	0.0	23.0	0.0	0.0	14.0	0.0	0.0
SRR5459505	0.0	598.0	6311.0	408.0	454.0	418.0	1448.0	2499.0	316.0	9.0	85.0	11.0	676.0	363.0	0.0	0.0	28.0	0.0	39.0	0.0	0.0	0.0	0.0	0.0	0.0	0.0	0.0	93.0	0.0
SRR5459506	9.0	2032.0	7286.0	2202.0	575.0	730.0	244.0	4005.0	35.0	0.0	107.0	25.0	10.0	505.0	0.0	20.0	0.0	0.0	0.0	0.0	43.0	0.0	0.0	0.0	0.0	0.0	0.0	0.0	0.0
SRR5459508	0.0	3732.0	2394.0	487.0	0.0	870.0	396.0	488.0	1975.0	0.0	0.0	0.0	19.0	29.0	0.0	0.0	7.0	0.0	0.0	0.0	0.0	0.0	0.0	0.0	0.0	0.0	0.0	0.0	0.0
SRR5459509	0.0	2725.0	4826.0	1033.0	275.0	174.0	637.0	1337.0	464.0	30.0	66.0	0.0	169.0	0.0	0.0	17.0	0.0	0.0	0.0	0.0	0.0	0.0	0.0	0.0	0.0	0.0	0.0	0.0	0.0
SRR5459512	0.0	5567.0	2929.0	842.0	79.0	1100.0	939.0	611.0	975.0	0.0	0.0	0.0	87.0	0.0	0.0	12.0	0.0	0.0	134.0	0.0	0.0	29.0	0.0	0.0	0.0	0.0	0.0	0.0	0.0
SRR5459513	0.0	1252.0	5416.0	489.0	335.0	398.0	2481.0	1923.0	414.0	67.0	144.0	0.0	451.0	111.0	0.0	0.0	0.0	0.0	32.0	0.0	0.0	24.0	0.0	0.0	0.0	0.0	0.0	107.0	0.0
SRR5459514	0.0	2587.0	6895.0	909.0	223.0	327.0	158.0	2777.0	15.0	0.0	78.0	65.0	45.0	109.0	0.0	0.0	0.0	0.0	0.0	0.0	0.0	0.0	0.0	0.0	0.0	0.0	0.0	0.0	0.0
SRR5459516	0.0	4876.0	3506.0	622.0	0.0	373.0	258.0	500.0	895.0	0.0	0.0	0.0	100.0	34.0	0.0	0.0	0.0	0.0	19.0	0.0	0.0	0.0	0.0	0.0	0.0	0.0	0.0	0.0	0.0
SRR5459521	24.0	3223.0	6732.0	698.0	374.0	1087.0	3147.0	1121.0	1050.0	100.0	216.0	0.0	646.0	18.0	0.0	39.0	0.0	21.0	59.0	0.0	0.0	25.0	0.0	0.0	0.0	0.0	0.0	0.0	0.0
SRR5459522	0.0	4175.0	7774.0	1063.0	175.0	433.0	808.0	2273.0	235.0	23.0	541.0	0.0	43.0	0.0	0.0	26.0	0.0	0.0	17.0	0.0	0.0	0.0	0.0	0.0	0.0	0.0	0.0	0.0	0.0
SRR5459523	0.0	1493.0	5277.0	359.0	180.0	22.0	798.0	1812.0	105.0	0.0	274.0	0.0	0.0	21.0	0.0	0.0	0.0	0.0	0.0	0.0	0.0	0.0	0.0	14.0	0.0	0.0	0.0	0.0	0.0
SRR5459524	0.0	5805.0	3149.0	264.0	173.0	891.0	560.0	16.0	3754.0	0.0	0.0	0.0	79.0	0.0	0.0	0.0	0.0	0.0	10.0	0.0	0.0	0.0	0.0	0.0	0.0	0.0	0.0	0.0	0.0
SRR5459525	0.0	3791.0	4669.0	203.0	249.0	488.0	373.0	1708.0	312.0	0.0	404.0	0.0	119.0	31.0	0.0	0.0	0.0	0.0	0.0	0.0	0.0	0.0	0.0	0.0	0.0	0.0	0.0	0.0	0.0
SRR5459526	0.0	3503.0	3874.0	220.0	50.0	367.0	0.0	1924.0	300.0	0.0	290.0	0.0	18.0	44.0	0.0	0.0	0.0	0.0	0.0	0.0	0.0	0.0	0.0	0.0	0.0	0.0	0.0	0.0	0.0
SRR5459529	20.0	1596.0	5243.0	862.0	252.0	579.0	1447.0	1777.0	474.0	97.0	58.0	0.0	639.0	133.0	0.0	22.0	0.0	0.0	0.0	0.0	0.0	0.0	0.0	0.0	0.0	0.0	0.0	117.0	0.0
SRR5459530	0.0	1039.0	5342.0	1168.0	178.0	91.0	191.0	2674.0	0.0	0.0	384.0	141.0	37.0	343.0	0.0	0.0	0.0	0.0	77.0	0.0	16.0	0.0	0.0	0.0	0.0	0.0	0.0	0.0	0.0
SRR5459532	0.0	2435.0	7543.0	759.0	108.0	500.0	1956.0	4052.0	706.0	11.0	0.0	0.0	461.0	26.0	0.0	0.0	7.0	0.0	0.0	0.0	0.0	0.0	0.0	0.0	0.0	0.0	0.0	0.0	0.0
SRR5459533	0.0	1736.0	4685.0	817.0	47.0	36.0	87.0	2562.0	34.0	0.0	114.0	0.0	0.0	57.0	0.0	0.0	0.0	0.0	0.0	0.0	0.0	0.0	0.0	0.0	0.0	0.0	0.0	0.0	0.0
SRR5459534	0.0	5156.0	1690.0	489.0	0.0	516.0	200.0	120.0	2091.0	0.0	0.0	0.0	0.0	10.0	0.0	0.0	0.0	0.0	0.0	0.0	0.0	0.0	0.0	0.0	0.0	0.0	0.0	0.0	0.0
SRR5459537	0.0	3922.0	3884.0	361.0	45.0	400.0	328.0	494.0	1760.0	0.0	101.0	0.0	33.0	0.0	0.0	0.0	0.0	0.0	65.0	0.0	0.0	0.0	0.0	0.0	0.0	0.0	0.0	0.0	0.0
SRR5459538	0.0	2372.0	4663.0	242.0	31.0	790.0	1036.0	779.0	532.0	57.0	390.0	0.0	252.0	0.0	0.0	0.0	0.0	0.0	0.0	0.0	0.0	0.0	0.0	0.0	0.0	0.0	0.0	0.0	0.0
SRR5459540	0.0	3168.0	5965.0	831.0	472.0	41.0	370.0	3042.0	0.0	0.0	774.0	0.0	0.0	72.0	0.0	0.0	0.0	0.0	0.0	0.0	0.0	0.0	0.0	0.0	0.0	0.0	0.0	0.0	0.0
SRR5459545	0.0	4178.0	3490.0	364.0	0.0	524.0	159.0	666.0	1018.0	0.0	10.0	19.0	55.0	0.0	0.0	0.0	0.0	0.0	777.0	0.0	0.0	0.0	0.0	39.0	0.0	0.0	0.0	0.0	0.0
SRR5459546	14.0	1935.0	5614.0	306.0	261.0	177.0	1258.0	1916.0	508.0	68.0	63.0	0.0	378.0	36.0	0.0	29.0	0.0	29.0	25.0	0.0	0.0	0.0	0.0	0.0	0.0	0.0	0.0	68.0	0.0
SRR5459548	0.0	2621.0	5415.0	645.0	191.0	206.0	329.0	2488.0	0.0	30.0	95.0	0.0	0.0	31.0	0.0	0.0	0.0	0.0	41.0	0.0	0.0	0.0	0.0	0.0	0.0	0.0	0.0	0.0	0.0
SRR5459550	0.0	3143.0	5624.0	492.0	164.0	264.0	1413.0	2098.0	288.0	23.0	158.0	0.0	245.0	52.0	0.0	28.0	31.0	0.0	36.0	0.0	0.0	0.0	0.0	0.0	0.0	0.0	0.0	43.0	0.0
SRR5459554	0.0	1084.0	4838.0	282.0	367.0	326.0	1315.0	1717.0	485.0	102.0	0.0	0.0	181.0	34.0	0.0	0.0	0.0	0.0	354.0	0.0	0.0	0.0	0.0	0.0	0.0	0.0	0.0	0.0	0.0
SRR5459569	0.0	2297.0	4669.0	743.0	86.0	184.0	471.0	2054.0	110.0	27.0	0.0	0.0	0.0	15.0	0.0	0.0	0.0	0.0	0.0	0.0	0.0	0.0	0.0	0.0	0.0	0.0	0.0	0.0	0.0
SRR5459571	0.0	3791.0	6354.0	593.0	372.0	770.0	1295.0	1696.0	434.0	72.0	0.0	0.0	226.0	28.0	0.0	0.0	0.0	0.0	0.0	0.0	0.0	35.0	0.0	0.0	0.0	0.0	0.0	114.0	9.0
SRR5459574	0.0	1565.0	3999.0	1097.0	215.0	644.0	674.0	1092.0	541.0	54.0	125.0	0.0	538.0	0.0	0.0	0.0	0.0	0.0	2223.0	0.0	0.0	0.0	0.0	52.0	0.0	0.0	0.0	0.0	0.0
SRR5459575	0.0	623.0	5602.0	787.0	367.0	352.0	1643.0	1481.0	479.0	63.0	210.0	15.0	574.0	224.0	44.0	29.0	0.0	60.0	0.0	0.0	0.0	0.0	0.0	0.0	0.0	0.0	0.0	120.0	0.0
SRR5459577	17.0	1611.0	7224.0	2073.0	697.0	498.0	235.0	4160.0	0.0	0.0	556.0	116.0	133.0	438.0	0.0	29.0	0.0	110.0	0.0	0.0	113.0	0.0	0.0	0.0	0.0	0.0	0.0	0.0	0.0
SRR5459579	0.0	1965.0	5062.0	1100.0	299.0	458.0	1899.0	2175.0	507.0	87.0	17.0	0.0	165.0	40.0	0.0	0.0	11.0	57.0	23.0	0.0	0.0	30.0	0.0	0.0	0.0	0.0	0.0	130.0	0.0
SRR5459582	0.0	3434.0	4865.0	1217.0	301.0	531.0	615.0	2077.0	1066.0	0.0	46.0	17.0	171.0	37.0	0.0	0.0	19.0	0.0	21.0	0.0	0.0	0.0	0.0	0.0	0.0	0.0	0.0	0.0	0.0
SRR5459585	0.0	2941.0	4220.0	614.0	216.0	443.0	677.0	447.0	753.0	0.0	59.0	0.0	138.0	0.0	0.0	0.0	0.0	0.0	2131.0	0.0	0.0	0.0	0.0	29.0	0.0	0.0	0.0	0.0	0.0
SRR5459586	0.0	1918.0	7305.0	497.0	410.0	591.0	2047.0	2055.0	879.0	95.0	115.0	0.0	540.0	40.0	0.0	22.0	0.0	0.0	18.0	0.0	0.0	0.0	0.0	0.0	0.0	0.0	0.0	143.0	0.0
SRR5459588	0.0	2075.0	6711.0	1728.0	421.0	329.0	633.0	4061.0	42.0	28.0	95.0	16.0	0.0	56.0	0.0	0.0	0.0	0.0	0.0	0.0	283.0	0.0	0.0	0.0	0.0	0.0	0.0	0.0	0.0
SRR5459590	0.0	3485.0	7213.0	871.0	289.0	656.0	1726.0	3052.0	713.0	0.0	20.0	0.0	508.0	22.0	0.0	18.0	0.0	0.0	0.0	0.0	0.0	0.0	0.0	0.0	0.0	0.0	0.0	46.0	0.0
SRR5459592	0.0	4267.0	3460.0	566.0	0.0	53.0	405.0	2026.0	162.0	0.0	0.0	0.0	37.0	0.0	0.0	0.0	0.0	0.0	0.0	0.0	0.0	0.0	0.0	0.0	0.0	0.0	0.0	0.0	0.0
