#SampleID	d__Bacteria;p__Acidobacteriota;c__Acidobacteriae	d__Bacteria;p__Actinobacteriota;c__Thermoleophilia	d__Bacteria;p__Proteobacteria;c__Gammaproteobacteria	d__Bacteria;p__Acidobacteriota;c__Vicinamibacteria	d__Bacteria;p__Bacteroidota;c__Bacteroidia	d__Bacteria;p__Proteobacteria;c__Alphaproteobacteria	d__Bacteria;p__Cyanobacteria;c__Vampirivibrionia	d__Bacteria;p__Gemmatimonadota;c__Gemmatimonadetes	d__Bacteria;p__Planctomycetota;c__Phycisphaerae	d__Bacteria;p__Acidobacteriota;c__Thermoanaerobaculia	d__Bacteria;p__Myxococcota;c__Myxococcia	d__Bacteria;p__Verrucomicrobiota;c__Verrucomicrobiae	d__Bacteria;p__Actinobacteriota;c__Actinobacteria	d__Bacteria;p__Patescibacteria;c__Saccharimonadia	d__Bacteria;p__Actinobacteriota;c__Acidimicrobiia	d__Bacteria;p__Firmicutes;c__Bacilli	d__Bacteria;p__Chloroflexi;c__Ktedonobacteria	d__Bacteria;p__Patescibacteria;c__Parcubacteria	d__Bacteria;p__Acidobacteriota;c__Blastocatellia	d__Bacteria;p__Chloroflexi;c__KD4-96	d__Bacteria;p__Myxococcota;c__Polyangia	d__Bacteria;p__Chloroflexi;c__OLB14	d__Bacteria;p__Chloroflexi;c__Anaerolineae	d__Bacteria;p__Chloroflexi;c__Chloroflexia	d__Bacteria;p__Fibrobacterota;c__Fibrobacteria	d__Bacteria;p__Bdellovibrionota;c__Bdellovibrionia	d__Bacteria;p__Nitrospirota;c__Nitrospiria	d__Bacteria;p__Bacteroidota;c__Kapabacteria	d__Bacteria;p__Patescibacteria;c__Berkelbacteria	d__Bacteria;p__Cyanobacteria;c__Sericytochromatia	d__Bacteria;p__Chloroflexi;c__TK10	d__Bacteria;p__Firmicutes;c__Clostridia	d__Bacteria;p__Chloroflexi;c__JG30-KF-CM66	d__Bacteria;p__Planctomycetota;c__vadinHA49	d__Bacteria;p__Firmicutes;c__Desulfitobacteriia	d__Bacteria;p__Desulfobacterota;c__Desulfuromonadia	d__Bacteria;p__Bdellovibrionota;c__Oligoflexia	d__Bacteria;p__Armatimonadota;c__Fimbriimonadia	d__Bacteria;p__Firmicutes;c__Negativicutes	d__Bacteria;p__Acidobacteriota;c__Holophagae	d__Bacteria;p__Elusimicrobiota;c__Lineage_IIb	d__Bacteria;p__SAR324_clade(Marine_group_B);c__SAR324_clade(Marine_group_B)	d__Bacteria;p__Firmicutes;c__Limnochordia	d__Bacteria;p__Deinococcota;c__Deinococci	d__Bacteria;p__Dependentiae;c__Babeliae	d__Bacteria;p__RCP2-54;c__RCP2-54	d__Bacteria;p__Planctomycetota;c__BD7-11	d__Bacteria;p__Gemmatimonadota;c__Longimicrobia	d__Bacteria;p__Desulfobacterota;c__uncultured	d__Bacteria;p__WPS-2;c__WPS-2	d__Bacteria;p__Verrucomicrobiota;c__Chlamydiae	d__Bacteria;p__Myxococcota;c__bacteriap25	d__Bacteria;p__Chloroflexi;c__Dehalococcoidia	d__Bacteria;p__Latescibacterota;c__Latescibacterota	d__Bacteria;p__Actinobacteriota;c__MB-A2-108	d__Bacteria;p__Gemmatimonadota;c__S0134_terrestrial_group	d__Bacteria;p__Abditibacteriota;c__Abditibacteria	d__Bacteria;p__Planctomycetota;c__Planctomycetes	d__Bacteria;p__Acidobacteriota;c__Subgroup_5	d__Bacteria;p__Spirochaetota;c__Spirochaetia	d__Bacteria;p__Sumerlaeota;c__Sumerlaeia	d__Bacteria;p__Chloroflexi;c__Gitt-GS-136	d__Bacteria;p__Elusimicrobiota;c__Elusimicrobia	d__Bacteria;p__Patescibacteria;c__Gracilibacteria	d__Bacteria;p__Elusimicrobiota;c__Lineage_IIa	d__Bacteria;p__Spirochaetota;c__Leptospirae	d__Bacteria;p__TX1A-33;c__TX1A-33	d__Bacteria;p__Patescibacteria;c__Kazania	d__Bacteria;p__Firmicutes;c__Symbiobacteriia	d__Bacteria;p__Chloroflexi;c__AD3	d__Bacteria;p__Actinobacteriota;c__Rubrobacteria	d__Bacteria;p__Gemmatimonadota;c__BD2-11_terrestrial_group	d__Bacteria;p__FCPU426;c__FCPU426	d__Bacteria;p__Acidobacteriota;c__Subgroup_25	d__Bacteria;p__Cyanobacteria;c__Cyanobacteriia	d__Bacteria;p__Planctomycetota;c__OM190	d__Bacteria;p__Halanaerobiaeota;c__Halanaerobiia	d__Bacteria;p__MBNT15;c__MBNT15	d__Bacteria;p__Methylomirabilota;c__Methylomirabilia	d__Bacteria;p__WS2;c__WS2	d__Bacteria;p__Patescibacteria;c__ABY1	d__Bacteria;p__Bacteroidota;c__Ignavibacteria
SRR11143339	4974.0	575.0	2737.0	438.0	2315.0	3304.0	0.0	1109.0	748.0	87.0	0.0	780.0	912.0	371.0	59.0	1077.0	531.0	0.0	699.0	0.0	432.0	46.0	26.0	155.0	23.0	157.0	207.0	26.0	15.0	0.0	49.0	362.0	0.0	0.0	0.0	141.0	210.0	97.0	42.0	0.0	0.0	55.0	0.0	0.0	0.0	14.0	0.0	0.0	0.0	0.0	0.0	19.0	0.0	0.0	0.0	0.0	0.0	47.0	0.0	0.0	0.0	0.0	0.0	0.0	0.0	0.0	0.0	0.0	0.0	0.0	0.0	0.0	0.0	0.0	0.0	0.0	0.0	0.0	0.0	0.0	0.0	0.0
SRR11143341	1014.0	48.0	2841.0	355.0	1348.0	2761.0	0.0	749.0	71.0	49.0	88.0	490.0	1767.0	461.0	0.0	381.0	45.0	0.0	193.0	0.0	164.0	0.0	0.0	45.0	0.0	185.0	132.0	21.0	0.0	0.0	0.0	89.0	0.0	0.0	0.0	0.0	40.0	19.0	0.0	0.0	0.0	0.0	0.0	0.0	0.0	0.0	0.0	29.0	0.0	0.0	0.0	0.0	0.0	0.0	0.0	0.0	0.0	0.0	0.0	13.0	0.0	0.0	0.0	0.0	0.0	0.0	0.0	0.0	0.0	0.0	0.0	0.0	0.0	0.0	0.0	0.0	0.0	0.0	0.0	0.0	0.0	0.0
SRR11143342	1251.0	210.0	2226.0	812.0	903.0	2303.0	0.0	483.0	416.0	0.0	93.0	213.0	724.0	364.0	0.0	349.0	109.0	0.0	55.0	2.0	154.0	0.0	0.0	18.0	0.0	0.0	0.0	11.0	0.0	0.0	33.0	7.0	0.0	0.0	0.0	0.0	0.0	12.0	0.0	0.0	0.0	0.0	0.0	0.0	0.0	0.0	0.0	0.0	0.0	0.0	0.0	0.0	0.0	0.0	0.0	0.0	0.0	0.0	0.0	16.0	0.0	0.0	0.0	0.0	0.0	0.0	0.0	0.0	0.0	0.0	0.0	0.0	0.0	0.0	0.0	0.0	0.0	0.0	0.0	0.0	0.0	0.0
SRR11143343	1615.0	572.0	2831.0	357.0	1789.0	3654.0	0.0	850.0	38.0	62.0	76.0	414.0	1415.0	196.0	11.0	362.0	183.0	0.0	270.0	0.0	275.0	0.0	4.0	32.0	0.0	25.0	0.0	11.0	0.0	0.0	4.0	0.0	0.0	0.0	0.0	0.0	22.0	0.0	0.0	24.0	0.0	0.0	0.0	0.0	0.0	0.0	0.0	0.0	0.0	0.0	0.0	0.0	0.0	0.0	0.0	0.0	0.0	0.0	0.0	11.0	0.0	0.0	0.0	0.0	0.0	0.0	0.0	0.0	0.0	0.0	0.0	0.0	0.0	0.0	0.0	0.0	0.0	0.0	0.0	0.0	0.0	0.0
SRR11143344	1079.0	1349.0	2118.0	465.0	1086.0	2311.0	0.0	982.0	0.0	85.0	185.0	399.0	2455.0	143.0	137.0	94.0	228.0	0.0	38.0	279.0	308.0	0.0	0.0	122.0	0.0	0.0	114.0	14.0	0.0	0.0	0.0	15.0	14.0	0.0	0.0	0.0	0.0	0.0	0.0	0.0	0.0	0.0	0.0	0.0	0.0	0.0	0.0	0.0	0.0	0.0	0.0	0.0	31.0	0.0	0.0	0.0	0.0	16.0	0.0	29.0	0.0	0.0	0.0	0.0	0.0	0.0	0.0	0.0	0.0	0.0	0.0	0.0	0.0	0.0	0.0	0.0	0.0	0.0	0.0	0.0	0.0	0.0
SRR11143345	608.0	402.0	2591.0	117.0	1019.0	2196.0	0.0	267.0	19.0	32.0	0.0	195.0	1839.0	57.0	0.0	580.0	240.0	0.0	0.0	0.0	116.0	0.0	0.0	73.0	0.0	17.0	27.0	0.0	0.0	0.0	0.0	0.0	15.0	0.0	0.0	0.0	0.0	0.0	0.0	14.0	0.0	0.0	0.0	13.0	7.0	0.0	0.0	0.0	0.0	0.0	0.0	0.0	0.0	0.0	20.0	0.0	0.0	0.0	0.0	0.0	0.0	10.0	0.0	0.0	0.0	0.0	0.0	0.0	0.0	0.0	0.0	0.0	0.0	0.0	0.0	0.0	12.0	0.0	0.0	0.0	0.0	0.0
SRR11143347	1602.0	557.0	2141.0	997.0	1392.0	2485.0	18.0	1189.0	233.0	79.0	410.0	298.0	1957.0	126.0	75.0	487.0	316.0	0.0	378.0	153.0	315.0	16.0	13.0	374.0	0.0	0.0	273.0	84.0	0.0	0.0	50.0	30.0	0.0	0.0	0.0	0.0	49.0	34.0	0.0	16.0	0.0	7.0	18.0	0.0	8.0	0.0	0.0	23.0	0.0	0.0	0.0	0.0	0.0	0.0	0.0	0.0	0.0	0.0	24.0	0.0	10.0	0.0	0.0	5.0	0.0	0.0	0.0	0.0	0.0	0.0	0.0	0.0	0.0	0.0	0.0	0.0	0.0	0.0	0.0	0.0	0.0	0.0
SRR11143349	2056.0	1007.0	3532.0	943.0	1508.0	3562.0	0.0	1677.0	337.0	270.0	306.0	99.0	3505.0	183.0	98.0	584.0	264.0	0.0	715.0	296.0	612.0	48.0	26.0	396.0	0.0	0.0	349.0	40.0	0.0	0.0	0.0	24.0	0.0	0.0	0.0	3.0	0.0	36.0	0.0	0.0	0.0	15.0	0.0	0.0	0.0	0.0	0.0	0.0	0.0	0.0	0.0	14.0	0.0	0.0	28.0	0.0	0.0	0.0	0.0	0.0	0.0	19.0	0.0	7.0	0.0	0.0	0.0	0.0	20.0	0.0	0.0	0.0	0.0	0.0	0.0	0.0	0.0	0.0	0.0	0.0	0.0	0.0
SRR11143350	940.0	572.0	1120.0	774.0	734.0	2113.0	0.0	815.0	8.0	46.0	323.0	169.0	1418.0	20.0	0.0	561.0	147.0	0.0	177.0	52.0	517.0	0.0	0.0	178.0	0.0	0.0	0.0	0.0	0.0	0.0	41.0	0.0	15.0	0.0	0.0	0.0	0.0	0.0	0.0	0.0	0.0	0.0	0.0	0.0	0.0	0.0	0.0	0.0	0.0	0.0	0.0	0.0	0.0	0.0	0.0	0.0	0.0	5.0	0.0	0.0	0.0	0.0	0.0	10.0	0.0	0.0	0.0	12.0	0.0	0.0	0.0	0.0	0.0	0.0	0.0	0.0	0.0	0.0	0.0	0.0	0.0	0.0
SRR11143351	717.0	1593.0	2871.0	262.0	1106.0	3643.0	0.0	1551.0	152.0	140.0	551.0	183.0	5015.0	635.0	254.0	829.0	362.0	4.0	278.0	56.0	234.0	22.0	26.0	558.0	16.0	25.0	154.0	0.0	0.0	166.0	0.0	106.0	0.0	0.0	0.0	0.0	67.0	0.0	0.0	0.0	0.0	0.0	0.0	0.0	0.0	0.0	0.0	0.0	0.0	25.0	0.0	0.0	0.0	0.0	31.0	10.0	0.0	0.0	0.0	0.0	0.0	0.0	0.0	0.0	0.0	0.0	0.0	0.0	18.0	0.0	0.0	0.0	0.0	0.0	0.0	0.0	0.0	0.0	0.0	0.0	0.0	0.0
SRR11143355	0.0	22.0	2890.0	0.0	3170.0	1831.0	10.0	76.0	0.0	20.0	43.0	84.0	806.0	42.0	0.0	0.0	98.0	0.0	31.0	0.0	268.0	0.0	0.0	265.0	0.0	13.0	0.0	0.0	0.0	0.0	0.0	0.0	0.0	0.0	0.0	0.0	79.0	0.0	0.0	0.0	0.0	0.0	0.0	0.0	0.0	0.0	0.0	0.0	0.0	0.0	0.0	0.0	0.0	0.0	0.0	0.0	0.0	0.0	0.0	198.0	0.0	0.0	0.0	0.0	0.0	84.0	0.0	0.0	0.0	0.0	0.0	0.0	0.0	0.0	0.0	0.0	0.0	0.0	0.0	0.0	0.0	0.0
SRR11143356	369.0	97.0	3027.0	114.0	1904.0	2103.0	0.0	71.0	0.0	33.0	0.0	101.0	773.0	59.0	0.0	538.0	253.0	0.0	175.0	0.0	946.0	0.0	0.0	0.0	163.0	80.0	0.0	0.0	0.0	0.0	0.0	27.0	0.0	0.0	0.0	33.0	17.0	0.0	0.0	49.0	0.0	0.0	0.0	0.0	0.0	0.0	0.0	0.0	0.0	0.0	0.0	0.0	0.0	0.0	0.0	0.0	0.0	0.0	0.0	0.0	0.0	0.0	0.0	0.0	0.0	0.0	0.0	0.0	0.0	0.0	0.0	0.0	0.0	0.0	0.0	0.0	0.0	0.0	0.0	0.0	0.0	0.0
SRR11143359	395.0	52.0	2758.0	90.0	1392.0	2983.0	0.0	0.0	33.0	57.0	0.0	129.0	955.0	18.0	0.0	431.0	327.0	0.0	222.0	0.0	480.0	0.0	0.0	186.0	49.0	67.0	0.0	0.0	15.0	0.0	0.0	101.0	0.0	0.0	0.0	0.0	38.0	0.0	0.0	23.0	0.0	0.0	0.0	0.0	0.0	0.0	0.0	0.0	0.0	0.0	0.0	0.0	0.0	0.0	0.0	0.0	0.0	0.0	0.0	0.0	0.0	0.0	0.0	0.0	0.0	0.0	0.0	0.0	0.0	0.0	0.0	0.0	0.0	0.0	0.0	0.0	0.0	0.0	0.0	0.0	0.0	0.0
SRR11143363	651.0	258.0	2736.0	102.0	1775.0	2355.0	0.0	251.0	26.0	49.0	0.0	152.0	1201.0	130.0	0.0	160.0	379.0	0.0	150.0	31.0	1051.0	0.0	14.0	180.0	215.0	71.0	0.0	0.0	0.0	0.0	0.0	131.0	0.0	0.0	0.0	0.0	52.0	0.0	116.0	91.0	0.0	0.0	0.0	0.0	0.0	0.0	0.0	0.0	0.0	0.0	0.0	0.0	0.0	0.0	0.0	0.0	0.0	0.0	0.0	0.0	0.0	0.0	0.0	0.0	0.0	0.0	0.0	0.0	0.0	0.0	0.0	0.0	0.0	0.0	0.0	0.0	0.0	0.0	0.0	0.0	0.0	0.0
SRR11143365	385.0	510.0	2717.0	215.0	1233.0	1910.0	0.0	134.0	0.0	94.0	0.0	198.0	1322.0	55.0	0.0	330.0	279.0	0.0	193.0	65.0	227.0	0.0	0.0	64.0	34.0	48.0	37.0	0.0	0.0	0.0	0.0	106.0	0.0	0.0	0.0	0.0	60.0	0.0	0.0	0.0	0.0	0.0	0.0	0.0	0.0	0.0	0.0	0.0	0.0	0.0	0.0	0.0	0.0	0.0	0.0	0.0	0.0	0.0	0.0	0.0	0.0	0.0	0.0	0.0	0.0	0.0	0.0	0.0	0.0	0.0	0.0	0.0	0.0	0.0	0.0	0.0	0.0	0.0	0.0	0.0	0.0	0.0
SRR11143372	67.0	188.0	3277.0	0.0	2383.0	2421.0	0.0	0.0	0.0	40.0	74.0	40.0	2103.0	336.0	0.0	0.0	0.0	0.0	0.0	0.0	217.0	0.0	0.0	0.0	0.0	58.0	0.0	0.0	0.0	0.0	0.0	0.0	0.0	0.0	0.0	0.0	0.0	0.0	0.0	38.0	0.0	0.0	0.0	0.0	0.0	0.0	0.0	0.0	0.0	0.0	0.0	0.0	0.0	0.0	0.0	0.0	0.0	0.0	0.0	0.0	0.0	0.0	0.0	0.0	0.0	0.0	0.0	0.0	0.0	0.0	0.0	0.0	0.0	0.0	0.0	0.0	0.0	0.0	0.0	0.0	0.0	0.0
SRR11143378	197.0	254.0	2886.0	0.0	2270.0	2450.0	0.0	44.0	0.0	73.0	0.0	120.0	2382.0	129.0	0.0	333.0	62.0	0.0	0.0	0.0	697.0	0.0	0.0	21.0	138.0	55.0	0.0	0.0	0.0	0.0	0.0	0.0	0.0	0.0	0.0	0.0	0.0	0.0	0.0	52.0	0.0	0.0	0.0	43.0	0.0	0.0	0.0	0.0	0.0	0.0	0.0	0.0	0.0	0.0	0.0	0.0	0.0	0.0	0.0	0.0	0.0	0.0	0.0	0.0	0.0	0.0	0.0	0.0	0.0	0.0	0.0	0.0	0.0	0.0	0.0	0.0	0.0	0.0	0.0	0.0	0.0	0.0
SRR11143380	811.0	146.0	3376.0	12.0	2356.0	3329.0	0.0	82.0	0.0	61.0	25.0	387.0	1265.0	72.0	0.0	333.0	352.0	0.0	156.0	0.0	610.0	0.0	21.0	225.0	125.0	76.0	0.0	0.0	0.0	0.0	0.0	165.0	0.0	0.0	0.0	31.0	80.0	0.0	0.0	65.0	0.0	0.0	0.0	89.0	0.0	0.0	0.0	0.0	0.0	0.0	0.0	0.0	0.0	0.0	0.0	0.0	0.0	0.0	0.0	0.0	0.0	0.0	0.0	0.0	0.0	0.0	0.0	0.0	0.0	0.0	0.0	0.0	0.0	0.0	0.0	0.0	0.0	0.0	0.0	0.0	0.0	0.0
SRR11143386	324.0	199.0	3159.0	0.0	1316.0	2424.0	0.0	22.0	0.0	41.0	0.0	136.0	2086.0	226.0	0.0	741.0	63.0	0.0	92.0	0.0	0.0	0.0	0.0	0.0	26.0	26.0	0.0	0.0	0.0	0.0	0.0	173.0	0.0	0.0	0.0	0.0	0.0	0.0	0.0	0.0	0.0	0.0	0.0	142.0	0.0	0.0	0.0	0.0	0.0	0.0	0.0	0.0	0.0	0.0	0.0	0.0	0.0	0.0	0.0	0.0	0.0	0.0	0.0	0.0	0.0	0.0	0.0	0.0	0.0	0.0	0.0	0.0	0.0	0.0	0.0	0.0	0.0	0.0	0.0	0.0	0.0	0.0
SRR11143388	895.0	286.0	3861.0	0.0	2964.0	3008.0	0.0	218.0	54.0	97.0	0.0	330.0	1650.0	55.0	7.0	273.0	318.0	0.0	229.0	0.0	1142.0	0.0	81.0	281.0	49.0	69.0	0.0	0.0	0.0	0.0	0.0	23.0	0.0	0.0	0.0	47.0	102.0	0.0	23.0	142.0	0.0	0.0	0.0	63.0	0.0	0.0	0.0	0.0	0.0	0.0	0.0	0.0	0.0	0.0	0.0	0.0	0.0	0.0	0.0	0.0	0.0	0.0	0.0	16.0	0.0	0.0	0.0	0.0	0.0	0.0	0.0	0.0	0.0	0.0	0.0	0.0	0.0	0.0	0.0	0.0	0.0	0.0
SRR11143389	495.0	250.0	2630.0	0.0	2427.0	2461.0	0.0	115.0	0.0	74.0	125.0	88.0	1524.0	77.0	0.0	352.0	227.0	0.0	162.0	0.0	496.0	0.0	0.0	32.0	145.0	27.0	0.0	0.0	0.0	0.0	0.0	548.0	0.0	0.0	0.0	75.0	55.0	0.0	185.0	38.0	0.0	0.0	0.0	34.0	0.0	0.0	0.0	0.0	0.0	0.0	0.0	0.0	0.0	0.0	0.0	0.0	0.0	0.0	0.0	0.0	0.0	0.0	0.0	0.0	0.0	0.0	0.0	0.0	0.0	0.0	0.0	0.0	0.0	0.0	0.0	0.0	0.0	0.0	0.0	0.0	0.0	0.0
SRR11143392	40.0	104.0	3892.0	0.0	2019.0	2278.0	0.0	15.0	0.0	74.0	0.0	157.0	3061.0	188.0	0.0	221.0	0.0	0.0	58.0	0.0	459.0	0.0	0.0	0.0	87.0	37.0	0.0	0.0	0.0	0.0	0.0	0.0	0.0	0.0	0.0	0.0	0.0	0.0	0.0	0.0	0.0	0.0	0.0	179.0	0.0	0.0	0.0	0.0	0.0	0.0	0.0	0.0	0.0	0.0	0.0	0.0	0.0	0.0	0.0	0.0	0.0	0.0	0.0	0.0	0.0	0.0	0.0	0.0	0.0	0.0	0.0	0.0	0.0	0.0	0.0	0.0	0.0	0.0	0.0	0.0	0.0	0.0
SRR11143396	101.0	116.0	2938.0	0.0	2353.0	2648.0	0.0	43.0	12.0	0.0	69.0	76.0	2118.0	224.0	0.0	69.0	0.0	0.0	85.0	0.0	511.0	0.0	0.0	0.0	112.0	113.0	0.0	0.0	0.0	0.0	0.0	0.0	0.0	0.0	0.0	0.0	17.0	0.0	0.0	21.0	0.0	0.0	0.0	159.0	0.0	0.0	0.0	0.0	0.0	0.0	0.0	0.0	0.0	0.0	0.0	0.0	0.0	0.0	0.0	0.0	0.0	0.0	0.0	0.0	0.0	0.0	0.0	0.0	0.0	0.0	0.0	0.0	0.0	0.0	0.0	0.0	0.0	0.0	0.0	0.0	0.0	0.0
SRR11143398	3904.0	692.0	2081.0	349.0	1895.0	2858.0	0.0	747.0	378.0	130.0	83.0	529.0	1035.0	85.0	0.0	1217.0	565.0	0.0	519.0	94.0	268.0	39.0	27.0	28.0	0.0	168.0	158.0	0.0	39.0	0.0	0.0	377.0	0.0	0.0	0.0	73.0	144.0	0.0	0.0	0.0	0.0	0.0	0.0	0.0	0.0	0.0	0.0	0.0	0.0	0.0	0.0	0.0	0.0	0.0	0.0	0.0	0.0	46.0	0.0	0.0	0.0	0.0	0.0	0.0	0.0	0.0	0.0	0.0	0.0	0.0	0.0	0.0	0.0	0.0	0.0	0.0	0.0	0.0	0.0	0.0	0.0	0.0
SRR11143400	4916.0	774.0	4040.0	619.0	4321.0	4438.0	0.0	1193.0	131.0	127.0	137.0	2053.0	938.0	896.0	41.0	965.0	766.0	0.0	1036.0	102.0	307.0	52.0	46.0	67.0	36.0	164.0	386.0	43.0	67.0	0.0	48.0	64.0	6.0	0.0	0.0	98.0	263.0	125.0	0.0	34.0	0.0	59.0	0.0	0.0	0.0	0.0	0.0	0.0	0.0	0.0	0.0	0.0	0.0	0.0	0.0	0.0	0.0	0.0	0.0	0.0	42.0	0.0	0.0	0.0	0.0	0.0	0.0	0.0	0.0	0.0	0.0	0.0	0.0	0.0	41.0	0.0	0.0	0.0	0.0	0.0	0.0	0.0
SRR11143402	5611.0	1616.0	4377.0	608.0	4461.0	4674.0	0.0	1361.0	203.0	37.0	0.0	2355.0	2377.0	979.0	22.0	1847.0	1042.0	0.0	723.0	145.0	527.0	88.0	79.0	327.0	52.0	253.0	255.0	20.0	109.0	0.0	67.0	314.0	11.0	11.0	0.0	79.0	266.0	133.0	53.0	0.0	0.0	64.0	0.0	0.0	0.0	0.0	0.0	0.0	0.0	18.0	0.0	0.0	44.0	0.0	0.0	0.0	0.0	0.0	0.0	0.0	0.0	0.0	0.0	0.0	0.0	0.0	0.0	0.0	0.0	0.0	0.0	0.0	0.0	0.0	0.0	0.0	0.0	0.0	0.0	0.0	0.0	0.0
SRR11143405	3444.0	608.0	2108.0	365.0	1274.0	2249.0	0.0	560.0	92.0	177.0	98.0	540.0	1319.0	193.0	0.0	1380.0	597.0	0.0	409.0	0.0	0.0	58.0	30.0	54.0	0.0	76.0	152.0	0.0	0.0	0.0	32.0	361.0	0.0	0.0	0.0	177.0	87.0	41.0	0.0	0.0	0.0	11.0	0.0	0.0	0.0	0.0	0.0	0.0	0.0	0.0	0.0	0.0	0.0	0.0	0.0	0.0	0.0	0.0	0.0	0.0	0.0	0.0	0.0	0.0	0.0	0.0	0.0	0.0	0.0	0.0	0.0	0.0	0.0	0.0	0.0	0.0	0.0	0.0	0.0	0.0	0.0	0.0
SRR11143407	4978.0	1477.0	3864.0	817.0	2656.0	3919.0	0.0	1183.0	400.0	56.0	38.0	1691.0	2988.0	317.0	79.0	666.0	907.0	0.0	552.0	52.0	1006.0	91.0	30.0	170.0	41.0	0.0	195.0	78.0	16.0	0.0	71.0	134.0	0.0	0.0	0.0	0.0	0.0	0.0	0.0	0.0	7.0	0.0	0.0	0.0	6.0	0.0	0.0	0.0	0.0	14.0	0.0	31.0	0.0	0.0	0.0	0.0	0.0	0.0	43.0	0.0	0.0	0.0	0.0	0.0	0.0	0.0	0.0	0.0	0.0	0.0	0.0	0.0	0.0	0.0	0.0	0.0	0.0	0.0	0.0	0.0	0.0	0.0
SRR11143409	4521.0	623.0	3130.0	338.0	2611.0	2387.0	0.0	776.0	265.0	85.0	68.0	1504.0	1946.0	312.0	0.0	584.0	826.0	0.0	366.0	45.0	221.0	56.0	21.0	67.0	63.0	57.0	221.0	104.0	13.0	0.0	0.0	172.0	0.0	0.0	0.0	0.0	0.0	0.0	0.0	24.0	0.0	0.0	0.0	0.0	0.0	0.0	0.0	0.0	0.0	0.0	0.0	0.0	0.0	0.0	0.0	0.0	0.0	0.0	0.0	0.0	28.0	0.0	0.0	0.0	31.0	0.0	0.0	0.0	0.0	0.0	0.0	0.0	0.0	0.0	0.0	0.0	0.0	0.0	0.0	0.0	0.0	0.0
SRR11143411	4940.0	1124.0	3037.0	476.0	2390.0	3231.0	0.0	901.0	380.0	38.0	0.0	1084.0	2669.0	437.0	20.0	793.0	597.0	0.0	437.0	0.0	286.0	41.0	20.0	57.0	65.0	25.0	227.0	133.0	0.0	0.0	21.0	70.0	0.0	0.0	0.0	0.0	0.0	42.0	0.0	29.0	0.0	12.0	0.0	0.0	0.0	0.0	0.0	0.0	0.0	0.0	0.0	0.0	0.0	0.0	0.0	0.0	0.0	0.0	0.0	0.0	0.0	0.0	0.0	0.0	27.0	0.0	0.0	0.0	0.0	0.0	0.0	0.0	0.0	0.0	0.0	0.0	0.0	0.0	0.0	0.0	0.0	0.0
SRR11143413	5049.0	831.0	3400.0	607.0	2041.0	2808.0	0.0	845.0	248.0	55.0	0.0	783.0	2072.0	256.0	17.0	356.0	595.0	0.0	497.0	0.0	557.0	45.0	8.0	0.0	0.0	37.0	239.0	81.0	0.0	0.0	0.0	171.0	0.0	0.0	0.0	0.0	14.0	35.0	0.0	0.0	0.0	0.0	0.0	0.0	0.0	0.0	0.0	0.0	0.0	0.0	0.0	0.0	0.0	0.0	0.0	6.0	0.0	0.0	0.0	0.0	0.0	0.0	0.0	0.0	0.0	0.0	0.0	0.0	0.0	0.0	0.0	0.0	0.0	0.0	0.0	0.0	0.0	0.0	0.0	0.0	0.0	0.0
SRR11143416	4753.0	655.0	3068.0	442.0	2035.0	2333.0	0.0	777.0	257.0	101.0	122.0	802.0	1729.0	239.0	0.0	807.0	708.0	0.0	417.0	0.0	348.0	22.0	0.0	0.0	0.0	36.0	365.0	0.0	0.0	0.0	28.0	252.0	0.0	0.0	4.0	0.0	0.0	44.0	0.0	39.0	0.0	0.0	0.0	0.0	0.0	0.0	0.0	0.0	0.0	0.0	0.0	0.0	0.0	0.0	0.0	0.0	0.0	16.0	0.0	0.0	45.0	0.0	0.0	0.0	0.0	0.0	0.0	0.0	0.0	0.0	0.0	0.0	0.0	0.0	0.0	0.0	0.0	0.0	0.0	0.0	0.0	0.0
SRR11143418	2905.0	585.0	3435.0	124.0	2193.0	1689.0	0.0	327.0	101.0	62.0	0.0	869.0	1664.0	313.0	0.0	480.0	159.0	0.0	348.0	0.0	154.0	16.0	0.0	0.0	52.0	22.0	220.0	61.0	0.0	0.0	11.0	23.0	0.0	0.0	0.0	0.0	0.0	25.0	0.0	0.0	0.0	9.0	0.0	18.0	0.0	0.0	0.0	0.0	0.0	0.0	0.0	0.0	0.0	0.0	0.0	0.0	0.0	0.0	0.0	0.0	0.0	0.0	0.0	0.0	0.0	0.0	0.0	0.0	0.0	0.0	0.0	0.0	0.0	0.0	0.0	0.0	0.0	0.0	0.0	0.0	0.0	0.0
SRR11143419	2801.0	589.0	2846.0	88.0	2862.0	2312.0	0.0	264.0	296.0	126.0	56.0	771.0	2391.0	998.0	0.0	428.0	166.0	0.0	417.0	0.0	118.0	0.0	0.0	0.0	36.0	26.0	342.0	53.0	0.0	0.0	34.0	193.0	0.0	0.0	0.0	101.0	0.0	0.0	0.0	0.0	0.0	9.0	0.0	124.0	0.0	0.0	0.0	0.0	0.0	0.0	0.0	0.0	0.0	0.0	0.0	0.0	0.0	0.0	0.0	0.0	0.0	0.0	0.0	0.0	24.0	0.0	0.0	0.0	0.0	0.0	0.0	0.0	0.0	0.0	0.0	0.0	0.0	0.0	0.0	0.0	0.0	0.0
SRR11143420	3402.0	683.0	2870.0	122.0	1954.0	1570.0	0.0	402.0	39.0	64.0	0.0	394.0	2201.0	233.0	0.0	383.0	273.0	0.0	264.0	0.0	136.0	23.0	0.0	11.0	39.0	0.0	230.0	120.0	0.0	0.0	0.0	0.0	0.0	0.0	0.0	0.0	0.0	33.0	0.0	0.0	0.0	0.0	0.0	0.0	0.0	0.0	0.0	0.0	0.0	4.0	0.0	0.0	0.0	0.0	0.0	0.0	0.0	0.0	0.0	0.0	0.0	0.0	0.0	0.0	0.0	0.0	0.0	0.0	0.0	0.0	0.0	0.0	0.0	0.0	0.0	0.0	0.0	0.0	0.0	0.0	0.0	0.0
SRR11143421	4323.0	631.0	3249.0	275.0	2802.0	2942.0	0.0	584.0	0.0	26.0	0.0	929.0	2448.0	299.0	38.0	548.0	407.0	0.0	484.0	0.0	193.0	28.0	15.0	0.0	73.0	26.0	259.0	102.0	0.0	0.0	0.0	66.0	0.0	0.0	0.0	84.0	0.0	37.0	0.0	0.0	0.0	11.0	0.0	186.0	0.0	0.0	0.0	0.0	0.0	0.0	0.0	0.0	27.0	0.0	0.0	0.0	0.0	0.0	0.0	0.0	0.0	0.0	7.0	0.0	19.0	0.0	0.0	0.0	0.0	0.0	0.0	0.0	0.0	0.0	0.0	0.0	0.0	0.0	0.0	0.0	0.0	0.0
SRR11143422	2766.0	575.0	4634.0	246.0	4889.0	3032.0	20.0	529.0	304.0	207.0	267.0	1139.0	4339.0	442.0	250.0	653.0	328.0	0.0	565.0	77.0	789.0	24.0	0.0	137.0	103.0	103.0	101.0	71.0	0.0	0.0	12.0	156.0	0.0	0.0	0.0	39.0	162.0	0.0	0.0	0.0	0.0	0.0	0.0	0.0	0.0	0.0	0.0	0.0	0.0	0.0	0.0	0.0	0.0	0.0	0.0	0.0	0.0	0.0	10.0	0.0	0.0	0.0	0.0	0.0	0.0	0.0	0.0	0.0	0.0	0.0	0.0	0.0	0.0	0.0	0.0	0.0	0.0	0.0	0.0	0.0	0.0	0.0
SRR11143423	2533.0	103.0	2331.0	86.0	2168.0	2204.0	0.0	390.0	257.0	137.0	0.0	652.0	1574.0	275.0	0.0	468.0	151.0	0.0	427.0	0.0	43.0	0.0	17.0	15.0	0.0	0.0	203.0	72.0	14.0	0.0	0.0	97.0	0.0	0.0	0.0	0.0	154.0	61.0	0.0	0.0	0.0	0.0	0.0	126.0	0.0	0.0	0.0	0.0	0.0	0.0	0.0	0.0	0.0	0.0	0.0	0.0	0.0	0.0	0.0	0.0	0.0	0.0	0.0	0.0	0.0	0.0	0.0	0.0	0.0	0.0	0.0	0.0	0.0	0.0	0.0	0.0	0.0	0.0	0.0	0.0	0.0	0.0
SRR11143424	5868.0	891.0	3581.0	503.0	2657.0	4412.0	0.0	1408.0	420.0	30.0	131.0	1206.0	1871.0	413.0	56.0	1309.0	1076.0	8.0	808.0	47.0	302.0	89.0	93.0	18.0	0.0	25.0	397.0	80.0	0.0	0.0	67.0	270.0	8.0	0.0	0.0	129.0	189.0	43.0	0.0	27.0	11.0	25.0	0.0	36.0	0.0	0.0	0.0	0.0	0.0	0.0	0.0	0.0	0.0	0.0	0.0	0.0	0.0	28.0	0.0	0.0	0.0	0.0	0.0	0.0	0.0	0.0	0.0	0.0	0.0	0.0	0.0	0.0	0.0	0.0	0.0	0.0	0.0	0.0	0.0	0.0	0.0	0.0
SRR11143426	3023.0	536.0	1777.0	60.0	951.0	1417.0	0.0	563.0	78.0	35.0	43.0	590.0	641.0	305.0	0.0	379.0	393.0	0.0	365.0	41.0	0.0	30.0	0.0	76.0	0.0	4.0	170.0	20.0	0.0	0.0	0.0	183.0	0.0	0.0	0.0	0.0	0.0	0.0	0.0	0.0	0.0	22.0	0.0	77.0	0.0	0.0	0.0	0.0	0.0	8.0	0.0	0.0	0.0	0.0	0.0	0.0	0.0	0.0	0.0	0.0	0.0	0.0	0.0	0.0	0.0	0.0	0.0	0.0	0.0	0.0	0.0	0.0	0.0	0.0	0.0	0.0	0.0	0.0	0.0	0.0	0.0	0.0
SRR11143427	3458.0	621.0	2478.0	249.0	1794.0	2269.0	0.0	673.0	339.0	165.0	0.0	687.0	594.0	357.0	0.0	431.0	347.0	0.0	901.0	71.0	33.0	40.0	17.0	0.0	0.0	20.0	366.0	67.0	0.0	0.0	0.0	255.0	0.0	0.0	0.0	243.0	93.0	0.0	0.0	0.0	0.0	0.0	0.0	45.0	0.0	10.0	0.0	0.0	0.0	0.0	0.0	0.0	0.0	0.0	0.0	0.0	0.0	0.0	0.0	0.0	0.0	0.0	0.0	0.0	0.0	0.0	0.0	0.0	0.0	0.0	0.0	0.0	0.0	0.0	0.0	0.0	0.0	0.0	0.0	0.0	0.0	0.0
SRR11143428	3826.0	379.0	2004.0	376.0	1541.0	2622.0	0.0	907.0	129.0	67.0	0.0	922.0	579.0	302.0	0.0	613.0	485.0	0.0	655.0	0.0	68.0	47.0	26.0	9.0	39.0	23.0	300.0	30.0	0.0	0.0	0.0	172.0	0.0	0.0	0.0	113.0	75.0	0.0	0.0	0.0	0.0	21.0	0.0	23.0	0.0	0.0	0.0	0.0	0.0	0.0	0.0	0.0	0.0	0.0	0.0	0.0	0.0	0.0	0.0	0.0	0.0	0.0	0.0	0.0	0.0	0.0	0.0	0.0	0.0	0.0	0.0	0.0	0.0	0.0	0.0	0.0	0.0	0.0	0.0	0.0	0.0	0.0
SRR11143429	3919.0	584.0	2636.0	255.0	2036.0	1856.0	0.0	677.0	160.0	164.0	66.0	1211.0	667.0	267.0	0.0	721.0	581.0	0.0	734.0	0.0	125.0	20.0	0.0	74.0	31.0	27.0	333.0	23.0	0.0	0.0	27.0	157.0	0.0	0.0	0.0	0.0	139.0	77.0	46.0	26.0	15.0	36.0	0.0	65.0	0.0	0.0	0.0	0.0	0.0	0.0	0.0	0.0	0.0	0.0	0.0	0.0	0.0	0.0	0.0	0.0	41.0	0.0	0.0	0.0	0.0	0.0	0.0	0.0	0.0	0.0	0.0	0.0	0.0	0.0	0.0	0.0	0.0	0.0	0.0	0.0	0.0	0.0
SRR11143430	3727.0	171.0	3047.0	179.0	1783.0	2923.0	0.0	842.0	178.0	38.0	0.0	564.0	698.0	328.0	0.0	663.0	662.0	0.0	692.0	0.0	46.0	29.0	17.0	119.0	23.0	65.0	313.0	0.0	0.0	0.0	31.0	182.0	0.0	0.0	0.0	275.0	0.0	17.0	0.0	0.0	0.0	12.0	0.0	158.0	0.0	0.0	0.0	0.0	0.0	0.0	0.0	0.0	0.0	0.0	0.0	0.0	0.0	0.0	0.0	0.0	0.0	0.0	0.0	0.0	0.0	0.0	0.0	0.0	0.0	0.0	0.0	0.0	0.0	0.0	0.0	0.0	0.0	0.0	0.0	0.0	0.0	0.0
SRR11143431	5584.0	2003.0	4425.0	600.0	3471.0	4481.0	0.0	888.0	672.0	34.0	148.0	791.0	4151.0	800.0	100.0	775.0	624.0	0.0	510.0	0.0	552.0	49.0	51.0	144.0	52.0	102.0	409.0	60.0	0.0	17.0	63.0	143.0	0.0	0.0	0.0	0.0	0.0	33.0	0.0	0.0	16.0	36.0	0.0	195.0	0.0	0.0	0.0	0.0	0.0	0.0	0.0	0.0	0.0	0.0	0.0	0.0	18.0	0.0	0.0	0.0	57.0	0.0	23.0	0.0	60.0	0.0	0.0	0.0	0.0	0.0	0.0	0.0	0.0	0.0	0.0	0.0	0.0	0.0	0.0	0.0	0.0	0.0
SRR11143432	5399.0	3032.0	3189.0	799.0	2228.0	3261.0	0.0	681.0	186.0	68.0	155.0	823.0	3486.0	157.0	33.0	1068.0	664.0	0.0	323.0	0.0	327.0	51.0	0.0	86.0	43.0	69.0	235.0	115.0	0.0	0.0	0.0	153.0	19.0	0.0	0.0	0.0	0.0	24.0	0.0	29.0	0.0	0.0	0.0	18.0	0.0	0.0	0.0	0.0	0.0	0.0	0.0	0.0	0.0	0.0	0.0	0.0	0.0	0.0	0.0	0.0	40.0	0.0	22.0	0.0	0.0	0.0	0.0	0.0	0.0	0.0	0.0	0.0	0.0	0.0	0.0	0.0	0.0	0.0	0.0	0.0	0.0	0.0
SRR11143433	5904.0	1491.0	3970.0	548.0	3161.0	4110.0	0.0	779.0	267.0	74.0	148.0	1244.0	2689.0	541.0	19.0	1445.0	765.0	0.0	567.0	74.0	260.0	56.0	0.0	92.0	68.0	39.0	309.0	102.0	0.0	0.0	69.0	183.0	0.0	0.0	0.0	0.0	0.0	36.0	0.0	0.0	0.0	0.0	0.0	97.0	0.0	0.0	0.0	0.0	0.0	20.0	0.0	0.0	21.0	0.0	0.0	0.0	0.0	0.0	24.0	0.0	22.0	0.0	0.0	0.0	37.0	0.0	0.0	0.0	0.0	0.0	0.0	0.0	0.0	0.0	0.0	0.0	0.0	0.0	0.0	0.0	0.0	0.0
SRR11143434	7759.0	2261.0	5725.0	966.0	3459.0	5581.0	0.0	1444.0	454.0	61.0	185.0	1771.0	3860.0	228.0	151.0	1201.0	1125.0	0.0	450.0	0.0	1228.0	88.0	16.0	95.0	93.0	29.0	203.0	177.0	0.0	22.0	39.0	98.0	0.0	0.0	0.0	0.0	0.0	56.0	0.0	0.0	20.0	19.0	0.0	174.0	7.0	0.0	0.0	82.0	0.0	0.0	0.0	0.0	42.0	0.0	0.0	27.0	0.0	0.0	45.0	0.0	32.0	0.0	32.0	0.0	45.0	0.0	0.0	0.0	0.0	0.0	0.0	0.0	0.0	0.0	0.0	0.0	0.0	0.0	0.0	0.0	0.0	0.0
SRR11143435	1987.0	294.0	2049.0	294.0	1476.0	1567.0	0.0	304.0	156.0	82.0	0.0	605.0	1381.0	390.0	0.0	224.0	275.0	0.0	272.0	0.0	109.0	25.0	0.0	0.0	43.0	50.0	104.0	72.0	0.0	0.0	0.0	22.0	0.0	0.0	0.0	0.0	0.0	26.0	0.0	0.0	0.0	0.0	0.0	191.0	0.0	0.0	0.0	0.0	0.0	0.0	0.0	0.0	0.0	0.0	0.0	6.0	0.0	0.0	0.0	0.0	0.0	0.0	0.0	0.0	0.0	0.0	0.0	0.0	0.0	0.0	0.0	0.0	0.0	0.0	0.0	0.0	0.0	0.0	0.0	0.0	0.0	0.0
SRR11143437	4093.0	735.0	2950.0	328.0	2957.0	2352.0	0.0	518.0	190.0	68.0	54.0	945.0	1886.0	735.0	0.0	437.0	492.0	0.0	494.0	0.0	167.0	35.0	14.0	33.0	74.0	45.0	191.0	185.0	0.0	0.0	0.0	68.0	0.0	0.0	0.0	0.0	0.0	0.0	0.0	0.0	0.0	27.0	0.0	27.0	0.0	0.0	0.0	0.0	0.0	0.0	0.0	0.0	0.0	0.0	0.0	0.0	0.0	0.0	0.0	0.0	0.0	0.0	16.0	0.0	0.0	0.0	0.0	0.0	0.0	0.0	0.0	0.0	0.0	0.0	0.0	0.0	0.0	0.0	0.0	0.0	0.0	0.0
SRR11143438	0.0	33.0	1707.0	180.0	3211.0	3449.0	41.0	27.0	0.0	0.0	26.0	303.0	391.0	184.0	0.0	197.0	43.0	0.0	296.0	0.0	135.0	0.0	6.0	0.0	0.0	68.0	152.0	130.0	0.0	0.0	0.0	0.0	0.0	0.0	0.0	0.0	0.0	53.0	0.0	0.0	0.0	0.0	0.0	0.0	0.0	0.0	0.0	0.0	0.0	0.0	0.0	0.0	0.0	9.0	0.0	0.0	0.0	0.0	0.0	0.0	0.0	0.0	0.0	0.0	0.0	0.0	0.0	0.0	0.0	0.0	0.0	0.0	0.0	57.0	0.0	0.0	0.0	0.0	0.0	0.0	0.0	0.0
SRR11143441	282.0	1697.0	923.0	543.0	601.0	1488.0	0.0	289.0	85.0	56.0	226.0	234.0	2905.0	0.0	199.0	219.0	14.0	0.0	314.0	430.0	132.0	0.0	41.0	374.0	0.0	0.0	23.0	0.0	0.0	0.0	0.0	0.0	0.0	0.0	0.0	12.0	0.0	0.0	0.0	0.0	0.0	0.0	0.0	0.0	0.0	0.0	0.0	0.0	13.0	0.0	0.0	0.0	0.0	30.0	68.0	0.0	0.0	2.0	0.0	0.0	0.0	17.0	0.0	0.0	0.0	0.0	0.0	0.0	0.0	0.0	91.0	0.0	0.0	0.0	0.0	0.0	0.0	0.0	0.0	0.0	0.0	0.0
SRR11143442	4900.0	300.0	3307.0	309.0	4296.0	2668.0	0.0	1128.0	351.0	216.0	123.0	1844.0	1016.0	346.0	0.0	613.0	523.0	69.0	783.0	0.0	1698.0	34.0	46.0	27.0	127.0	160.0	341.0	105.0	27.0	0.0	34.0	60.0	0.0	0.0	0.0	0.0	303.0	44.0	0.0	142.0	124.0	5.0	0.0	0.0	0.0	0.0	0.0	0.0	0.0	0.0	0.0	0.0	0.0	0.0	0.0	82.0	0.0	0.0	0.0	0.0	50.0	0.0	0.0	0.0	0.0	0.0	0.0	0.0	0.0	0.0	0.0	0.0	0.0	0.0	0.0	0.0	0.0	0.0	0.0	0.0	0.0	0.0
SRR11143443	4101.0	153.0	2915.0	324.0	3420.0	2396.0	0.0	1234.0	391.0	121.0	159.0	2121.0	505.0	667.0	0.0	399.0	666.0	693.0	706.0	0.0	1049.0	31.0	0.0	0.0	157.0	28.0	250.0	99.0	46.0	0.0	34.0	61.0	0.0	0.0	0.0	0.0	280.0	0.0	0.0	115.0	74.0	16.0	0.0	0.0	0.0	0.0	0.0	0.0	0.0	0.0	0.0	18.0	0.0	0.0	0.0	97.0	0.0	0.0	35.0	0.0	45.0	0.0	0.0	0.0	31.0	0.0	0.0	0.0	0.0	0.0	0.0	0.0	0.0	0.0	0.0	0.0	0.0	0.0	0.0	0.0	0.0	0.0
SRR11143444	3629.0	258.0	2256.0	301.0	3440.0	1783.0	0.0	994.0	326.0	131.0	121.0	1406.0	821.0	160.0	0.0	418.0	698.0	15.0	663.0	0.0	995.0	26.0	63.0	26.0	0.0	23.0	208.0	71.0	0.0	9.0	0.0	0.0	0.0	0.0	0.0	0.0	190.0	0.0	56.0	84.0	28.0	0.0	0.0	0.0	0.0	0.0	0.0	0.0	0.0	0.0	0.0	0.0	0.0	0.0	0.0	21.0	0.0	0.0	19.0	0.0	34.0	0.0	0.0	0.0	35.0	0.0	0.0	0.0	0.0	0.0	0.0	0.0	0.0	0.0	0.0	0.0	0.0	0.0	0.0	0.0	0.0	0.0
SRR11143445	4929.0	597.0	3194.0	375.0	3314.0	3251.0	20.0	1599.0	628.0	70.0	44.0	1357.0	1411.0	346.0	16.0	952.0	763.0	176.0	715.0	62.0	853.0	35.0	0.0	49.0	63.0	181.0	274.0	34.0	33.0	0.0	79.0	155.0	0.0	0.0	22.0	0.0	341.0	0.0	0.0	119.0	47.0	17.0	0.0	0.0	0.0	27.0	0.0	0.0	0.0	0.0	0.0	0.0	0.0	0.0	0.0	28.0	0.0	9.0	0.0	0.0	28.0	0.0	24.0	0.0	38.0	0.0	0.0	0.0	0.0	0.0	0.0	0.0	0.0	0.0	0.0	0.0	0.0	0.0	0.0	0.0	0.0	0.0
SRR11143447	4042.0	487.0	2654.0	275.0	2158.0	2808.0	0.0	1070.0	405.0	110.0	123.0	1053.0	1742.0	214.0	0.0	369.0	752.0	30.0	481.0	0.0	1050.0	43.0	38.0	44.0	161.0	76.0	301.0	82.0	0.0	0.0	40.0	92.0	0.0	0.0	0.0	15.0	130.0	19.0	0.0	120.0	52.0	0.0	0.0	0.0	0.0	0.0	0.0	0.0	0.0	0.0	0.0	0.0	0.0	0.0	0.0	15.0	0.0	0.0	0.0	0.0	0.0	0.0	0.0	0.0	0.0	0.0	0.0	0.0	0.0	0.0	0.0	0.0	0.0	0.0	0.0	0.0	0.0	0.0	0.0	0.0	0.0	0.0
SRR11143448	3730.0	1189.0	1468.0	205.0	1587.0	2402.0	0.0	835.0	72.0	49.0	0.0	691.0	2181.0	0.0	33.0	312.0	1485.0	0.0	331.0	96.0	87.0	47.0	31.0	138.0	0.0	0.0	326.0	0.0	0.0	0.0	53.0	257.0	0.0	0.0	12.0	173.0	93.0	19.0	0.0	0.0	0.0	0.0	0.0	0.0	0.0	0.0	0.0	0.0	0.0	0.0	0.0	0.0	0.0	0.0	0.0	0.0	0.0	0.0	0.0	0.0	0.0	0.0	0.0	0.0	0.0	0.0	0.0	0.0	0.0	0.0	0.0	0.0	0.0	0.0	0.0	0.0	0.0	0.0	0.0	0.0	0.0	0.0
SRR11143449	3716.0	787.0	1672.0	0.0	1154.0	2573.0	0.0	572.0	241.0	97.0	0.0	931.0	3210.0	0.0	20.0	671.0	1067.0	0.0	296.0	0.0	215.0	41.0	127.0	204.0	0.0	22.0	479.0	0.0	0.0	0.0	82.0	134.0	0.0	0.0	0.0	0.0	0.0	49.0	0.0	0.0	0.0	0.0	0.0	0.0	0.0	0.0	0.0	0.0	0.0	0.0	0.0	0.0	27.0	0.0	0.0	0.0	0.0	0.0	0.0	0.0	0.0	0.0	0.0	0.0	0.0	0.0	0.0	0.0	0.0	0.0	0.0	0.0	0.0	0.0	0.0	0.0	0.0	0.0	0.0	0.0	0.0	0.0
SRR11143450	2776.0	718.0	1556.0	91.0	1120.0	2783.0	0.0	774.0	112.0	46.0	135.0	570.0	2088.0	186.0	0.0	714.0	858.0	0.0	147.0	0.0	282.0	42.0	0.0	266.0	15.0	0.0	167.0	0.0	0.0	25.0	59.0	286.0	0.0	0.0	0.0	25.0	186.0	0.0	0.0	31.0	0.0	0.0	0.0	0.0	0.0	0.0	0.0	0.0	0.0	0.0	0.0	0.0	58.0	0.0	0.0	23.0	0.0	0.0	0.0	0.0	0.0	0.0	0.0	0.0	67.0	0.0	0.0	0.0	0.0	0.0	0.0	0.0	0.0	0.0	0.0	0.0	0.0	0.0	0.0	0.0	0.0	0.0
SRR11143451	2654.0	986.0	1576.0	93.0	560.0	1982.0	0.0	644.0	95.0	88.0	0.0	347.0	3142.0	0.0	78.0	967.0	899.0	0.0	258.0	0.0	33.0	20.0	33.0	0.0	0.0	0.0	269.0	0.0	0.0	0.0	0.0	233.0	0.0	0.0	0.0	0.0	0.0	0.0	0.0	0.0	0.0	0.0	0.0	0.0	0.0	0.0	0.0	0.0	0.0	0.0	0.0	0.0	0.0	0.0	0.0	0.0	0.0	0.0	0.0	0.0	0.0	0.0	0.0	0.0	0.0	0.0	0.0	0.0	0.0	0.0	0.0	0.0	0.0	0.0	0.0	0.0	0.0	0.0	0.0	0.0	0.0	0.0
SRR11143452	5504.0	1366.0	2531.0	375.0	2496.0	5404.0	0.0	1215.0	189.0	33.0	260.0	1017.0	3923.0	165.0	112.0	2034.0	1509.0	0.0	362.0	94.0	579.0	39.0	132.0	373.0	0.0	0.0	423.0	28.0	0.0	0.0	0.0	403.0	22.0	0.0	11.0	55.0	325.0	0.0	0.0	0.0	0.0	0.0	0.0	0.0	0.0	0.0	0.0	0.0	0.0	0.0	0.0	0.0	0.0	0.0	0.0	0.0	0.0	0.0	0.0	0.0	0.0	0.0	0.0	0.0	13.0	0.0	0.0	0.0	0.0	0.0	0.0	0.0	0.0	0.0	0.0	0.0	0.0	0.0	0.0	0.0	0.0	0.0
SRR11143453	3437.0	840.0	1805.0	102.0	2141.0	3043.0	0.0	645.0	134.0	64.0	132.0	982.0	3102.0	390.0	26.0	453.0	919.0	0.0	383.0	79.0	163.0	26.0	28.0	77.0	0.0	106.0	328.0	40.0	0.0	0.0	40.0	108.0	0.0	0.0	0.0	54.0	0.0	0.0	0.0	0.0	20.0	0.0	0.0	0.0	0.0	0.0	0.0	25.0	0.0	0.0	0.0	0.0	0.0	0.0	0.0	0.0	0.0	0.0	0.0	0.0	0.0	0.0	0.0	0.0	37.0	0.0	0.0	0.0	0.0	0.0	0.0	0.0	0.0	0.0	0.0	0.0	0.0	0.0	0.0	0.0	0.0	0.0
SRR11143454	2946.0	1107.0	1462.0	303.0	1585.0	1817.0	0.0	976.0	278.0	160.0	111.0	347.0	2023.0	409.0	0.0	356.0	519.0	0.0	476.0	0.0	252.0	17.0	17.0	47.0	0.0	50.0	49.0	81.0	0.0	0.0	0.0	168.0	0.0	0.0	0.0	0.0	0.0	25.0	0.0	0.0	20.0	0.0	0.0	0.0	0.0	0.0	0.0	26.0	0.0	0.0	0.0	0.0	0.0	0.0	0.0	19.0	0.0	0.0	0.0	0.0	0.0	0.0	17.0	0.0	27.0	0.0	0.0	0.0	0.0	0.0	0.0	0.0	0.0	0.0	0.0	0.0	0.0	0.0	0.0	0.0	0.0	0.0
SRR11143462	544.0	2845.0	2318.0	657.0	718.0	3725.0	16.0	900.0	109.0	49.0	226.0	463.0	5051.0	165.0	382.0	346.0	579.0	0.0	214.0	217.0	929.0	0.0	56.0	548.0	0.0	22.0	235.0	13.0	0.0	14.0	26.0	91.0	31.0	0.0	0.0	0.0	5.0	0.0	0.0	15.0	0.0	0.0	0.0	0.0	0.0	0.0	0.0	0.0	0.0	0.0	0.0	0.0	0.0	0.0	47.0	0.0	0.0	0.0	0.0	0.0	0.0	0.0	0.0	9.0	0.0	0.0	0.0	0.0	0.0	0.0	0.0	0.0	0.0	0.0	0.0	0.0	0.0	0.0	0.0	0.0	0.0	0.0
SRR11143464	844.0	1066.0	1930.0	450.0	1117.0	3623.0	0.0	508.0	104.0	93.0	155.0	281.0	3408.0	50.0	105.0	342.0	273.0	0.0	0.0	146.0	508.0	0.0	0.0	75.0	0.0	0.0	0.0	0.0	0.0	0.0	0.0	0.0	0.0	0.0	0.0	0.0	0.0	0.0	0.0	0.0	0.0	0.0	0.0	0.0	0.0	0.0	0.0	0.0	0.0	0.0	3.0	0.0	0.0	0.0	21.0	0.0	0.0	0.0	0.0	0.0	0.0	0.0	0.0	0.0	0.0	0.0	0.0	0.0	0.0	0.0	0.0	0.0	0.0	0.0	0.0	0.0	0.0	3.0	0.0	0.0	0.0	0.0
SRR11143465	1060.0	1642.0	968.0	224.0	397.0	1459.0	0.0	692.0	73.0	117.0	126.0	271.0	2783.0	81.0	132.0	324.0	272.0	0.0	92.0	234.0	438.0	0.0	0.0	172.0	0.0	0.0	83.0	0.0	0.0	0.0	0.0	0.0	8.0	0.0	0.0	0.0	0.0	0.0	0.0	39.0	0.0	0.0	0.0	0.0	0.0	0.0	0.0	0.0	0.0	0.0	0.0	0.0	0.0	0.0	30.0	0.0	0.0	0.0	0.0	0.0	0.0	0.0	0.0	0.0	0.0	0.0	0.0	0.0	0.0	0.0	0.0	0.0	0.0	0.0	0.0	0.0	0.0	0.0	0.0	0.0	0.0	0.0
SRR11143466	494.0	2137.0	1369.0	552.0	421.0	2230.0	0.0	825.0	124.0	55.0	163.0	289.0	2769.0	229.0	173.0	227.0	309.0	0.0	239.0	290.0	785.0	0.0	10.0	338.0	0.0	0.0	70.0	0.0	0.0	0.0	42.0	23.0	0.0	0.0	0.0	0.0	0.0	0.0	0.0	31.0	0.0	0.0	0.0	0.0	0.0	0.0	0.0	0.0	0.0	0.0	0.0	0.0	33.0	0.0	41.0	0.0	0.0	0.0	0.0	0.0	0.0	0.0	0.0	0.0	0.0	0.0	0.0	0.0	0.0	0.0	0.0	0.0	0.0	0.0	0.0	0.0	0.0	0.0	0.0	0.0	0.0	0.0
SRR11143467	1354.0	2326.0	1566.0	494.0	764.0	2394.0	0.0	1066.0	310.0	96.0	127.0	300.0	3503.0	258.0	267.0	231.0	340.0	0.0	61.0	329.0	785.0	18.0	14.0	275.0	0.0	13.0	221.0	5.0	0.0	0.0	24.0	0.0	13.0	0.0	0.0	0.0	0.0	0.0	0.0	41.0	0.0	0.0	0.0	0.0	0.0	0.0	0.0	0.0	0.0	0.0	0.0	0.0	0.0	0.0	40.0	0.0	0.0	0.0	0.0	0.0	0.0	22.0	0.0	0.0	0.0	0.0	0.0	0.0	0.0	0.0	0.0	0.0	0.0	0.0	0.0	0.0	0.0	0.0	0.0	0.0	0.0	0.0
SRR11143469	988.0	2286.0	1683.0	442.0	1004.0	2667.0	0.0	1113.0	111.0	87.0	152.0	293.0	2993.0	189.0	281.0	317.0	394.0	0.0	60.0	387.0	605.0	0.0	39.0	449.0	0.0	0.0	100.0	0.0	0.0	0.0	16.0	0.0	18.0	0.0	0.0	0.0	82.0	0.0	0.0	36.0	0.0	0.0	0.0	0.0	0.0	0.0	0.0	0.0	0.0	0.0	0.0	0.0	0.0	0.0	61.0	0.0	0.0	0.0	0.0	0.0	0.0	29.0	0.0	0.0	26.0	0.0	0.0	0.0	0.0	0.0	0.0	0.0	0.0	0.0	0.0	0.0	0.0	0.0	0.0	0.0	0.0	0.0
SRR11143471	509.0	1929.0	1055.0	222.0	244.0	1735.0	0.0	455.0	0.0	91.0	103.0	182.0	4731.0	35.0	100.0	37.0	317.0	0.0	39.0	190.0	321.0	0.0	0.0	180.0	0.0	0.0	0.0	0.0	0.0	0.0	39.0	20.0	0.0	0.0	0.0	0.0	0.0	0.0	0.0	0.0	0.0	0.0	0.0	0.0	0.0	0.0	0.0	0.0	0.0	0.0	0.0	0.0	0.0	0.0	35.0	0.0	0.0	0.0	0.0	0.0	0.0	17.0	0.0	0.0	0.0	0.0	0.0	0.0	0.0	0.0	0.0	0.0	0.0	0.0	0.0	0.0	0.0	0.0	0.0	0.0	0.0	0.0
SRR11143472	1449.0	437.0	1491.0	0.0	847.0	2302.0	0.0	337.0	88.0	80.0	78.0	248.0	2659.0	78.0	142.0	491.0	278.0	0.0	93.0	155.0	512.0	0.0	0.0	292.0	0.0	7.0	0.0	0.0	0.0	0.0	0.0	0.0	0.0	0.0	0.0	0.0	0.0	19.0	0.0	0.0	0.0	0.0	0.0	0.0	0.0	0.0	0.0	0.0	0.0	0.0	0.0	0.0	0.0	0.0	13.0	0.0	0.0	0.0	0.0	0.0	0.0	0.0	0.0	0.0	0.0	0.0	0.0	0.0	0.0	0.0	0.0	0.0	0.0	0.0	0.0	0.0	0.0	0.0	0.0	0.0	0.0	0.0
SRR11143473	798.0	1018.0	1021.0	258.0	370.0	1441.0	0.0	637.0	67.0	107.0	89.0	200.0	3023.0	51.0	101.0	234.0	116.0	0.0	178.0	137.0	604.0	0.0	0.0	220.0	0.0	0.0	36.0	0.0	0.0	0.0	0.0	15.0	0.0	0.0	0.0	0.0	0.0	0.0	0.0	26.0	0.0	0.0	0.0	0.0	0.0	0.0	0.0	0.0	0.0	0.0	0.0	0.0	0.0	0.0	20.0	7.0	0.0	22.0	0.0	0.0	0.0	0.0	0.0	0.0	0.0	0.0	0.0	0.0	0.0	0.0	0.0	0.0	0.0	0.0	0.0	0.0	0.0	0.0	0.0	0.0	0.0	0.0
SRR11143475	2384.0	1809.0	2051.0	669.0	826.0	2010.0	0.0	917.0	139.0	101.0	32.0	381.0	3463.0	97.0	166.0	64.0	200.0	0.0	167.0	407.0	283.0	24.0	27.0	277.0	0.0	0.0	0.0	0.0	0.0	0.0	29.0	0.0	0.0	0.0	0.0	0.0	0.0	0.0	0.0	90.0	0.0	0.0	0.0	0.0	0.0	0.0	0.0	34.0	21.0	0.0	0.0	0.0	0.0	21.0	35.0	0.0	0.0	21.0	0.0	0.0	0.0	0.0	0.0	0.0	0.0	0.0	0.0	0.0	0.0	0.0	0.0	0.0	0.0	0.0	0.0	0.0	0.0	0.0	0.0	0.0	0.0	0.0
SRR11143477	1241.0	1705.0	1988.0	47.0	609.0	1961.0	0.0	526.0	243.0	223.0	318.0	206.0	3470.0	61.0	78.0	556.0	883.0	0.0	215.0	0.0	183.0	0.0	14.0	193.0	0.0	0.0	92.0	0.0	0.0	0.0	50.0	51.0	32.0	0.0	0.0	0.0	0.0	0.0	0.0	27.0	5.0	0.0	0.0	0.0	0.0	0.0	0.0	0.0	0.0	53.0	0.0	0.0	0.0	0.0	0.0	0.0	0.0	0.0	0.0	0.0	0.0	0.0	0.0	0.0	0.0	0.0	0.0	0.0	0.0	0.0	0.0	0.0	0.0	0.0	0.0	0.0	0.0	0.0	0.0	0.0	0.0	0.0
SRR11143480	1877.0	900.0	1393.0	59.0	444.0	1373.0	0.0	319.0	86.0	84.0	75.0	112.0	4210.0	0.0	14.0	425.0	461.0	0.0	100.0	0.0	161.0	0.0	0.0	42.0	0.0	0.0	51.0	0.0	0.0	0.0	22.0	0.0	0.0	0.0	0.0	0.0	0.0	0.0	0.0	0.0	0.0	0.0	0.0	0.0	5.0	0.0	0.0	0.0	0.0	0.0	0.0	0.0	0.0	0.0	0.0	0.0	0.0	0.0	0.0	0.0	0.0	0.0	0.0	0.0	0.0	0.0	0.0	0.0	0.0	0.0	0.0	0.0	0.0	0.0	0.0	0.0	0.0	0.0	0.0	0.0	0.0	0.0
SRR11143481	1340.0	527.0	3182.0	0.0	2073.0	2551.0	0.0	271.0	89.0	73.0	0.0	493.0	2690.0	0.0	22.0	295.0	122.0	0.0	59.0	0.0	426.0	0.0	0.0	123.0	0.0	17.0	36.0	0.0	0.0	0.0	0.0	0.0	0.0	0.0	0.0	0.0	0.0	0.0	0.0	6.0	0.0	0.0	0.0	0.0	113.0	0.0	0.0	0.0	0.0	0.0	0.0	0.0	0.0	0.0	0.0	0.0	0.0	0.0	0.0	81.0	0.0	0.0	0.0	0.0	0.0	0.0	0.0	0.0	0.0	0.0	0.0	0.0	0.0	0.0	0.0	0.0	0.0	0.0	0.0	0.0	0.0	0.0
SRR11143482	1099.0	2352.0	824.0	444.0	149.0	1899.0	0.0	459.0	35.0	31.0	0.0	290.0	1704.0	9.0	53.0	242.0	414.0	0.0	82.0	259.0	117.0	0.0	0.0	53.0	0.0	0.0	41.0	0.0	0.0	0.0	93.0	46.0	0.0	0.0	0.0	0.0	0.0	0.0	0.0	17.0	0.0	3.0	5.0	0.0	0.0	38.0	0.0	0.0	0.0	0.0	0.0	0.0	17.0	34.0	42.0	0.0	0.0	0.0	25.0	0.0	0.0	0.0	6.0	0.0	0.0	0.0	0.0	0.0	0.0	7.0	0.0	0.0	0.0	0.0	0.0	0.0	0.0	0.0	0.0	0.0	0.0	0.0
SRR11143483	3871.0	1714.0	1960.0	235.0	1977.0	3131.0	0.0	761.0	171.0	68.0	185.0	849.0	3466.0	164.0	70.0	890.0	1023.0	0.0	304.0	28.0	454.0	39.0	38.0	220.0	0.0	90.0	422.0	45.0	0.0	0.0	116.0	192.0	0.0	0.0	0.0	0.0	168.0	60.0	0.0	0.0	19.0	0.0	0.0	0.0	0.0	21.0	0.0	0.0	0.0	0.0	0.0	0.0	31.0	0.0	0.0	0.0	0.0	0.0	0.0	0.0	0.0	0.0	18.0	0.0	69.0	0.0	0.0	0.0	0.0	0.0	0.0	0.0	0.0	0.0	0.0	0.0	0.0	0.0	0.0	0.0	0.0	0.0
SRR11143484	2225.0	792.0	1744.0	215.0	1466.0	1951.0	0.0	390.0	263.0	133.0	84.0	297.0	1866.0	287.0	13.0	278.0	611.0	0.0	187.0	44.0	117.0	0.0	0.0	32.0	0.0	18.0	118.0	43.0	0.0	0.0	0.0	88.0	0.0	0.0	0.0	0.0	0.0	0.0	0.0	0.0	0.0	0.0	0.0	0.0	0.0	0.0	0.0	0.0	0.0	0.0	0.0	0.0	0.0	0.0	0.0	0.0	0.0	0.0	0.0	0.0	0.0	0.0	12.0	0.0	22.0	0.0	0.0	0.0	0.0	0.0	0.0	0.0	0.0	0.0	0.0	0.0	0.0	0.0	0.0	0.0	0.0	0.0
SRR11143486	3909.0	2495.0	2235.0	197.0	1592.0	3478.0	0.0	743.0	287.0	51.0	0.0	848.0	3245.0	568.0	47.0	1415.0	1150.0	0.0	236.0	0.0	323.0	37.0	14.0	263.0	0.0	103.0	191.0	0.0	0.0	19.0	166.0	277.0	42.0	0.0	0.0	41.0	261.0	0.0	0.0	0.0	0.0	0.0	0.0	0.0	9.0	67.0	0.0	7.0	0.0	0.0	0.0	0.0	0.0	0.0	0.0	0.0	0.0	0.0	0.0	0.0	0.0	0.0	0.0	0.0	0.0	0.0	0.0	0.0	0.0	0.0	0.0	0.0	0.0	0.0	0.0	0.0	0.0	0.0	0.0	0.0	0.0	0.0
SRR11143487	2752.0	1488.0	1851.0	87.0	1939.0	1881.0	0.0	521.0	389.0	100.0	155.0	274.0	2400.0	514.0	11.0	874.0	521.0	0.0	264.0	56.0	92.0	15.0	20.0	76.0	0.0	69.0	130.0	58.0	0.0	0.0	0.0	167.0	0.0	0.0	0.0	0.0	0.0	0.0	0.0	0.0	0.0	0.0	0.0	0.0	0.0	0.0	0.0	0.0	0.0	0.0	0.0	0.0	0.0	0.0	0.0	19.0	0.0	0.0	0.0	0.0	0.0	0.0	0.0	0.0	0.0	0.0	0.0	0.0	0.0	0.0	0.0	0.0	0.0	0.0	0.0	0.0	0.0	0.0	0.0	0.0	0.0	0.0
SRR11143488	4779.0	1232.0	3531.0	394.0	5116.0	4007.0	0.0	1164.0	693.0	59.0	367.0	2704.0	3504.0	1877.0	34.0	950.0	1473.0	0.0	663.0	101.0	1021.0	57.0	140.0	47.0	138.0	353.0	91.0	211.0	21.0	0.0	87.0	517.0	22.0	0.0	0.0	0.0	115.0	0.0	0.0	0.0	53.0	82.0	0.0	0.0	0.0	35.0	0.0	18.0	0.0	0.0	0.0	0.0	0.0	0.0	20.0	59.0	0.0	0.0	0.0	0.0	32.0	0.0	60.0	0.0	0.0	0.0	0.0	0.0	0.0	0.0	0.0	0.0	0.0	0.0	0.0	0.0	0.0	0.0	0.0	0.0	0.0	0.0
SRR11143489	1871.0	661.0	1527.0	113.0	988.0	1418.0	0.0	384.0	221.0	46.0	79.0	664.0	1432.0	185.0	0.0	239.0	728.0	0.0	190.0	0.0	63.0	30.0	32.0	105.0	0.0	28.0	78.0	48.0	0.0	0.0	19.0	62.0	0.0	0.0	0.0	0.0	0.0	0.0	0.0	42.0	15.0	0.0	0.0	0.0	0.0	0.0	0.0	0.0	0.0	0.0	0.0	0.0	0.0	0.0	0.0	15.0	0.0	0.0	0.0	0.0	0.0	0.0	0.0	0.0	0.0	0.0	0.0	0.0	0.0	0.0	0.0	0.0	0.0	0.0	0.0	0.0	0.0	0.0	0.0	0.0	0.0	0.0
SRR11143490	6219.0	1967.0	4176.0	870.0	4888.0	5194.0	25.0	1818.0	524.0	80.0	462.0	3967.0	4090.0	864.0	158.0	1888.0	1532.0	85.0	516.0	23.0	2192.0	69.0	413.0	589.0	134.0	178.0	340.0	213.0	34.0	14.0	199.0	798.0	35.0	0.0	0.0	151.0	479.0	50.0	0.0	141.0	106.0	74.0	0.0	0.0	129.0	0.0	0.0	27.0	0.0	25.0	8.0	0.0	0.0	0.0	0.0	91.0	0.0	18.0	38.0	0.0	51.0	0.0	23.0	54.0	0.0	0.0	0.0	0.0	0.0	0.0	0.0	0.0	0.0	0.0	0.0	0.0	0.0	0.0	0.0	0.0	0.0	0.0
SRR11143491	3990.0	910.0	1588.0	264.0	1188.0	1942.0	0.0	444.0	124.0	194.0	0.0	687.0	2247.0	416.0	0.0	1288.0	775.0	0.0	312.0	49.0	66.0	0.0	49.0	232.0	0.0	222.0	152.0	55.0	0.0	22.0	122.0	291.0	0.0	0.0	10.0	0.0	181.0	0.0	0.0	0.0	0.0	0.0	0.0	0.0	0.0	28.0	0.0	0.0	0.0	0.0	0.0	0.0	0.0	0.0	54.0	62.0	0.0	0.0	0.0	0.0	0.0	0.0	0.0	0.0	0.0	0.0	0.0	0.0	0.0	0.0	33.0	0.0	0.0	0.0	0.0	0.0	0.0	0.0	0.0	0.0	0.0	0.0
SRR11143492	2268.0	448.0	1447.0	122.0	1288.0	2659.0	0.0	202.0	280.0	135.0	190.0	646.0	2022.0	326.0	0.0	625.0	592.0	0.0	214.0	0.0	170.0	0.0	10.0	67.0	26.0	80.0	115.0	0.0	0.0	0.0	22.0	115.0	0.0	0.0	0.0	0.0	16.0	0.0	11.0	0.0	18.0	5.0	0.0	11.0	0.0	0.0	0.0	0.0	0.0	0.0	0.0	0.0	0.0	0.0	0.0	0.0	0.0	0.0	0.0	0.0	0.0	0.0	0.0	0.0	0.0	0.0	0.0	0.0	0.0	0.0	0.0	0.0	0.0	0.0	29.0	0.0	0.0	0.0	0.0	0.0	0.0	0.0
SRR11143493	1446.0	1115.0	1854.0	76.0	996.0	1145.0	0.0	316.0	0.0	66.0	146.0	139.0	1760.0	95.0	0.0	618.0	407.0	0.0	351.0	0.0	93.0	0.0	13.0	116.0	0.0	0.0	98.0	0.0	0.0	13.0	0.0	111.0	0.0	0.0	0.0	0.0	56.0	0.0	0.0	31.0	0.0	0.0	0.0	0.0	0.0	0.0	0.0	0.0	0.0	0.0	0.0	0.0	0.0	0.0	0.0	0.0	0.0	0.0	0.0	0.0	0.0	0.0	0.0	0.0	0.0	0.0	0.0	0.0	0.0	0.0	0.0	0.0	0.0	0.0	0.0	0.0	0.0	0.0	0.0	0.0	0.0	0.0
SRR11143494	4282.0	2085.0	2167.0	179.0	1638.0	3539.0	0.0	610.0	510.0	69.0	181.0	763.0	4250.0	318.0	33.0	1356.0	865.0	0.0	342.0	114.0	312.0	43.0	52.0	153.0	0.0	0.0	351.0	19.0	0.0	16.0	78.0	391.0	0.0	0.0	0.0	0.0	316.0	0.0	0.0	55.0	0.0	0.0	0.0	0.0	0.0	41.0	0.0	0.0	0.0	0.0	0.0	0.0	0.0	0.0	0.0	0.0	28.0	0.0	0.0	0.0	0.0	0.0	0.0	0.0	0.0	0.0	0.0	0.0	0.0	0.0	0.0	0.0	0.0	0.0	0.0	0.0	0.0	0.0	0.0	0.0	0.0	0.0
SRR11143495	3103.0	1824.0	1548.0	77.0	1417.0	2773.0	0.0	610.0	193.0	58.0	175.0	238.0	3626.0	83.0	80.0	1123.0	954.0	0.0	293.0	0.0	98.0	38.0	17.0	132.0	0.0	0.0	364.0	0.0	0.0	0.0	117.0	319.0	14.0	0.0	0.0	33.0	0.0	0.0	0.0	0.0	0.0	0.0	0.0	0.0	0.0	0.0	0.0	0.0	0.0	0.0	0.0	0.0	0.0	0.0	14.0	0.0	0.0	0.0	0.0	0.0	0.0	0.0	0.0	0.0	0.0	0.0	0.0	0.0	0.0	0.0	0.0	0.0	0.0	0.0	0.0	0.0	0.0	0.0	0.0	0.0	0.0	0.0
SRR11143497	4457.0	2160.0	2573.0	234.0	2219.0	4391.0	0.0	825.0	371.0	36.0	169.0	577.0	3873.0	140.0	27.0	786.0	744.0	0.0	388.0	130.0	216.0	66.0	32.0	168.0	66.0	0.0	450.0	29.0	0.0	0.0	89.0	199.0	0.0	0.0	0.0	0.0	0.0	23.0	0.0	0.0	0.0	0.0	0.0	0.0	0.0	0.0	0.0	26.0	0.0	0.0	0.0	0.0	28.0	0.0	0.0	19.0	7.0	0.0	0.0	0.0	0.0	0.0	0.0	0.0	0.0	0.0	0.0	0.0	0.0	0.0	0.0	0.0	0.0	0.0	0.0	0.0	0.0	0.0	0.0	0.0	0.0	0.0
SRR11143498	2953.0	1293.0	1144.0	52.0	896.0	2147.0	0.0	190.0	303.0	47.0	81.0	461.0	3884.0	184.0	30.0	581.0	559.0	0.0	196.0	0.0	0.0	0.0	36.0	154.0	0.0	0.0	147.0	0.0	0.0	0.0	51.0	64.0	0.0	0.0	0.0	0.0	106.0	0.0	0.0	0.0	0.0	0.0	0.0	0.0	0.0	0.0	0.0	0.0	0.0	0.0	0.0	0.0	0.0	0.0	0.0	0.0	0.0	5.0	0.0	0.0	0.0	0.0	0.0	0.0	27.0	0.0	0.0	0.0	0.0	0.0	0.0	0.0	0.0	0.0	0.0	0.0	0.0	0.0	0.0	0.0	0.0	0.0
SRR11143499	2990.0	1178.0	946.0	45.0	879.0	2067.0	0.0	286.0	100.0	68.0	119.0	279.0	1780.0	0.0	0.0	664.0	811.0	0.0	310.0	0.0	166.0	25.0	41.0	0.0	61.0	11.0	0.0	17.0	0.0	35.0	0.0	140.0	0.0	0.0	0.0	203.0	60.0	0.0	0.0	0.0	0.0	0.0	0.0	0.0	0.0	20.0	0.0	0.0	0.0	0.0	0.0	0.0	0.0	0.0	0.0	0.0	0.0	0.0	0.0	0.0	0.0	0.0	27.0	0.0	18.0	0.0	0.0	0.0	0.0	0.0	0.0	0.0	0.0	0.0	0.0	0.0	0.0	0.0	0.0	0.0	0.0	0.0
SRR11143500	1610.0	1164.0	1320.0	0.0	284.0	1503.0	0.0	230.0	110.0	159.0	0.0	39.0	3321.0	106.0	31.0	213.0	839.0	0.0	137.0	0.0	0.0	0.0	0.0	29.0	0.0	0.0	175.0	0.0	0.0	0.0	0.0	48.0	0.0	0.0	0.0	0.0	0.0	0.0	0.0	0.0	0.0	0.0	0.0	0.0	0.0	0.0	0.0	0.0	0.0	0.0	0.0	0.0	0.0	0.0	0.0	0.0	0.0	0.0	0.0	0.0	0.0	0.0	0.0	0.0	0.0	0.0	0.0	0.0	0.0	0.0	0.0	0.0	0.0	0.0	0.0	0.0	0.0	0.0	0.0	0.0	0.0	0.0
SRR11143512	2160.0	999.0	2069.0	225.0	985.0	2474.0	0.0	597.0	201.0	50.0	0.0	781.0	1197.0	57.0	57.0	188.0	377.0	0.0	38.0	0.0	309.0	0.0	0.0	78.0	0.0	0.0	21.0	0.0	0.0	0.0	0.0	0.0	0.0	0.0	0.0	0.0	0.0	0.0	0.0	15.0	0.0	0.0	0.0	0.0	0.0	24.0	0.0	0.0	0.0	24.0	0.0	0.0	0.0	0.0	0.0	0.0	0.0	15.0	0.0	16.0	0.0	0.0	0.0	0.0	0.0	0.0	0.0	0.0	0.0	0.0	0.0	0.0	0.0	0.0	0.0	0.0	0.0	0.0	0.0	0.0	0.0	0.0
SRR11143513	1050.0	1093.0	1716.0	311.0	585.0	1794.0	0.0	491.0	88.0	0.0	53.0	290.0	2068.0	97.0	11.0	216.0	102.0	0.0	9.0	125.0	434.0	0.0	0.0	45.0	0.0	0.0	107.0	0.0	0.0	0.0	0.0	0.0	0.0	0.0	0.0	0.0	0.0	0.0	0.0	0.0	0.0	0.0	0.0	0.0	0.0	0.0	0.0	0.0	0.0	0.0	0.0	0.0	0.0	0.0	20.0	0.0	0.0	0.0	0.0	0.0	0.0	0.0	0.0	0.0	10.0	0.0	0.0	0.0	0.0	0.0	0.0	0.0	0.0	0.0	0.0	0.0	0.0	0.0	0.0	0.0	0.0	0.0
SRR11143514	1949.0	3165.0	2087.0	1062.0	1159.0	3922.0	0.0	1836.0	456.0	39.0	190.0	425.0	4784.0	578.0	437.0	455.0	428.0	0.0	61.0	428.0	1013.0	37.0	0.0	502.0	0.0	0.0	292.0	20.0	0.0	0.0	80.0	29.0	46.0	0.0	0.0	0.0	0.0	6.0	0.0	86.0	24.0	0.0	0.0	0.0	0.0	0.0	0.0	36.0	0.0	0.0	0.0	0.0	0.0	11.0	95.0	0.0	0.0	0.0	0.0	0.0	0.0	27.0	18.0	0.0	51.0	0.0	0.0	0.0	0.0	0.0	0.0	0.0	0.0	0.0	0.0	0.0	0.0	0.0	0.0	0.0	0.0	0.0
SRR11143515	1581.0	1636.0	1199.0	424.0	516.0	2422.0	0.0	652.0	66.0	178.0	154.0	360.0	4212.0	98.0	137.0	3227.0	284.0	0.0	12.0	121.0	432.0	0.0	0.0	74.0	0.0	0.0	68.0	0.0	0.0	0.0	28.0	0.0	13.0	0.0	0.0	0.0	2.0	0.0	0.0	0.0	11.0	0.0	0.0	0.0	0.0	4.0	0.0	0.0	0.0	0.0	0.0	0.0	0.0	0.0	43.0	0.0	0.0	0.0	0.0	0.0	0.0	11.0	0.0	0.0	0.0	0.0	0.0	0.0	0.0	0.0	0.0	0.0	0.0	0.0	0.0	0.0	0.0	0.0	0.0	0.0	0.0	0.0
SRR11143516	1107.0	2001.0	1626.0	809.0	435.0	2706.0	0.0	1053.0	259.0	176.0	359.0	265.0	3684.0	90.0	151.0	96.0	213.0	0.0	0.0	328.0	592.0	20.0	21.0	186.0	0.0	0.0	105.0	0.0	0.0	0.0	45.0	31.0	17.0	0.0	0.0	0.0	0.0	0.0	0.0	24.0	0.0	0.0	17.0	0.0	0.0	0.0	0.0	0.0	0.0	0.0	0.0	0.0	0.0	18.0	71.0	0.0	0.0	4.0	22.0	0.0	0.0	0.0	0.0	0.0	28.0	0.0	0.0	0.0	0.0	0.0	0.0	0.0	0.0	0.0	0.0	0.0	0.0	0.0	0.0	0.0	0.0	0.0
SRR11143519	1879.0	778.0	1643.0	602.0	262.0	1851.0	0.0	704.0	119.0	41.0	143.0	380.0	1661.0	82.0	58.0	268.0	219.0	0.0	101.0	122.0	192.0	0.0	0.0	31.0	0.0	2.0	0.0	0.0	0.0	0.0	0.0	31.0	0.0	0.0	0.0	19.0	0.0	0.0	0.0	0.0	13.0	0.0	34.0	0.0	0.0	0.0	0.0	0.0	0.0	0.0	0.0	0.0	0.0	22.0	0.0	0.0	0.0	0.0	0.0	0.0	0.0	0.0	0.0	0.0	0.0	0.0	0.0	0.0	0.0	0.0	0.0	0.0	0.0	0.0	0.0	0.0	0.0	0.0	0.0	0.0	0.0	0.0
SRR11143520	2824.0	3034.0	2818.0	908.0	1859.0	4217.0	0.0	1371.0	275.0	136.0	233.0	606.0	4394.0	278.0	279.0	239.0	410.0	0.0	199.0	315.0	653.0	0.0	33.0	204.0	0.0	0.0	214.0	8.0	0.0	0.0	140.0	0.0	30.0	0.0	0.0	18.0	43.0	23.0	0.0	0.0	0.0	0.0	0.0	0.0	0.0	0.0	0.0	0.0	0.0	0.0	0.0	0.0	83.0	28.0	75.0	7.0	0.0	0.0	0.0	0.0	0.0	21.0	24.0	0.0	0.0	0.0	0.0	0.0	0.0	0.0	0.0	0.0	0.0	0.0	0.0	0.0	0.0	0.0	0.0	0.0	0.0	0.0
SRR11143521	4842.0	2236.0	4297.0	836.0	1065.0	4783.0	0.0	1630.0	322.0	126.0	338.0	1698.0	3138.0	424.0	307.0	335.0	731.0	43.0	290.0	255.0	510.0	69.0	20.0	212.0	0.0	0.0	421.0	0.0	0.0	0.0	118.0	15.0	70.0	0.0	0.0	0.0	0.0	21.0	0.0	67.0	70.0	0.0	74.0	0.0	14.0	193.0	0.0	0.0	0.0	41.0	14.0	28.0	0.0	0.0	16.0	0.0	0.0	0.0	0.0	10.0	0.0	0.0	11.0	0.0	0.0	0.0	0.0	0.0	0.0	17.0	0.0	0.0	0.0	0.0	0.0	0.0	0.0	0.0	0.0	0.0	0.0	0.0
SRR11143522	2452.0	2492.0	1817.0	314.0	708.0	3196.0	0.0	919.0	125.0	125.0	85.0	102.0	4736.0	3.0	20.0	413.0	451.0	0.0	170.0	21.0	210.0	11.0	5.0	60.0	0.0	0.0	113.0	0.0	0.0	0.0	42.0	49.0	43.0	0.0	0.0	0.0	0.0	0.0	0.0	0.0	0.0	0.0	0.0	0.0	50.0	0.0	0.0	0.0	0.0	11.0	0.0	0.0	0.0	0.0	0.0	0.0	0.0	0.0	0.0	0.0	0.0	0.0	0.0	0.0	0.0	0.0	0.0	0.0	0.0	0.0	0.0	0.0	0.0	0.0	0.0	0.0	0.0	0.0	0.0	0.0	0.0	0.0
SRR11143523	4059.0	1819.0	2377.0	1097.0	950.0	3635.0	0.0	1150.0	312.0	187.0	224.0	1261.0	1837.0	175.0	224.0	408.0	598.0	0.0	322.0	115.0	354.0	0.0	0.0	126.0	0.0	0.0	333.0	7.0	0.0	0.0	147.0	16.0	23.0	0.0	0.0	0.0	0.0	49.0	0.0	20.0	0.0	0.0	0.0	0.0	9.0	54.0	0.0	0.0	0.0	33.0	0.0	65.0	34.0	0.0	0.0	0.0	0.0	0.0	0.0	0.0	0.0	0.0	0.0	0.0	34.0	0.0	0.0	0.0	0.0	12.0	0.0	0.0	0.0	0.0	0.0	0.0	0.0	0.0	9.0	0.0	0.0	0.0
SRR11143524	2016.0	545.0	2800.0	359.0	1298.0	2684.0	0.0	589.0	123.0	43.0	85.0	743.0	943.0	0.0	10.0	526.0	283.0	0.0	225.0	0.0	269.0	10.0	8.0	46.0	0.0	0.0	43.0	0.0	0.0	0.0	8.0	19.0	18.0	0.0	0.0	12.0	0.0	0.0	0.0	0.0	0.0	0.0	0.0	0.0	9.0	0.0	0.0	0.0	0.0	0.0	0.0	0.0	0.0	0.0	0.0	0.0	0.0	0.0	0.0	0.0	0.0	0.0	0.0	13.0	0.0	0.0	0.0	0.0	0.0	0.0	0.0	0.0	0.0	0.0	0.0	0.0	0.0	0.0	0.0	0.0	0.0	0.0
SRR11143525	4060.0	1342.0	3453.0	605.0	1124.0	4437.0	0.0	782.0	567.0	96.0	229.0	1204.0	1645.0	26.0	285.0	295.0	449.0	0.0	235.0	0.0	910.0	0.0	8.0	248.0	0.0	0.0	297.0	0.0	0.0	0.0	128.0	0.0	0.0	0.0	0.0	9.0	0.0	117.0	0.0	46.0	0.0	11.0	0.0	0.0	15.0	48.0	0.0	0.0	0.0	68.0	0.0	0.0	0.0	0.0	0.0	0.0	0.0	0.0	29.0	39.0	0.0	0.0	0.0	0.0	0.0	5.0	0.0	0.0	0.0	0.0	0.0	0.0	0.0	0.0	0.0	0.0	0.0	0.0	0.0	0.0	0.0	0.0
SRR11143526	4373.0	1987.0	2965.0	799.0	808.0	4649.0	0.0	860.0	419.0	78.0	234.0	830.0	2452.0	45.0	196.0	607.0	821.0	0.0	257.0	84.0	646.0	18.0	0.0	94.0	0.0	0.0	471.0	0.0	0.0	0.0	104.0	68.0	32.0	0.0	0.0	40.0	64.0	31.0	0.0	0.0	0.0	18.0	4.0	0.0	12.0	106.0	0.0	0.0	0.0	109.0	0.0	0.0	47.0	0.0	20.0	0.0	0.0	11.0	0.0	0.0	0.0	0.0	0.0	0.0	0.0	0.0	0.0	0.0	0.0	0.0	0.0	0.0	0.0	0.0	0.0	0.0	0.0	0.0	0.0	0.0	0.0	0.0
SRR11143527	4467.0	3138.0	2966.0	713.0	1509.0	4772.0	0.0	1863.0	668.0	149.0	151.0	1163.0	3482.0	443.0	286.0	187.0	1120.0	0.0	142.0	277.0	1333.0	34.0	131.0	152.0	0.0	13.0	330.0	56.0	11.0	0.0	187.0	10.0	52.0	0.0	0.0	0.0	4.0	34.0	0.0	58.0	38.0	0.0	0.0	0.0	15.0	87.0	0.0	0.0	0.0	28.0	6.0	17.0	27.0	19.0	35.0	0.0	0.0	7.0	27.0	18.0	0.0	0.0	20.0	0.0	23.0	0.0	0.0	0.0	0.0	25.0	0.0	0.0	18.0	0.0	0.0	0.0	0.0	0.0	0.0	0.0	0.0	0.0
SRR11143533	1569.0	1678.0	1022.0	121.0	297.0	1646.0	0.0	456.0	155.0	77.0	0.0	524.0	1216.0	63.0	83.0	244.0	257.0	0.0	106.0	88.0	204.0	23.0	0.0	61.0	0.0	0.0	148.0	0.0	0.0	0.0	0.0	42.0	0.0	0.0	0.0	0.0	0.0	0.0	0.0	0.0	0.0	0.0	0.0	0.0	0.0	20.0	0.0	0.0	0.0	27.0	0.0	0.0	24.0	0.0	17.0	0.0	0.0	77.0	22.0	0.0	0.0	0.0	0.0	0.0	0.0	0.0	0.0	0.0	0.0	0.0	0.0	0.0	0.0	0.0	0.0	0.0	0.0	0.0	0.0	0.0	0.0	0.0
SRR11143536	1926.0	1290.0	997.0	540.0	555.0	2348.0	0.0	751.0	28.0	177.0	201.0	202.0	2427.0	207.0	54.0	538.0	285.0	13.0	251.0	124.0	333.0	22.0	0.0	92.0	0.0	0.0	174.0	16.0	9.0	0.0	86.0	18.0	23.0	0.0	0.0	0.0	26.0	0.0	0.0	0.0	0.0	0.0	24.0	0.0	21.0	0.0	0.0	0.0	0.0	0.0	0.0	0.0	0.0	0.0	34.0	0.0	0.0	13.0	0.0	0.0	0.0	0.0	0.0	0.0	25.0	0.0	0.0	0.0	0.0	0.0	0.0	0.0	0.0	0.0	0.0	0.0	0.0	0.0	0.0	0.0	0.0	0.0
SRR11143537	4696.0	3626.0	2331.0	1513.0	856.0	5121.0	27.0	2536.0	808.0	29.0	346.0	847.0	3923.0	584.0	242.0	425.0	764.0	46.0	447.0	128.0	1170.0	54.0	60.0	253.0	50.0	26.0	300.0	54.0	120.0	0.0	177.0	0.0	42.0	24.0	0.0	0.0	8.0	46.0	0.0	238.0	90.0	16.0	0.0	0.0	64.0	0.0	0.0	14.0	0.0	0.0	0.0	0.0	48.0	0.0	73.0	9.0	0.0	0.0	0.0	0.0	12.0	0.0	0.0	0.0	0.0	0.0	0.0	0.0	0.0	6.0	0.0	0.0	0.0	0.0	0.0	0.0	0.0	0.0	0.0	0.0	0.0	0.0
SRR11143538	3099.0	1419.0	1949.0	745.0	676.0	2593.0	0.0	1213.0	219.0	41.0	243.0	269.0	1921.0	174.0	45.0	476.0	327.0	0.0	513.0	0.0	461.0	28.0	0.0	187.0	24.0	0.0	226.0	22.0	8.0	0.0	112.0	22.0	24.0	0.0	0.0	0.0	30.0	15.0	0.0	44.0	0.0	6.0	0.0	0.0	36.0	0.0	0.0	0.0	0.0	0.0	0.0	0.0	0.0	0.0	31.0	0.0	0.0	0.0	0.0	0.0	0.0	0.0	0.0	24.0	0.0	0.0	0.0	0.0	0.0	0.0	0.0	0.0	7.0	0.0	0.0	0.0	0.0	0.0	0.0	0.0	0.0	0.0
SRR11143556	288.0	0.0	913.0	364.0	3136.0	1499.0	0.0	229.0	0.0	75.0	65.0	543.0	276.0	636.0	33.0	470.0	43.0	0.0	576.0	0.0	215.0	0.0	171.0	0.0	90.0	65.0	174.0	0.0	0.0	0.0	0.0	143.0	0.0	0.0	0.0	0.0	13.0	0.0	0.0	0.0	0.0	0.0	0.0	0.0	0.0	0.0	0.0	0.0	0.0	0.0	0.0	0.0	0.0	0.0	0.0	0.0	0.0	0.0	0.0	0.0	0.0	0.0	0.0	0.0	0.0	0.0	0.0	0.0	0.0	0.0	0.0	0.0	0.0	56.0	0.0	0.0	0.0	0.0	0.0	0.0	0.0	0.0
SRR11143567	3016.0	2654.0	1838.0	747.0	708.0	3818.0	0.0	1587.0	349.0	56.0	550.0	315.0	3391.0	386.0	192.0	701.0	505.0	34.0	473.0	318.0	910.0	0.0	0.0	242.0	81.0	6.0	346.0	22.0	23.0	0.0	85.0	0.0	22.0	0.0	0.0	0.0	26.0	0.0	0.0	0.0	0.0	28.0	0.0	0.0	22.0	0.0	0.0	0.0	0.0	0.0	0.0	0.0	0.0	0.0	32.0	0.0	0.0	7.0	0.0	0.0	0.0	0.0	0.0	0.0	0.0	0.0	0.0	0.0	0.0	0.0	0.0	0.0	11.0	0.0	0.0	0.0	0.0	0.0	0.0	0.0	0.0	0.0
SRR11143569	2151.0	1522.0	1607.0	623.0	489.0	2721.0	0.0	1422.0	224.0	155.0	319.0	303.0	1853.0	169.0	129.0	456.0	218.0	0.0	295.0	173.0	509.0	0.0	0.0	201.0	0.0	0.0	108.0	18.0	16.0	0.0	61.0	19.0	0.0	0.0	0.0	0.0	27.0	0.0	0.0	0.0	0.0	12.0	0.0	0.0	12.0	16.0	0.0	0.0	0.0	0.0	0.0	0.0	0.0	0.0	36.0	0.0	0.0	2.0	0.0	6.0	0.0	0.0	0.0	0.0	0.0	0.0	0.0	0.0	0.0	0.0	0.0	0.0	0.0	0.0	0.0	0.0	0.0	0.0	0.0	0.0	0.0	0.0
SRR11143570	4414.0	2941.0	2698.0	1601.0	1247.0	5981.0	0.0	3148.0	1434.0	58.0	352.0	488.0	4509.0	446.0	406.0	571.0	753.0	43.0	760.0	280.0	1401.0	64.0	75.0	452.0	26.0	0.0	513.0	58.0	16.0	0.0	224.0	148.0	76.0	0.0	0.0	0.0	9.0	86.0	0.0	128.0	50.0	57.0	0.0	0.0	62.0	0.0	7.0	91.0	33.0	0.0	0.0	0.0	0.0	0.0	54.0	74.0	0.0	0.0	0.0	0.0	20.0	0.0	0.0	43.0	0.0	0.0	0.0	0.0	0.0	0.0	0.0	0.0	11.0	0.0	0.0	0.0	4.0	0.0	0.0	0.0	0.0	0.0
SRR11143571	3212.0	2916.0	3427.0	812.0	2073.0	4277.0	23.0	1626.0	298.0	142.0	306.0	648.0	3986.0	694.0	161.0	672.0	661.0	29.0	373.0	253.0	908.0	39.0	65.0	247.0	23.0	0.0	88.0	27.0	44.0	0.0	174.0	33.0	30.0	0.0	0.0	17.0	0.0	0.0	0.0	15.0	35.0	0.0	0.0	0.0	78.0	0.0	0.0	0.0	0.0	0.0	0.0	0.0	0.0	0.0	48.0	0.0	0.0	0.0	0.0	24.0	0.0	0.0	0.0	32.0	0.0	0.0	0.0	0.0	0.0	0.0	0.0	0.0	0.0	0.0	0.0	0.0	0.0	0.0	0.0	0.0	0.0	0.0
SRR11143572	1744.0	1872.0	2366.0	503.0	632.0	2899.0	217.0	2105.0	762.0	208.0	311.0	406.0	3438.0	613.0	102.0	250.0	752.0	292.0	182.0	0.0	373.0	10.0	0.0	208.0	0.0	27.0	163.0	14.0	0.0	31.0	146.0	45.0	23.0	0.0	0.0	0.0	39.0	22.0	0.0	45.0	5.0	0.0	0.0	0.0	199.0	15.0	15.0	42.0	0.0	39.0	46.0	0.0	0.0	0.0	19.0	34.0	0.0	0.0	0.0	0.0	0.0	0.0	25.0	47.0	0.0	0.0	18.0	0.0	0.0	0.0	0.0	0.0	0.0	0.0	0.0	0.0	0.0	0.0	0.0	0.0	26.0	0.0
SRR11143574	1954.0	3393.0	2026.0	658.0	595.0	3011.0	0.0	1414.0	258.0	188.0	240.0	153.0	4660.0	492.0	404.0	475.0	406.0	19.0	46.0	276.0	707.0	0.0	143.0	526.0	0.0	0.0	134.0	14.0	5.0	0.0	76.0	34.0	28.0	0.0	0.0	0.0	125.0	25.0	0.0	4.0	0.0	0.0	0.0	0.0	70.0	0.0	0.0	0.0	8.0	0.0	0.0	0.0	34.0	0.0	45.0	8.0	0.0	0.0	0.0	0.0	0.0	0.0	0.0	0.0	0.0	0.0	0.0	0.0	13.0	0.0	0.0	2.0	0.0	0.0	0.0	0.0	0.0	0.0	0.0	0.0	0.0	0.0
SRR11143576	1295.0	931.0	2369.0	112.0	1805.0	1686.0	0.0	446.0	15.0	127.0	75.0	480.0	1971.0	103.0	54.0	89.0	368.0	7.0	171.0	149.0	421.0	0.0	0.0	91.0	22.0	0.0	0.0	0.0	0.0	0.0	14.0	20.0	0.0	0.0	0.0	0.0	0.0	0.0	0.0	169.0	0.0	0.0	0.0	0.0	0.0	0.0	0.0	0.0	0.0	0.0	0.0	0.0	0.0	0.0	0.0	0.0	0.0	0.0	0.0	156.0	0.0	0.0	0.0	0.0	13.0	0.0	0.0	0.0	0.0	0.0	0.0	0.0	0.0	0.0	0.0	0.0	0.0	0.0	0.0	0.0	0.0	0.0
SRR11143577	1987.0	1147.0	2081.0	643.0	1289.0	2482.0	0.0	843.0	430.0	33.0	92.0	717.0	2064.0	859.0	80.0	341.0	375.0	22.0	372.0	212.0	439.0	0.0	29.0	283.0	35.0	23.0	0.0	39.0	10.0	4.0	47.0	0.0	0.0	0.0	0.0	0.0	0.0	39.0	0.0	26.0	27.0	0.0	0.0	0.0	63.0	0.0	0.0	0.0	0.0	0.0	0.0	0.0	0.0	0.0	18.0	0.0	0.0	45.0	0.0	19.0	0.0	0.0	3.0	19.0	0.0	0.0	0.0	0.0	0.0	0.0	0.0	0.0	0.0	0.0	0.0	0.0	0.0	0.0	0.0	0.0	0.0	0.0
SRR11143578	1663.0	2652.0	1569.0	221.0	914.0	2231.0	0.0	686.0	141.0	79.0	118.0	427.0	2472.0	70.0	57.0	230.0	481.0	0.0	131.0	111.0	401.0	0.0	8.0	205.0	0.0	0.0	57.0	0.0	28.0	0.0	57.0	33.0	24.0	0.0	0.0	0.0	0.0	0.0	0.0	0.0	14.0	0.0	0.0	0.0	0.0	0.0	0.0	0.0	0.0	0.0	0.0	0.0	26.0	0.0	27.0	0.0	0.0	0.0	0.0	0.0	0.0	0.0	0.0	0.0	0.0	0.0	0.0	0.0	0.0	0.0	0.0	0.0	0.0	0.0	0.0	0.0	0.0	0.0	0.0	0.0	0.0	0.0
SRR11143583	1640.0	2618.0	1853.0	196.0	570.0	2185.0	0.0	774.0	82.0	187.0	298.0	116.0	2885.0	289.0	17.0	307.0	630.0	0.0	215.0	131.0	92.0	13.0	24.0	239.0	38.0	0.0	141.0	0.0	11.0	0.0	0.0	23.0	15.0	0.0	0.0	0.0	46.0	0.0	0.0	16.0	0.0	0.0	0.0	0.0	13.0	0.0	0.0	8.0	0.0	0.0	0.0	0.0	0.0	0.0	23.0	0.0	0.0	0.0	0.0	0.0	0.0	0.0	0.0	0.0	0.0	0.0	0.0	0.0	0.0	0.0	0.0	0.0	0.0	0.0	0.0	0.0	0.0	0.0	0.0	0.0	0.0	0.0
SRR11143584	1383.0	1848.0	2553.0	323.0	941.0	1952.0	0.0	705.0	15.0	67.0	207.0	151.0	3268.0	176.0	153.0	255.0	252.0	0.0	173.0	169.0	264.0	17.0	0.0	155.0	0.0	0.0	128.0	0.0	2.0	0.0	43.0	0.0	0.0	0.0	0.0	0.0	0.0	0.0	0.0	0.0	0.0	0.0	0.0	0.0	0.0	0.0	0.0	10.0	0.0	0.0	0.0	0.0	0.0	0.0	23.0	0.0	0.0	0.0	0.0	0.0	0.0	0.0	0.0	0.0	0.0	0.0	0.0	0.0	0.0	0.0	0.0	0.0	0.0	0.0	0.0	0.0	0.0	0.0	0.0	0.0	0.0	0.0
SRR11143585	2044.0	2475.0	2192.0	619.0	1028.0	2869.0	0.0	1382.0	77.0	28.0	218.0	371.0	3213.0	290.0	154.0	489.0	571.0	0.0	636.0	145.0	528.0	36.0	30.0	227.0	0.0	0.0	191.0	25.0	4.0	0.0	78.0	38.0	0.0	0.0	0.0	0.0	0.0	74.0	0.0	57.0	21.0	0.0	0.0	0.0	82.0	0.0	0.0	70.0	0.0	0.0	0.0	0.0	0.0	0.0	28.0	9.0	0.0	30.0	0.0	0.0	26.0	0.0	0.0	0.0	0.0	0.0	0.0	0.0	0.0	0.0	0.0	0.0	0.0	0.0	0.0	0.0	0.0	0.0	0.0	0.0	0.0	0.0
SRR11143586	548.0	587.0	2036.0	77.0	1966.0	2165.0	0.0	292.0	38.0	102.0	0.0	399.0	1215.0	31.0	0.0	374.0	207.0	0.0	44.0	0.0	266.0	0.0	0.0	83.0	9.0	63.0	0.0	0.0	6.0	0.0	20.0	0.0	0.0	0.0	0.0	0.0	49.0	0.0	0.0	0.0	0.0	0.0	0.0	0.0	17.0	0.0	0.0	0.0	0.0	0.0	0.0	0.0	0.0	0.0	0.0	0.0	0.0	3.0	0.0	77.0	0.0	0.0	0.0	31.0	0.0	0.0	0.0	0.0	0.0	0.0	0.0	0.0	0.0	0.0	0.0	0.0	0.0	0.0	0.0	0.0	0.0	0.0
SRR11143587	1447.0	1729.0	1263.0	559.0	687.0	2744.0	23.0	1149.0	383.0	162.0	239.0	186.0	2019.0	318.0	0.0	549.0	391.0	0.0	389.0	180.0	339.0	29.0	40.0	271.0	0.0	0.0	135.0	20.0	0.0	32.0	76.0	12.0	35.0	0.0	2.0	30.0	49.0	40.0	0.0	0.0	0.0	10.0	31.0	0.0	12.0	0.0	0.0	0.0	0.0	0.0	0.0	0.0	0.0	0.0	37.0	0.0	0.0	11.0	0.0	0.0	0.0	0.0	0.0	0.0	0.0	0.0	0.0	0.0	0.0	0.0	0.0	0.0	0.0	0.0	0.0	0.0	0.0	0.0	0.0	0.0	0.0	0.0
SRR11143589	1802.0	1893.0	1019.0	807.0	411.0	2542.0	0.0	1092.0	184.0	114.0	84.0	465.0	2685.0	73.0	40.0	591.0	281.0	0.0	388.0	354.0	191.0	29.0	39.0	168.0	0.0	11.0	229.0	31.0	0.0	0.0	16.0	98.0	43.0	0.0	0.0	29.0	3.0	0.0	0.0	59.0	0.0	8.0	18.0	0.0	0.0	0.0	0.0	5.0	0.0	0.0	0.0	0.0	35.0	0.0	52.0	11.0	0.0	0.0	0.0	0.0	0.0	35.0	0.0	0.0	0.0	0.0	0.0	0.0	0.0	0.0	0.0	0.0	2.0	0.0	0.0	0.0	11.0	0.0	0.0	0.0	0.0	0.0
SRR11143591	2159.0	456.0	4038.0	726.0	1274.0	2950.0	22.0	869.0	336.0	182.0	223.0	433.0	1548.0	275.0	15.0	503.0	225.0	3.0	543.0	0.0	661.0	0.0	8.0	298.0	0.0	0.0	200.0	11.0	17.0	9.0	66.0	38.0	0.0	0.0	0.0	0.0	61.0	53.0	0.0	20.0	0.0	50.0	18.0	0.0	0.0	0.0	0.0	31.0	0.0	0.0	0.0	0.0	0.0	0.0	0.0	0.0	6.0	5.0	0.0	44.0	0.0	0.0	0.0	17.0	0.0	0.0	0.0	0.0	0.0	0.0	0.0	0.0	0.0	0.0	0.0	0.0	0.0	0.0	0.0	0.0	0.0	0.0
SRR11143592	1739.0	734.0	1725.0	668.0	841.0	2884.0	26.0	1255.0	164.0	117.0	193.0	277.0	1004.0	148.0	0.0	408.0	149.0	12.0	353.0	147.0	435.0	0.0	0.0	58.0	0.0	0.0	179.0	33.0	0.0	0.0	0.0	0.0	16.0	0.0	0.0	0.0	15.0	42.0	0.0	53.0	0.0	7.0	0.0	0.0	15.0	0.0	0.0	50.0	0.0	0.0	0.0	0.0	0.0	0.0	27.0	0.0	0.0	0.0	0.0	0.0	0.0	0.0	0.0	0.0	0.0	0.0	0.0	0.0	0.0	0.0	0.0	0.0	0.0	0.0	0.0	0.0	0.0	0.0	0.0	0.0	0.0	0.0
SRR11143593	1316.0	1918.0	1865.0	717.0	840.0	3080.0	22.0	1800.0	201.0	150.0	346.0	335.0	2824.0	265.0	50.0	449.0	223.0	0.0	386.0	200.0	411.0	24.0	0.0	233.0	0.0	0.0	52.0	20.0	0.0	18.0	51.0	46.0	21.0	0.0	0.0	0.0	123.0	0.0	0.0	0.0	0.0	0.0	0.0	0.0	11.0	18.0	0.0	24.0	0.0	0.0	0.0	0.0	0.0	0.0	36.0	0.0	0.0	0.0	0.0	0.0	0.0	0.0	0.0	5.0	0.0	0.0	6.0	18.0	0.0	0.0	0.0	0.0	0.0	0.0	0.0	0.0	0.0	0.0	0.0	0.0	0.0	0.0
SRR11143594	1494.0	2432.0	2271.0	590.0	956.0	2914.0	16.0	1330.0	331.0	153.0	242.0	245.0	3944.0	435.0	232.0	485.0	543.0	0.0	327.0	319.0	634.0	35.0	35.0	429.0	5.0	0.0	115.0	16.0	33.0	17.0	82.0	20.0	22.0	0.0	0.0	0.0	0.0	0.0	0.0	6.0	9.0	23.0	0.0	0.0	37.0	0.0	0.0	0.0	0.0	0.0	0.0	0.0	44.0	0.0	42.0	17.0	0.0	0.0	0.0	22.0	0.0	25.0	0.0	0.0	0.0	0.0	0.0	0.0	0.0	3.0	0.0	0.0	12.0	0.0	0.0	0.0	0.0	0.0	0.0	0.0	0.0	0.0
SRR11143596	1284.0	2195.0	2283.0	284.0	1091.0	3650.0	145.0	1932.0	248.0	135.0	291.0	346.0	3490.0	903.0	0.0	573.0	682.0	73.0	93.0	0.0	315.0	0.0	20.0	384.0	0.0	0.0	0.0	15.0	11.0	98.0	59.0	59.0	10.0	0.0	0.0	0.0	199.0	0.0	0.0	0.0	0.0	0.0	16.0	0.0	66.0	0.0	0.0	166.0	0.0	54.0	0.0	0.0	0.0	0.0	24.0	0.0	0.0	33.0	0.0	0.0	0.0	0.0	0.0	42.0	0.0	0.0	16.0	0.0	0.0	0.0	0.0	0.0	0.0	0.0	0.0	0.0	0.0	0.0	0.0	0.0	0.0	0.0
SRR11143625	769.0	1080.0	2495.0	334.0	847.0	1852.0	0.0	669.0	75.0	98.0	208.0	261.0	2503.0	136.0	266.0	261.0	299.0	0.0	59.0	258.0	348.0	17.0	25.0	367.0	0.0	15.0	43.0	0.0	0.0	24.0	48.0	12.0	14.0	0.0	0.0	41.0	54.0	0.0	0.0	42.0	0.0	10.0	0.0	0.0	12.0	0.0	0.0	0.0	0.0	0.0	0.0	0.0	0.0	0.0	0.0	0.0	0.0	0.0	0.0	0.0	11.0	0.0	0.0	0.0	0.0	0.0	0.0	0.0	0.0	0.0	0.0	0.0	0.0	0.0	0.0	0.0	0.0	0.0	0.0	0.0	0.0	0.0
SRR11143626	1546.0	1771.0	1979.0	532.0	725.0	2694.0	27.0	953.0	55.0	109.0	165.0	258.0	2495.0	390.0	102.0	321.0	336.0	0.0	247.0	30.0	263.0	0.0	25.0	157.0	0.0	0.0	189.0	0.0	0.0	32.0	77.0	50.0	0.0	0.0	0.0	0.0	0.0	0.0	0.0	0.0	0.0	22.0	0.0	0.0	0.0	0.0	0.0	26.0	0.0	0.0	0.0	0.0	0.0	0.0	25.0	0.0	0.0	11.0	0.0	0.0	0.0	0.0	0.0	0.0	0.0	5.0	0.0	0.0	0.0	0.0	0.0	0.0	0.0	0.0	0.0	0.0	0.0	0.0	0.0	0.0	5.0	0.0
SRR11143627	938.0	1308.0	1846.0	119.0	871.0	2991.0	0.0	822.0	98.0	134.0	97.0	172.0	2320.0	234.0	0.0	713.0	533.0	0.0	99.0	85.0	45.0	9.0	17.0	188.0	0.0	0.0	107.0	0.0	4.0	72.0	49.0	61.0	14.0	0.0	0.0	0.0	0.0	0.0	0.0	0.0	0.0	8.0	0.0	0.0	0.0	0.0	0.0	35.0	0.0	0.0	0.0	0.0	0.0	0.0	0.0	0.0	0.0	16.0	0.0	0.0	0.0	0.0	0.0	0.0	0.0	0.0	0.0	0.0	0.0	0.0	0.0	0.0	0.0	0.0	0.0	0.0	0.0	0.0	0.0	0.0	0.0	0.0
SRR11143629	1316.0	893.0	1352.0	464.0	490.0	1435.0	0.0	792.0	63.0	90.0	42.0	218.0	1091.0	51.0	115.0	305.0	235.0	0.0	375.0	124.0	405.0	30.0	42.0	369.0	13.0	0.0	0.0	0.0	0.0	0.0	31.0	14.0	0.0	0.0	0.0	0.0	0.0	0.0	0.0	4.0	0.0	0.0	0.0	0.0	0.0	0.0	0.0	0.0	0.0	0.0	0.0	0.0	0.0	13.0	24.0	0.0	0.0	0.0	0.0	0.0	0.0	27.0	0.0	0.0	0.0	0.0	0.0	0.0	0.0	0.0	0.0	0.0	0.0	0.0	0.0	0.0	0.0	0.0	0.0	0.0	0.0	0.0
SRR11143633	1458.0	2212.0	1542.0	572.0	268.0	2291.0	0.0	948.0	168.0	129.0	21.0	358.0	2892.0	123.0	61.0	441.0	265.0	0.0	501.0	214.0	208.0	0.0	8.0	224.0	0.0	0.0	199.0	0.0	0.0	20.0	35.0	16.0	19.0	0.0	0.0	0.0	6.0	0.0	0.0	91.0	0.0	0.0	6.0	0.0	4.0	0.0	0.0	0.0	0.0	0.0	0.0	0.0	0.0	0.0	23.0	0.0	0.0	0.0	0.0	0.0	0.0	0.0	0.0	0.0	0.0	0.0	0.0	0.0	11.0	0.0	0.0	0.0	0.0	0.0	0.0	0.0	0.0	0.0	0.0	0.0	0.0	0.0
SRR11143634	1139.0	1248.0	4213.0	286.0	1270.0	2771.0	0.0	690.0	122.0	166.0	124.0	285.0	3981.0	258.0	72.0	466.0	390.0	0.0	103.0	84.0	571.0	0.0	22.0	182.0	0.0	14.0	94.0	0.0	0.0	20.0	0.0	21.0	0.0	0.0	0.0	0.0	110.0	0.0	0.0	29.0	0.0	0.0	0.0	0.0	18.0	0.0	0.0	15.0	0.0	0.0	0.0	0.0	0.0	0.0	0.0	0.0	0.0	15.0	0.0	33.0	0.0	0.0	0.0	0.0	0.0	0.0	0.0	0.0	0.0	0.0	0.0	0.0	0.0	0.0	0.0	0.0	0.0	0.0	0.0	0.0	0.0	0.0
SRR11143636	333.0	271.0	2972.0	192.0	1552.0	2169.0	0.0	350.0	0.0	65.0	38.0	157.0	1039.0	160.0	7.0	203.0	332.0	0.0	40.0	0.0	244.0	0.0	0.0	147.0	0.0	0.0	0.0	0.0	18.0	17.0	0.0	0.0	0.0	0.0	0.0	0.0	148.0	0.0	0.0	0.0	0.0	0.0	0.0	0.0	25.0	0.0	0.0	0.0	0.0	0.0	0.0	0.0	0.0	0.0	0.0	0.0	0.0	0.0	0.0	59.0	0.0	0.0	0.0	0.0	0.0	27.0	0.0	0.0	0.0	0.0	0.0	0.0	0.0	0.0	0.0	0.0	0.0	0.0	0.0	0.0	0.0	0.0
SRR11143638	336.0	297.0	3421.0	203.0	2244.0	3525.0	0.0	383.0	56.0	54.0	48.0	379.0	1743.0	48.0	39.0	247.0	195.0	0.0	96.0	85.0	538.0	0.0	0.0	278.0	0.0	19.0	0.0	0.0	18.0	0.0	0.0	0.0	0.0	0.0	0.0	0.0	92.0	16.0	0.0	0.0	0.0	0.0	0.0	0.0	34.0	0.0	0.0	0.0	0.0	0.0	0.0	0.0	0.0	0.0	0.0	0.0	0.0	0.0	0.0	106.0	0.0	0.0	0.0	0.0	0.0	14.0	0.0	0.0	0.0	0.0	0.0	0.0	0.0	0.0	0.0	0.0	0.0	0.0	0.0	0.0	0.0	7.0
SRR11143639	562.0	1778.0	986.0	123.0	281.0	1967.0	0.0	363.0	76.0	80.0	200.0	214.0	4698.0	0.0	138.0	529.0	38.0	0.0	160.0	173.0	19.0	0.0	6.0	360.0	0.0	0.0	51.0	0.0	0.0	0.0	39.0	0.0	0.0	0.0	0.0	0.0	0.0	0.0	0.0	0.0	0.0	0.0	0.0	0.0	0.0	0.0	0.0	0.0	0.0	0.0	0.0	0.0	0.0	0.0	39.0	0.0	0.0	0.0	0.0	0.0	0.0	39.0	0.0	0.0	0.0	0.0	0.0	0.0	0.0	0.0	31.0	0.0	0.0	0.0	0.0	0.0	0.0	0.0	0.0	0.0	0.0	0.0
SRR11143642	1024.0	1132.0	1421.0	125.0	1151.0	2587.0	0.0	487.0	0.0	31.0	0.0	196.0	3448.0	0.0	16.0	257.0	169.0	0.0	80.0	95.0	136.0	0.0	0.0	197.0	0.0	0.0	25.0	0.0	0.0	0.0	0.0	0.0	0.0	0.0	0.0	0.0	0.0	0.0	0.0	0.0	0.0	0.0	0.0	0.0	0.0	0.0	0.0	0.0	0.0	0.0	0.0	0.0	0.0	0.0	0.0	0.0	0.0	7.0	0.0	0.0	0.0	0.0	0.0	0.0	0.0	0.0	0.0	0.0	0.0	0.0	0.0	0.0	0.0	0.0	0.0	0.0	0.0	0.0	0.0	0.0	0.0	0.0
SRR11143647	272.0	719.0	1523.0	639.0	652.0	2410.0	0.0	417.0	95.0	0.0	145.0	25.0	3812.0	64.0	43.0	263.0	48.0	0.0	129.0	303.0	482.0	0.0	52.0	374.0	0.0	0.0	0.0	0.0	0.0	0.0	0.0	0.0	0.0	0.0	0.0	0.0	33.0	0.0	0.0	0.0	0.0	0.0	0.0	0.0	0.0	0.0	0.0	0.0	26.0	0.0	0.0	0.0	0.0	0.0	0.0	0.0	0.0	0.0	0.0	15.0	0.0	47.0	0.0	0.0	0.0	0.0	0.0	0.0	0.0	0.0	0.0	0.0	0.0	0.0	0.0	0.0	0.0	0.0	0.0	0.0	0.0	0.0
SRR11143648	301.0	787.0	1363.0	198.0	434.0	2735.0	0.0	271.0	0.0	0.0	0.0	132.0	3647.0	0.0	108.0	480.0	218.0	0.0	0.0	201.0	182.0	0.0	0.0	155.0	0.0	0.0	0.0	0.0	0.0	0.0	33.0	0.0	0.0	0.0	0.0	0.0	0.0	0.0	0.0	0.0	0.0	0.0	0.0	0.0	0.0	0.0	0.0	0.0	0.0	0.0	0.0	0.0	12.0	0.0	0.0	0.0	0.0	0.0	0.0	13.0	0.0	0.0	0.0	0.0	0.0	0.0	0.0	0.0	0.0	0.0	0.0	0.0	0.0	0.0	0.0	0.0	0.0	0.0	0.0	0.0	0.0	0.0
SRR11143649	1955.0	1248.0	1698.0	556.0	931.0	2631.0	0.0	1390.0	213.0	125.0	124.0	356.0	1724.0	626.0	51.0	444.0	163.0	53.0	403.0	219.0	490.0	28.0	17.0	169.0	61.0	0.0	177.0	59.0	0.0	10.0	15.0	0.0	13.0	0.0	0.0	0.0	0.0	0.0	0.0	104.0	0.0	0.0	0.0	0.0	8.0	0.0	0.0	41.0	0.0	0.0	0.0	0.0	35.0	0.0	22.0	0.0	0.0	0.0	0.0	50.0	0.0	0.0	0.0	0.0	0.0	0.0	0.0	0.0	0.0	0.0	0.0	0.0	34.0	0.0	0.0	0.0	0.0	0.0	0.0	0.0	0.0	0.0
SRR11143650	1103.0	784.0	2789.0	257.0	1354.0	3024.0	0.0	445.0	75.0	19.0	0.0	288.0	1726.0	63.0	43.0	474.0	75.0	0.0	42.0	361.0	309.0	0.0	0.0	263.0	0.0	0.0	0.0	29.0	0.0	0.0	28.0	0.0	0.0	0.0	0.0	0.0	9.0	0.0	0.0	0.0	0.0	0.0	0.0	0.0	0.0	0.0	0.0	0.0	0.0	0.0	0.0	0.0	0.0	0.0	0.0	0.0	0.0	0.0	0.0	57.0	0.0	0.0	0.0	0.0	0.0	0.0	0.0	0.0	0.0	9.0	0.0	0.0	0.0	0.0	0.0	0.0	0.0	0.0	0.0	0.0	0.0	0.0
SRR11143651	1863.0	843.0	2634.0	490.0	1662.0	3132.0	0.0	984.0	397.0	0.0	76.0	773.0	2574.0	36.0	12.0	285.0	279.0	0.0	201.0	224.0	267.0	0.0	85.0	333.0	0.0	7.0	0.0	15.0	17.0	0.0	55.0	3.0	6.0	0.0	0.0	0.0	0.0	0.0	0.0	0.0	0.0	0.0	0.0	0.0	0.0	0.0	0.0	0.0	0.0	0.0	0.0	0.0	0.0	0.0	15.0	0.0	0.0	16.0	16.0	0.0	0.0	0.0	0.0	0.0	13.0	0.0	0.0	0.0	0.0	0.0	0.0	0.0	0.0	0.0	0.0	0.0	0.0	0.0	0.0	0.0	0.0	0.0
SRR11143654	1609.0	1086.0	1976.0	346.0	2177.0	3400.0	0.0	757.0	268.0	93.0	50.0	440.0	3246.0	204.0	90.0	321.0	210.0	0.0	0.0	178.0	264.0	0.0	0.0	213.0	0.0	0.0	26.0	21.0	0.0	0.0	0.0	0.0	5.0	0.0	0.0	0.0	0.0	0.0	0.0	0.0	0.0	0.0	0.0	0.0	0.0	0.0	0.0	0.0	0.0	0.0	0.0	0.0	0.0	0.0	11.0	0.0	0.0	0.0	0.0	46.0	0.0	0.0	0.0	0.0	11.0	0.0	0.0	0.0	0.0	0.0	0.0	0.0	0.0	0.0	0.0	0.0	0.0	0.0	0.0	0.0	0.0	0.0
SRR11143656	867.0	122.0	2312.0	0.0	1638.0	3261.0	0.0	141.0	0.0	42.0	32.0	329.0	1555.0	96.0	0.0	257.0	145.0	0.0	53.0	0.0	50.0	0.0	0.0	21.0	0.0	82.0	33.0	0.0	0.0	0.0	0.0	0.0	0.0	0.0	0.0	0.0	0.0	0.0	0.0	0.0	0.0	0.0	0.0	0.0	0.0	0.0	0.0	0.0	0.0	0.0	0.0	0.0	0.0	0.0	0.0	0.0	0.0	0.0	0.0	18.0	0.0	0.0	0.0	0.0	0.0	0.0	0.0	0.0	0.0	0.0	0.0	0.0	0.0	0.0	0.0	0.0	0.0	0.0	0.0	0.0	0.0	0.0
SRR11143658	2522.0	1620.0	2713.0	540.0	1795.0	3919.0	0.0	1110.0	373.0	51.0	51.0	623.0	3319.0	0.0	190.0	525.0	386.0	0.0	85.0	133.0	544.0	0.0	57.0	332.0	0.0	0.0	38.0	27.0	0.0	0.0	58.0	0.0	9.0	0.0	0.0	0.0	0.0	0.0	0.0	0.0	0.0	0.0	0.0	0.0	0.0	0.0	0.0	0.0	0.0	0.0	0.0	0.0	0.0	0.0	0.0	0.0	0.0	49.0	0.0	42.0	0.0	0.0	0.0	0.0	31.0	0.0	0.0	0.0	0.0	0.0	0.0	0.0	0.0	0.0	0.0	0.0	0.0	0.0	0.0	0.0	0.0	0.0
SRR11143662	1278.0	1439.0	2152.0	299.0	1832.0	2645.0	0.0	613.0	182.0	98.0	57.0	442.0	2764.0	281.0	106.0	142.0	163.0	0.0	124.0	224.0	174.0	0.0	0.0	145.0	0.0	0.0	0.0	0.0	0.0	0.0	32.0	0.0	0.0	0.0	0.0	0.0	0.0	0.0	0.0	0.0	0.0	0.0	0.0	0.0	0.0	0.0	0.0	0.0	0.0	0.0	0.0	0.0	0.0	0.0	16.0	0.0	0.0	8.0	0.0	21.0	0.0	0.0	0.0	0.0	0.0	0.0	0.0	0.0	0.0	0.0	0.0	0.0	0.0	0.0	0.0	0.0	0.0	0.0	0.0	9.0	0.0	0.0
SRR11143663	1567.0	738.0	2567.0	162.0	1320.0	2352.0	0.0	508.0	88.0	35.0	39.0	230.0	1885.0	86.0	33.0	440.0	15.0	0.0	6.0	164.0	156.0	0.0	6.0	176.0	0.0	0.0	0.0	5.0	0.0	0.0	0.0	0.0	0.0	0.0	0.0	0.0	0.0	0.0	0.0	0.0	0.0	0.0	0.0	0.0	17.0	0.0	0.0	0.0	0.0	0.0	0.0	0.0	0.0	0.0	0.0	0.0	0.0	8.0	0.0	26.0	0.0	0.0	0.0	0.0	0.0	0.0	0.0	0.0	0.0	0.0	0.0	0.0	0.0	0.0	0.0	0.0	0.0	0.0	0.0	0.0	0.0	0.0
SRR11143666	1463.0	558.0	2332.0	726.0	882.0	3133.0	0.0	768.0	127.0	51.0	80.0	317.0	3312.0	0.0	128.0	583.0	87.0	0.0	141.0	0.0	219.0	0.0	0.0	178.0	0.0	0.0	27.0	0.0	0.0	0.0	32.0	158.0	0.0	0.0	0.0	0.0	0.0	0.0	0.0	46.0	0.0	0.0	0.0	0.0	0.0	0.0	0.0	26.0	0.0	0.0	104.0	0.0	0.0	12.0	28.0	0.0	0.0	0.0	0.0	0.0	0.0	35.0	0.0	0.0	0.0	0.0	0.0	0.0	0.0	0.0	0.0	0.0	0.0	0.0	0.0	0.0	0.0	0.0	0.0	0.0	0.0	0.0
SRR11143668	1126.0	367.0	1952.0	1086.0	886.0	2750.0	0.0	699.0	0.0	0.0	362.0	610.0	1781.0	6.0	144.0	318.0	20.0	0.0	397.0	137.0	225.0	0.0	3.0	189.0	0.0	16.0	158.0	0.0	0.0	0.0	24.0	25.0	0.0	0.0	0.0	0.0	0.0	0.0	0.0	17.0	0.0	0.0	13.0	0.0	0.0	0.0	0.0	0.0	0.0	0.0	0.0	0.0	0.0	0.0	0.0	0.0	0.0	12.0	44.0	0.0	0.0	32.0	0.0	0.0	0.0	0.0	0.0	0.0	0.0	0.0	0.0	0.0	0.0	0.0	0.0	0.0	0.0	0.0	0.0	0.0	0.0	0.0
SRR11143669	883.0	583.0	1433.0	1273.0	804.0	2569.0	0.0	767.0	285.0	24.0	200.0	371.0	2234.0	29.0	47.0	231.0	23.0	0.0	300.0	163.0	482.0	0.0	21.0	212.0	0.0	0.0	196.0	0.0	0.0	0.0	0.0	24.0	0.0	0.0	0.0	0.0	0.0	0.0	0.0	0.0	0.0	0.0	0.0	0.0	0.0	0.0	0.0	0.0	25.0	0.0	0.0	0.0	0.0	0.0	0.0	0.0	0.0	0.0	0.0	0.0	0.0	43.0	0.0	0.0	0.0	0.0	0.0	0.0	0.0	0.0	0.0	0.0	0.0	0.0	0.0	0.0	0.0	0.0	0.0	0.0	0.0	0.0
SRR11143671	1249.0	2348.0	2115.0	1001.0	1348.0	4083.0	0.0	1387.0	339.0	86.0	359.0	852.0	4200.0	108.0	325.0	424.0	297.0	0.0	203.0	595.0	854.0	0.0	57.0	466.0	20.0	0.0	181.0	0.0	0.0	0.0	69.0	148.0	0.0	0.0	0.0	0.0	0.0	0.0	0.0	47.0	0.0	0.0	0.0	0.0	0.0	0.0	0.0	21.0	0.0	0.0	0.0	0.0	61.0	0.0	71.0	0.0	0.0	0.0	0.0	45.0	0.0	96.0	0.0	0.0	0.0	0.0	0.0	0.0	0.0	0.0	0.0	0.0	0.0	0.0	0.0	0.0	0.0	0.0	0.0	0.0	0.0	0.0
SRR11143677	877.0	1352.0	2956.0	294.0	1529.0	3877.0	0.0	853.0	157.0	0.0	103.0	552.0	5691.0	52.0	245.0	295.0	197.0	0.0	151.0	332.0	828.0	0.0	141.0	373.0	0.0	5.0	57.0	0.0	0.0	0.0	58.0	260.0	0.0	0.0	0.0	0.0	18.0	0.0	0.0	0.0	0.0	0.0	0.0	0.0	0.0	0.0	0.0	0.0	11.0	0.0	0.0	0.0	0.0	0.0	48.0	0.0	0.0	148.0	0.0	29.0	0.0	44.0	0.0	0.0	0.0	0.0	0.0	0.0	0.0	0.0	0.0	0.0	0.0	0.0	0.0	7.0	0.0	0.0	0.0	0.0	0.0	0.0
SRR11143678	2374.0	1420.0	2562.0	666.0	2254.0	3942.0	0.0	1732.0	132.0	67.0	126.0	440.0	2274.0	267.0	0.0	428.0	255.0	0.0	38.0	201.0	263.0	0.0	39.0	229.0	0.0	0.0	52.0	38.0	0.0	0.0	0.0	0.0	0.0	0.0	0.0	8.0	10.0	0.0	0.0	72.0	0.0	0.0	0.0	0.0	0.0	0.0	0.0	0.0	0.0	0.0	0.0	26.0	0.0	0.0	17.0	0.0	0.0	0.0	0.0	41.0	0.0	0.0	0.0	0.0	0.0	0.0	0.0	0.0	0.0	0.0	0.0	0.0	0.0	0.0	0.0	0.0	0.0	0.0	0.0	0.0	0.0	0.0
SRR11143679	1177.0	364.0	2718.0	172.0	1418.0	2892.0	0.0	428.0	15.0	0.0	0.0	297.0	1282.0	213.0	0.0	283.0	158.0	0.0	174.0	71.0	53.0	0.0	0.0	62.0	0.0	78.0	0.0	0.0	0.0	0.0	20.0	39.0	11.0	0.0	0.0	0.0	34.0	5.0	0.0	0.0	0.0	0.0	0.0	0.0	0.0	0.0	0.0	0.0	0.0	0.0	0.0	0.0	16.0	0.0	12.0	0.0	0.0	0.0	0.0	0.0	0.0	9.0	0.0	0.0	0.0	0.0	0.0	0.0	0.0	0.0	0.0	0.0	0.0	0.0	0.0	0.0	0.0	0.0	0.0	0.0	0.0	0.0
SRR11143680	1051.0	409.0	2389.0	486.0	1526.0	2656.0	0.0	642.0	141.0	42.0	123.0	226.0	1670.0	156.0	0.0	253.0	135.0	0.0	206.0	0.0	139.0	0.0	0.0	34.0	0.0	2.0	0.0	31.0	0.0	0.0	29.0	22.0	9.0	0.0	0.0	0.0	0.0	0.0	0.0	0.0	0.0	0.0	0.0	0.0	0.0	0.0	0.0	0.0	0.0	0.0	0.0	0.0	0.0	0.0	21.0	0.0	0.0	0.0	0.0	14.0	0.0	0.0	0.0	0.0	0.0	0.0	0.0	0.0	0.0	0.0	0.0	0.0	0.0	0.0	0.0	0.0	0.0	0.0	0.0	0.0	0.0	0.0
