#SampleID	d__Bacteria;p__Acidobacteriota	d__Bacteria;p__Actinobacteriota	d__Bacteria;p__Proteobacteria	d__Bacteria;p__Bacteroidota	d__Bacteria;p__Cyanobacteria	d__Bacteria;p__Gemmatimonadota	d__Bacteria;p__Planctomycetota	d__Bacteria;p__Myxococcota	d__Bacteria;p__Verrucomicrobiota	d__Bacteria;p__Patescibacteria	d__Bacteria;p__Firmicutes	d__Bacteria;p__Chloroflexi	d__Bacteria;p__Fibrobacterota	d__Bacteria;p__Bdellovibrionota	d__Bacteria;p__Nitrospirota	d__Bacteria;p__Desulfobacterota	d__Bacteria;p__Armatimonadota	d__Bacteria;p__Elusimicrobiota	d__Bacteria;p__SAR324_clade(Marine_group_B)	d__Bacteria;p__Deinococcota	d__Bacteria;p__Dependentiae	d__Bacteria;p__RCP2-54	d__Bacteria;p__WPS-2	d__Bacteria;p__Latescibacterota	d__Bacteria;p__Abditibacteriota	d__Bacteria;p__Spirochaetota	d__Bacteria;p__Sumerlaeota	d__Bacteria;p__TX1A-33	d__Bacteria;p__FCPU426	d__Bacteria;p__Halanaerobiaeota	d__Bacteria;p__MBNT15	d__Bacteria;p__Methylomirabilota	d__Bacteria;p__WS2
SRR11143339	6198.0	1546.0	6041.0	2341.0	0.0	1109.0	795.0	451.0	780.0	386.0	1481.0	807.0	23.0	367.0	207.0	141.0	97.0	0.0	55.0	0.0	0.0	14.0	0.0	0.0	0.0	0.0	0.0	0.0	0.0	0.0	0.0	0.0	0.0
SRR11143341	1611.0	1815.0	5602.0	1369.0	0.0	778.0	71.0	252.0	490.0	461.0	470.0	90.0	0.0	225.0	132.0	0.0	19.0	0.0	0.0	0.0	0.0	0.0	0.0	0.0	0.0	13.0	0.0	0.0	0.0	0.0	0.0	0.0	0.0
SRR11143342	2118.0	934.0	4529.0	914.0	0.0	483.0	416.0	247.0	213.0	364.0	356.0	162.0	0.0	0.0	0.0	0.0	12.0	0.0	0.0	0.0	0.0	0.0	0.0	0.0	0.0	16.0	0.0	0.0	0.0	0.0	0.0	0.0	0.0
SRR11143343	2328.0	1998.0	6485.0	1800.0	0.0	850.0	38.0	351.0	414.0	196.0	362.0	223.0	0.0	47.0	0.0	0.0	0.0	0.0	0.0	0.0	0.0	0.0	0.0	0.0	0.0	11.0	0.0	0.0	0.0	0.0	0.0	0.0	0.0
SRR11143344	1667.0	3941.0	4429.0	1100.0	0.0	996.0	16.0	493.0	399.0	143.0	109.0	686.0	0.0	0.0	114.0	0.0	0.0	0.0	0.0	0.0	0.0	0.0	0.0	0.0	0.0	29.0	0.0	0.0	0.0	0.0	0.0	0.0	0.0
SRR11143345	771.0	2261.0	4787.0	1019.0	0.0	267.0	19.0	116.0	195.0	57.0	580.0	338.0	0.0	17.0	27.0	0.0	0.0	0.0	0.0	13.0	7.0	0.0	0.0	0.0	0.0	0.0	0.0	0.0	0.0	12.0	0.0	0.0	0.0
SRR11143347	3096.0	2589.0	4626.0	1476.0	18.0	1212.0	233.0	725.0	298.0	131.0	535.0	922.0	0.0	49.0	273.0	0.0	34.0	0.0	7.0	0.0	8.0	0.0	0.0	0.0	0.0	0.0	10.0	0.0	0.0	0.0	0.0	0.0	0.0
SRR11143349	3984.0	4638.0	7094.0	1548.0	0.0	1677.0	337.0	932.0	99.0	190.0	628.0	1049.0	0.0	0.0	349.0	3.0	36.0	0.0	15.0	0.0	0.0	0.0	0.0	0.0	0.0	0.0	0.0	0.0	0.0	0.0	0.0	0.0	0.0
SRR11143350	1937.0	1990.0	3233.0	753.0	0.0	815.0	13.0	840.0	169.0	42.0	561.0	433.0	0.0	0.0	0.0	0.0	0.0	0.0	0.0	0.0	0.0	0.0	0.0	0.0	0.0	0.0	0.0	0.0	0.0	0.0	0.0	0.0	0.0
SRR11143351	1397.0	6893.0	6514.0	1106.0	166.0	1561.0	152.0	785.0	183.0	639.0	953.0	1027.0	16.0	92.0	154.0	0.0	0.0	0.0	0.0	0.0	0.0	0.0	25.0	0.0	0.0	0.0	0.0	0.0	0.0	0.0	0.0	0.0	0.0
SRR11143355	51.0	828.0	4721.0	3170.0	10.0	76.0	0.0	311.0	84.0	42.0	0.0	381.0	0.0	92.0	0.0	0.0	0.0	0.0	0.0	0.0	0.0	0.0	0.0	0.0	0.0	282.0	0.0	0.0	0.0	0.0	0.0	0.0	0.0
SRR11143356	740.0	870.0	5130.0	1904.0	0.0	71.0	0.0	946.0	101.0	59.0	565.0	253.0	163.0	97.0	0.0	33.0	0.0	0.0	0.0	0.0	0.0	0.0	0.0	0.0	0.0	0.0	0.0	0.0	0.0	0.0	0.0	0.0	0.0
SRR11143359	787.0	1007.0	5741.0	1392.0	0.0	0.0	33.0	480.0	129.0	33.0	532.0	513.0	49.0	105.0	0.0	0.0	0.0	0.0	0.0	0.0	0.0	0.0	0.0	0.0	0.0	0.0	0.0	0.0	0.0	0.0	0.0	0.0	0.0
SRR11143363	1043.0	1459.0	5091.0	1775.0	0.0	251.0	26.0	1051.0	152.0	130.0	407.0	604.0	215.0	123.0	0.0	0.0	0.0	0.0	0.0	0.0	0.0	0.0	0.0	0.0	0.0	0.0	0.0	0.0	0.0	0.0	0.0	0.0	0.0
SRR11143365	887.0	1832.0	4627.0	1233.0	0.0	134.0	0.0	227.0	198.0	55.0	436.0	408.0	34.0	108.0	37.0	0.0	0.0	0.0	0.0	0.0	0.0	0.0	0.0	0.0	0.0	0.0	0.0	0.0	0.0	0.0	0.0	0.0	0.0
SRR11143372	145.0	2291.0	5698.0	2383.0	0.0	0.0	0.0	291.0	40.0	336.0	0.0	0.0	0.0	58.0	0.0	0.0	0.0	0.0	0.0	0.0	0.0	0.0	0.0	0.0	0.0	0.0	0.0	0.0	0.0	0.0	0.0	0.0	0.0
SRR11143378	322.0	2636.0	5336.0	2270.0	0.0	44.0	0.0	697.0	120.0	129.0	333.0	83.0	138.0	55.0	0.0	0.0	0.0	0.0	0.0	43.0	0.0	0.0	0.0	0.0	0.0	0.0	0.0	0.0	0.0	0.0	0.0	0.0	0.0
SRR11143380	1105.0	1411.0	6705.0	2356.0	0.0	82.0	0.0	635.0	387.0	72.0	498.0	598.0	125.0	156.0	0.0	31.0	0.0	0.0	0.0	89.0	0.0	0.0	0.0	0.0	0.0	0.0	0.0	0.0	0.0	0.0	0.0	0.0	0.0
SRR11143386	457.0	2285.0	5583.0	1316.0	0.0	22.0	0.0	0.0	136.0	226.0	914.0	63.0	26.0	26.0	0.0	0.0	0.0	0.0	0.0	142.0	0.0	0.0	0.0	0.0	0.0	0.0	0.0	0.0	0.0	0.0	0.0	0.0	0.0
SRR11143388	1363.0	1943.0	6869.0	2964.0	0.0	218.0	54.0	1142.0	330.0	71.0	319.0	680.0	49.0	171.0	0.0	47.0	0.0	0.0	0.0	63.0	0.0	0.0	0.0	0.0	0.0	0.0	0.0	0.0	0.0	0.0	0.0	0.0	0.0
SRR11143389	769.0	1774.0	5091.0	2427.0	0.0	115.0	0.0	621.0	88.0	77.0	1085.0	259.0	145.0	82.0	0.0	75.0	0.0	0.0	0.0	34.0	0.0	0.0	0.0	0.0	0.0	0.0	0.0	0.0	0.0	0.0	0.0	0.0	0.0
SRR11143392	172.0	3165.0	6170.0	2019.0	0.0	15.0	0.0	459.0	157.0	188.0	221.0	0.0	87.0	37.0	0.0	0.0	0.0	0.0	0.0	179.0	0.0	0.0	0.0	0.0	0.0	0.0	0.0	0.0	0.0	0.0	0.0	0.0	0.0
SRR11143396	207.0	2234.0	5586.0	2353.0	0.0	43.0	12.0	580.0	76.0	224.0	69.0	0.0	112.0	130.0	0.0	0.0	0.0	0.0	0.0	159.0	0.0	0.0	0.0	0.0	0.0	0.0	0.0	0.0	0.0	0.0	0.0	0.0	0.0
SRR11143398	4902.0	1727.0	4939.0	1895.0	0.0	747.0	424.0	351.0	529.0	124.0	1594.0	753.0	0.0	312.0	158.0	73.0	0.0	0.0	0.0	0.0	0.0	0.0	0.0	0.0	0.0	0.0	0.0	0.0	0.0	0.0	0.0	0.0	0.0
SRR11143400	6732.0	1753.0	8478.0	4364.0	41.0	1193.0	131.0	444.0	2053.0	987.0	1029.0	1167.0	36.0	427.0	386.0	98.0	125.0	0.0	59.0	0.0	0.0	0.0	0.0	0.0	0.0	0.0	42.0	0.0	0.0	0.0	0.0	0.0	0.0
SRR11143402	6979.0	4015.0	9051.0	4481.0	0.0	1361.0	214.0	527.0	2355.0	1108.0	2214.0	1844.0	52.0	519.0	255.0	79.0	133.0	0.0	64.0	0.0	0.0	0.0	18.0	0.0	0.0	0.0	0.0	0.0	0.0	0.0	0.0	0.0	0.0
SRR11143405	4395.0	1927.0	4357.0	1274.0	0.0	560.0	92.0	98.0	540.0	193.0	1741.0	771.0	0.0	163.0	152.0	177.0	41.0	0.0	11.0	0.0	0.0	0.0	0.0	0.0	0.0	0.0	0.0	0.0	0.0	0.0	0.0	0.0	0.0
SRR11143407	6446.0	4544.0	7783.0	2734.0	0.0	1183.0	400.0	1075.0	1691.0	333.0	800.0	1321.0	41.0	0.0	195.0	0.0	0.0	7.0	0.0	0.0	6.0	0.0	14.0	0.0	0.0	0.0	0.0	0.0	0.0	0.0	0.0	0.0	0.0
SRR11143409	5334.0	2569.0	5517.0	2715.0	0.0	776.0	265.0	289.0	1504.0	325.0	756.0	1015.0	63.0	57.0	221.0	0.0	0.0	31.0	0.0	0.0	0.0	0.0	0.0	0.0	0.0	0.0	28.0	0.0	0.0	0.0	0.0	0.0	0.0
SRR11143411	5920.0	3813.0	6268.0	2523.0	0.0	901.0	380.0	286.0	1084.0	437.0	863.0	736.0	65.0	25.0	227.0	0.0	42.0	27.0	12.0	0.0	0.0	0.0	0.0	0.0	0.0	0.0	0.0	0.0	0.0	0.0	0.0	0.0	0.0
SRR11143413	6208.0	2920.0	6208.0	2122.0	0.0	851.0	248.0	557.0	783.0	256.0	527.0	648.0	0.0	51.0	239.0	0.0	35.0	0.0	0.0	0.0	0.0	0.0	0.0	0.0	0.0	0.0	0.0	0.0	0.0	0.0	0.0	0.0	0.0
SRR11143416	5752.0	2384.0	5401.0	2035.0	0.0	777.0	273.0	470.0	802.0	239.0	1063.0	758.0	0.0	36.0	365.0	0.0	44.0	0.0	0.0	0.0	0.0	0.0	0.0	0.0	0.0	0.0	45.0	0.0	0.0	0.0	0.0	0.0	0.0
SRR11143418	3439.0	2249.0	5124.0	2254.0	0.0	327.0	101.0	154.0	869.0	313.0	503.0	186.0	52.0	22.0	220.0	0.0	25.0	0.0	9.0	18.0	0.0	0.0	0.0	0.0	0.0	0.0	0.0	0.0	0.0	0.0	0.0	0.0	0.0
SRR11143419	3432.0	2980.0	5158.0	2915.0	0.0	264.0	296.0	174.0	771.0	998.0	621.0	200.0	36.0	26.0	342.0	101.0	0.0	24.0	9.0	124.0	0.0	0.0	0.0	0.0	0.0	0.0	0.0	0.0	0.0	0.0	0.0	0.0	0.0
SRR11143420	3852.0	2884.0	4440.0	2074.0	0.0	402.0	39.0	136.0	394.0	233.0	385.0	307.0	39.0	0.0	230.0	0.0	33.0	0.0	0.0	0.0	0.0	0.0	4.0	0.0	0.0	0.0	0.0	0.0	0.0	0.0	0.0	0.0	0.0
SRR11143421	5108.0	3117.0	6191.0	2904.0	0.0	584.0	0.0	193.0	929.0	299.0	614.0	477.0	73.0	26.0	259.0	84.0	37.0	26.0	11.0	186.0	0.0	0.0	0.0	0.0	0.0	0.0	0.0	0.0	0.0	0.0	0.0	0.0	0.0
SRR11143422	3794.0	5164.0	7666.0	4960.0	20.0	529.0	304.0	1056.0	1139.0	442.0	809.0	578.0	103.0	265.0	101.0	39.0	0.0	5.0	0.0	0.0	0.0	0.0	0.0	0.0	0.0	0.0	0.0	0.0	0.0	0.0	0.0	0.0	0.0
SRR11143423	3183.0	1677.0	4535.0	2240.0	0.0	390.0	257.0	43.0	652.0	289.0	565.0	183.0	0.0	154.0	203.0	0.0	61.0	0.0	0.0	126.0	0.0	0.0	0.0	0.0	0.0	0.0	0.0	0.0	0.0	0.0	0.0	0.0	0.0
SRR11143424	7236.0	2818.0	7993.0	2737.0	0.0	1408.0	448.0	433.0	1206.0	434.0	1579.0	1398.0	0.0	214.0	397.0	129.0	43.0	11.0	25.0	36.0	0.0	0.0	0.0	0.0	0.0	0.0	0.0	0.0	0.0	0.0	0.0	0.0	0.0
SRR11143426	3483.0	1177.0	3194.0	971.0	0.0	563.0	78.0	43.0	590.0	320.0	562.0	566.0	0.0	4.0	170.0	0.0	0.0	0.0	22.0	77.0	0.0	0.0	8.0	0.0	0.0	0.0	0.0	0.0	0.0	0.0	0.0	0.0	0.0
SRR11143427	4773.0	1215.0	4747.0	1861.0	0.0	673.0	339.0	33.0	687.0	357.0	686.0	475.0	0.0	113.0	366.0	243.0	0.0	0.0	0.0	45.0	0.0	10.0	0.0	0.0	0.0	0.0	0.0	0.0	0.0	0.0	0.0	0.0	0.0
SRR11143428	4924.0	958.0	4626.0	1571.0	0.0	907.0	129.0	68.0	922.0	302.0	785.0	616.0	39.0	98.0	300.0	113.0	0.0	0.0	21.0	23.0	0.0	0.0	0.0	0.0	0.0	0.0	0.0	0.0	0.0	0.0	0.0	0.0	0.0
SRR11143429	5098.0	1251.0	4492.0	2059.0	0.0	677.0	160.0	191.0	1211.0	267.0	924.0	702.0	31.0	166.0	333.0	0.0	77.0	15.0	36.0	65.0	0.0	0.0	0.0	0.0	0.0	0.0	41.0	0.0	0.0	0.0	0.0	0.0	0.0
SRR11143430	4636.0	869.0	5970.0	1783.0	0.0	842.0	178.0	46.0	564.0	328.0	845.0	858.0	23.0	65.0	313.0	275.0	17.0	0.0	12.0	158.0	0.0	0.0	0.0	0.0	0.0	0.0	0.0	0.0	0.0	0.0	0.0	0.0	0.0
SRR11143431	6728.0	6254.0	8906.0	3531.0	17.0	888.0	672.0	700.0	791.0	814.0	918.0	931.0	52.0	112.0	409.0	0.0	33.0	99.0	36.0	195.0	0.0	0.0	0.0	0.0	18.0	0.0	57.0	0.0	0.0	0.0	0.0	0.0	0.0
SRR11143432	6618.0	6551.0	6450.0	2343.0	0.0	681.0	186.0	482.0	823.0	157.0	1221.0	820.0	43.0	69.0	235.0	0.0	24.0	22.0	0.0	18.0	0.0	0.0	0.0	0.0	0.0	0.0	40.0	0.0	0.0	0.0	0.0	0.0	0.0
SRR11143433	7117.0	4199.0	8080.0	3263.0	0.0	779.0	267.0	408.0	1244.0	541.0	1628.0	1077.0	68.0	39.0	309.0	0.0	36.0	37.0	0.0	97.0	0.0	0.0	20.0	0.0	0.0	0.0	22.0	0.0	0.0	0.0	0.0	0.0	0.0
SRR11143434	9281.0	6272.0	11306.0	3636.0	22.0	1553.0	454.0	1413.0	1771.0	228.0	1299.0	1405.0	93.0	29.0	203.0	0.0	56.0	97.0	19.0	174.0	7.0	0.0	0.0	0.0	0.0	0.0	32.0	0.0	0.0	0.0	0.0	0.0	0.0
SRR11143435	2635.0	1675.0	3616.0	1548.0	0.0	310.0	156.0	109.0	605.0	390.0	246.0	300.0	43.0	50.0	104.0	0.0	26.0	0.0	0.0	191.0	0.0	0.0	0.0	0.0	0.0	0.0	0.0	0.0	0.0	0.0	0.0	0.0	0.0
SRR11143437	4983.0	2621.0	5302.0	3142.0	0.0	518.0	190.0	221.0	945.0	735.0	505.0	574.0	74.0	45.0	191.0	0.0	0.0	16.0	27.0	27.0	0.0	0.0	0.0	0.0	0.0	0.0	0.0	0.0	0.0	0.0	0.0	0.0	0.0
SRR11143438	533.0	424.0	5156.0	3341.0	41.0	27.0	0.0	161.0	303.0	184.0	197.0	117.0	0.0	68.0	152.0	0.0	53.0	0.0	0.0	0.0	0.0	0.0	0.0	9.0	0.0	0.0	0.0	0.0	0.0	0.0	0.0	0.0	0.0
SRR11143441	1195.0	4960.0	2411.0	601.0	0.0	289.0	87.0	358.0	234.0	0.0	219.0	876.0	0.0	0.0	23.0	25.0	0.0	0.0	0.0	0.0	0.0	0.0	0.0	30.0	0.0	0.0	0.0	0.0	0.0	0.0	0.0	0.0	0.0
SRR11143442	6350.0	1316.0	5975.0	4401.0	0.0	1210.0	351.0	1821.0	1844.0	442.0	673.0	711.0	127.0	463.0	341.0	0.0	44.0	124.0	5.0	0.0	0.0	0.0	0.0	0.0	0.0	0.0	50.0	0.0	0.0	0.0	0.0	0.0	0.0
SRR11143443	5402.0	658.0	5311.0	3519.0	0.0	1331.0	391.0	1265.0	2121.0	1474.0	460.0	757.0	157.0	308.0	250.0	0.0	0.0	105.0	16.0	0.0	0.0	0.0	0.0	0.0	0.0	0.0	45.0	0.0	0.0	0.0	0.0	0.0	0.0
SRR11143444	4827.0	1079.0	4039.0	3511.0	9.0	1015.0	326.0	1116.0	1406.0	175.0	474.0	813.0	0.0	213.0	208.0	0.0	0.0	63.0	0.0	0.0	0.0	0.0	0.0	0.0	0.0	0.0	34.0	0.0	0.0	0.0	0.0	0.0	0.0
SRR11143445	6208.0	2024.0	6445.0	3348.0	20.0	1627.0	637.0	897.0	1357.0	555.0	1129.0	988.0	63.0	522.0	274.0	0.0	0.0	109.0	17.0	0.0	0.0	27.0	0.0	0.0	0.0	0.0	28.0	0.0	0.0	0.0	0.0	0.0	0.0
SRR11143447	5028.0	2229.0	5462.0	2240.0	0.0	1085.0	405.0	1173.0	1053.0	244.0	461.0	934.0	161.0	206.0	301.0	15.0	19.0	52.0	0.0	0.0	0.0	0.0	0.0	0.0	0.0	0.0	0.0	0.0	0.0	0.0	0.0	0.0	0.0
SRR11143448	4315.0	3403.0	3870.0	1587.0	0.0	835.0	72.0	87.0	691.0	0.0	581.0	1871.0	0.0	93.0	326.0	173.0	19.0	0.0	0.0	0.0	0.0	0.0	0.0	0.0	0.0	0.0	0.0	0.0	0.0	0.0	0.0	0.0	0.0
SRR11143449	4109.0	4017.0	4245.0	1154.0	0.0	572.0	241.0	215.0	931.0	0.0	805.0	1548.0	0.0	22.0	479.0	0.0	49.0	0.0	0.0	0.0	0.0	0.0	0.0	0.0	0.0	0.0	0.0	0.0	0.0	0.0	0.0	0.0	0.0
SRR11143450	3091.0	2806.0	4339.0	1120.0	25.0	797.0	112.0	417.0	570.0	186.0	1000.0	1283.0	15.0	186.0	167.0	25.0	0.0	67.0	0.0	0.0	0.0	0.0	0.0	0.0	0.0	0.0	0.0	0.0	0.0	0.0	0.0	0.0	0.0
SRR11143451	3093.0	4206.0	3558.0	560.0	0.0	644.0	95.0	33.0	347.0	0.0	1200.0	952.0	0.0	0.0	269.0	0.0	0.0	0.0	0.0	0.0	0.0	0.0	0.0	0.0	0.0	0.0	0.0	0.0	0.0	0.0	0.0	0.0	0.0
SRR11143452	6274.0	5401.0	7935.0	2524.0	0.0	1215.0	189.0	839.0	1017.0	165.0	2448.0	2169.0	0.0	325.0	423.0	55.0	0.0	13.0	0.0	0.0	0.0	0.0	0.0	0.0	0.0	0.0	0.0	0.0	0.0	0.0	0.0	0.0	0.0
SRR11143453	3986.0	3968.0	4848.0	2181.0	0.0	670.0	134.0	295.0	982.0	390.0	561.0	1169.0	0.0	139.0	328.0	54.0	0.0	57.0	0.0	0.0	0.0	0.0	0.0	0.0	0.0	0.0	0.0	0.0	0.0	0.0	0.0	0.0	0.0
SRR11143454	3885.0	3130.0	3279.0	1666.0	0.0	1021.0	278.0	363.0	347.0	409.0	524.0	600.0	0.0	50.0	49.0	0.0	25.0	64.0	0.0	0.0	0.0	0.0	0.0	0.0	0.0	0.0	0.0	0.0	0.0	0.0	0.0	0.0	0.0
SRR11143462	1479.0	8325.0	6043.0	731.0	30.0	900.0	109.0	1155.0	463.0	174.0	459.0	1457.0	0.0	27.0	235.0	0.0	0.0	0.0	0.0	0.0	0.0	0.0	0.0	0.0	0.0	0.0	0.0	0.0	0.0	0.0	0.0	0.0	0.0
SRR11143464	1387.0	4600.0	5553.0	1117.0	0.0	508.0	104.0	663.0	284.0	50.0	342.0	494.0	0.0	0.0	0.0	0.0	0.0	0.0	0.0	0.0	0.0	0.0	0.0	0.0	0.0	0.0	0.0	0.0	0.0	0.0	3.0	0.0	0.0
SRR11143465	1532.0	4595.0	2427.0	397.0	0.0	692.0	73.0	564.0	271.0	81.0	324.0	686.0	0.0	0.0	83.0	0.0	0.0	0.0	0.0	0.0	0.0	0.0	0.0	0.0	0.0	0.0	0.0	0.0	0.0	0.0	0.0	0.0	0.0
SRR11143466	1371.0	5120.0	3599.0	421.0	0.0	825.0	124.0	948.0	289.0	229.0	250.0	1022.0	0.0	0.0	70.0	0.0	0.0	0.0	0.0	0.0	0.0	0.0	0.0	0.0	0.0	0.0	0.0	0.0	0.0	0.0	0.0	0.0	0.0
SRR11143467	2046.0	6136.0	3960.0	769.0	0.0	1066.0	310.0	912.0	300.0	258.0	231.0	1035.0	0.0	13.0	221.0	0.0	0.0	0.0	0.0	0.0	0.0	0.0	0.0	0.0	0.0	0.0	0.0	0.0	0.0	0.0	0.0	0.0	0.0
SRR11143469	1613.0	5621.0	4350.0	1004.0	0.0	1113.0	111.0	769.0	293.0	189.0	317.0	1332.0	0.0	82.0	100.0	0.0	0.0	26.0	0.0	0.0	0.0	0.0	0.0	0.0	0.0	0.0	0.0	0.0	0.0	0.0	0.0	0.0	0.0
SRR11143471	861.0	6795.0	2790.0	244.0	0.0	455.0	0.0	424.0	182.0	35.0	57.0	743.0	0.0	0.0	0.0	0.0	0.0	0.0	0.0	0.0	0.0	0.0	0.0	0.0	0.0	0.0	0.0	0.0	0.0	0.0	0.0	0.0	0.0
SRR11143472	1622.0	3251.0	3793.0	847.0	0.0	337.0	88.0	590.0	248.0	78.0	491.0	725.0	0.0	7.0	0.0	0.0	19.0	0.0	0.0	0.0	0.0	0.0	0.0	0.0	0.0	0.0	0.0	0.0	0.0	0.0	0.0	0.0	0.0
SRR11143473	1367.0	4162.0	2462.0	370.0	0.0	644.0	89.0	693.0	200.0	51.0	249.0	473.0	0.0	0.0	36.0	0.0	0.0	0.0	0.0	0.0	0.0	0.0	0.0	0.0	0.0	0.0	0.0	0.0	0.0	0.0	0.0	0.0	0.0
SRR11143475	3411.0	5473.0	4061.0	826.0	0.0	951.0	160.0	315.0	381.0	97.0	64.0	964.0	0.0	0.0	0.0	21.0	0.0	0.0	0.0	0.0	0.0	0.0	0.0	21.0	0.0	0.0	0.0	0.0	0.0	0.0	0.0	0.0	0.0
SRR11143477	1753.0	5253.0	3949.0	609.0	0.0	526.0	243.0	501.0	206.0	61.0	607.0	1172.0	0.0	0.0	92.0	0.0	0.0	5.0	0.0	0.0	0.0	0.0	53.0	0.0	0.0	0.0	0.0	0.0	0.0	0.0	0.0	0.0	0.0
SRR11143480	2120.0	5124.0	2766.0	444.0	0.0	319.0	86.0	236.0	112.0	0.0	425.0	525.0	0.0	0.0	51.0	0.0	0.0	0.0	0.0	0.0	5.0	0.0	0.0	0.0	0.0	0.0	0.0	0.0	0.0	0.0	0.0	0.0	0.0
SRR11143481	1478.0	3239.0	5733.0	2073.0	0.0	271.0	89.0	426.0	493.0	0.0	295.0	245.0	0.0	17.0	36.0	0.0	0.0	0.0	0.0	0.0	113.0	0.0	0.0	0.0	0.0	81.0	0.0	0.0	0.0	0.0	0.0	0.0	0.0
SRR11143482	1698.0	4151.0	2723.0	149.0	0.0	459.0	35.0	117.0	290.0	9.0	293.0	843.0	0.0	0.0	41.0	0.0	0.0	6.0	3.0	0.0	0.0	38.0	0.0	34.0	0.0	0.0	0.0	0.0	0.0	0.0	0.0	0.0	0.0
SRR11143483	4478.0	5250.0	5091.0	2022.0	0.0	761.0	171.0	639.0	849.0	164.0	1082.0	1495.0	0.0	258.0	422.0	0.0	60.0	106.0	0.0	0.0	0.0	21.0	0.0	0.0	0.0	0.0	0.0	0.0	0.0	0.0	0.0	0.0	0.0
SRR11143484	2760.0	2671.0	3695.0	1509.0	0.0	390.0	263.0	201.0	297.0	287.0	366.0	687.0	0.0	18.0	118.0	0.0	0.0	34.0	0.0	0.0	0.0	0.0	0.0	0.0	0.0	0.0	0.0	0.0	0.0	0.0	0.0	0.0	0.0
SRR11143486	4393.0	5787.0	5713.0	1592.0	19.0	750.0	287.0	323.0	848.0	568.0	1692.0	1672.0	0.0	364.0	191.0	41.0	0.0	0.0	0.0	0.0	9.0	67.0	0.0	0.0	0.0	0.0	0.0	0.0	0.0	0.0	0.0	0.0	0.0
SRR11143487	3203.0	3899.0	3732.0	1997.0	0.0	540.0	389.0	247.0	274.0	514.0	1143.0	688.0	0.0	69.0	130.0	0.0	0.0	0.0	0.0	0.0	0.0	0.0	0.0	0.0	0.0	0.0	0.0	0.0	0.0	0.0	0.0	0.0	0.0
SRR11143488	5895.0	4790.0	7538.0	5327.0	0.0	1241.0	693.0	1388.0	2704.0	1906.0	1467.0	1927.0	138.0	468.0	91.0	0.0	0.0	113.0	82.0	0.0	0.0	35.0	0.0	0.0	0.0	0.0	32.0	0.0	0.0	0.0	0.0	0.0	0.0
SRR11143489	2262.0	2093.0	2945.0	1036.0	0.0	399.0	221.0	142.0	664.0	185.0	301.0	929.0	0.0	28.0	78.0	0.0	0.0	15.0	0.0	0.0	0.0	0.0	0.0	0.0	0.0	0.0	0.0	0.0	0.0	0.0	0.0	0.0	0.0
SRR11143490	7864.0	6215.0	9370.0	5101.0	39.0	1936.0	542.0	2654.0	3975.0	1037.0	2686.0	2860.0	134.0	657.0	340.0	151.0	50.0	129.0	74.0	0.0	129.0	0.0	25.0	0.0	0.0	0.0	51.0	0.0	0.0	0.0	0.0	0.0	0.0
SRR11143491	4760.0	3244.0	3530.0	1243.0	22.0	506.0	124.0	66.0	687.0	416.0	1589.0	1227.0	0.0	403.0	152.0	0.0	0.0	0.0	0.0	0.0	0.0	28.0	0.0	0.0	0.0	0.0	0.0	0.0	0.0	0.0	0.0	0.0	0.0
SRR11143492	2739.0	2470.0	4106.0	1288.0	29.0	202.0	280.0	360.0	646.0	326.0	751.0	709.0	26.0	96.0	115.0	0.0	0.0	18.0	5.0	11.0	0.0	0.0	0.0	0.0	0.0	0.0	0.0	0.0	0.0	0.0	0.0	0.0	0.0
SRR11143493	1970.0	2875.0	2999.0	996.0	13.0	316.0	0.0	239.0	139.0	95.0	729.0	536.0	0.0	56.0	98.0	0.0	0.0	0.0	0.0	0.0	0.0	0.0	0.0	0.0	0.0	0.0	0.0	0.0	0.0	0.0	0.0	0.0	0.0
SRR11143494	4927.0	6368.0	5706.0	1657.0	16.0	610.0	510.0	493.0	763.0	318.0	1747.0	1331.0	0.0	316.0	351.0	0.0	0.0	0.0	0.0	0.0	0.0	41.0	0.0	0.0	28.0	0.0	0.0	0.0	0.0	0.0	0.0	0.0	0.0
SRR11143495	3531.0	5544.0	4321.0	1417.0	0.0	610.0	193.0	273.0	238.0	83.0	1442.0	1272.0	0.0	0.0	364.0	33.0	0.0	0.0	0.0	0.0	0.0	0.0	0.0	0.0	0.0	0.0	0.0	0.0	0.0	0.0	0.0	0.0	0.0
SRR11143497	5115.0	6060.0	6964.0	2248.0	0.0	870.0	371.0	385.0	577.0	140.0	985.0	1257.0	66.0	0.0	450.0	0.0	23.0	0.0	0.0	0.0	0.0	0.0	0.0	0.0	7.0	0.0	0.0	0.0	0.0	0.0	0.0	0.0	0.0
SRR11143498	3248.0	5207.0	3291.0	896.0	0.0	190.0	308.0	81.0	461.0	184.0	645.0	800.0	0.0	106.0	147.0	0.0	0.0	27.0	0.0	0.0	0.0	0.0	0.0	0.0	0.0	0.0	0.0	0.0	0.0	0.0	0.0	0.0	0.0
SRR11143499	3413.0	2958.0	3013.0	896.0	35.0	286.0	100.0	285.0	279.0	0.0	804.0	877.0	61.0	71.0	0.0	203.0	0.0	45.0	0.0	0.0	0.0	20.0	0.0	0.0	0.0	0.0	0.0	0.0	0.0	0.0	0.0	0.0	0.0
SRR11143500	1906.0	4516.0	2823.0	284.0	0.0	230.0	110.0	0.0	39.0	106.0	261.0	868.0	0.0	0.0	175.0	0.0	0.0	0.0	0.0	0.0	0.0	0.0	0.0	0.0	0.0	0.0	0.0	0.0	0.0	0.0	0.0	0.0	0.0
SRR11143512	2488.0	2253.0	4543.0	985.0	0.0	597.0	216.0	309.0	781.0	57.0	188.0	455.0	0.0	0.0	21.0	0.0	0.0	0.0	0.0	0.0	0.0	24.0	24.0	0.0	0.0	16.0	0.0	0.0	0.0	0.0	0.0	0.0	0.0
SRR11143513	1370.0	3192.0	3510.0	585.0	0.0	491.0	88.0	487.0	290.0	97.0	216.0	272.0	0.0	0.0	107.0	0.0	0.0	10.0	0.0	0.0	0.0	0.0	0.0	0.0	0.0	0.0	0.0	0.0	0.0	0.0	0.0	0.0	0.0
SRR11143514	3197.0	8481.0	6009.0	1179.0	0.0	1872.0	456.0	1203.0	425.0	578.0	484.0	1548.0	0.0	0.0	292.0	0.0	6.0	93.0	0.0	0.0	0.0	0.0	0.0	11.0	0.0	0.0	0.0	0.0	0.0	0.0	0.0	0.0	0.0
SRR11143515	2195.0	6028.0	3621.0	516.0	0.0	652.0	66.0	586.0	360.0	98.0	3227.0	531.0	0.0	2.0	68.0	0.0	0.0	11.0	0.0	0.0	0.0	4.0	0.0	0.0	0.0	0.0	0.0	0.0	0.0	0.0	0.0	0.0	0.0
SRR11143516	2140.0	5907.0	4332.0	435.0	0.0	1053.0	263.0	951.0	265.0	90.0	144.0	830.0	0.0	0.0	105.0	0.0	0.0	28.0	0.0	0.0	0.0	0.0	0.0	18.0	0.0	0.0	0.0	0.0	0.0	0.0	0.0	0.0	0.0
SRR11143519	2623.0	2497.0	3494.0	262.0	0.0	704.0	119.0	335.0	380.0	96.0	333.0	372.0	0.0	2.0	0.0	19.0	0.0	13.0	0.0	0.0	0.0	0.0	0.0	22.0	0.0	0.0	0.0	0.0	0.0	0.0	0.0	0.0	0.0
SRR11143520	4067.0	7782.0	7035.0	1867.0	0.0	1378.0	275.0	886.0	606.0	278.0	239.0	1236.0	0.0	43.0	214.0	18.0	23.0	24.0	0.0	0.0	0.0	0.0	0.0	28.0	0.0	0.0	0.0	0.0	0.0	0.0	0.0	0.0	0.0
SRR11143521	6161.0	5697.0	9080.0	1065.0	0.0	1630.0	322.0	876.0	1712.0	467.0	424.0	1492.0	0.0	0.0	421.0	0.0	21.0	81.0	0.0	0.0	14.0	193.0	41.0	0.0	0.0	10.0	0.0	0.0	0.0	0.0	0.0	0.0	0.0
SRR11143522	3061.0	7248.0	5013.0	708.0	0.0	919.0	125.0	295.0	102.0	3.0	462.0	633.0	0.0	0.0	113.0	0.0	0.0	0.0	0.0	0.0	50.0	0.0	11.0	0.0	0.0	0.0	0.0	0.0	0.0	0.0	0.0	0.0	0.0
SRR11143523	5685.0	3880.0	6012.0	957.0	0.0	1150.0	312.0	643.0	1261.0	175.0	424.0	1055.0	0.0	0.0	333.0	0.0	49.0	34.0	0.0	0.0	9.0	54.0	33.0	0.0	0.0	0.0	0.0	0.0	0.0	0.0	0.0	9.0	0.0
SRR11143524	2643.0	1498.0	5484.0	1298.0	0.0	589.0	123.0	354.0	743.0	13.0	545.0	373.0	0.0	0.0	43.0	12.0	0.0	0.0	0.0	0.0	9.0	0.0	0.0	0.0	0.0	0.0	0.0	0.0	0.0	0.0	0.0	0.0	0.0
SRR11143525	5071.0	3272.0	7890.0	1124.0	0.0	782.0	567.0	1139.0	1204.0	26.0	295.0	833.0	0.0	0.0	297.0	9.0	117.0	0.0	11.0	0.0	15.0	48.0	68.0	0.0	0.0	44.0	0.0	0.0	0.0	0.0	0.0	0.0	0.0
SRR11143526	5507.0	4655.0	7614.0	808.0	0.0	860.0	430.0	880.0	830.0	45.0	679.0	1200.0	0.0	64.0	471.0	40.0	31.0	0.0	18.0	0.0	12.0	106.0	109.0	0.0	0.0	0.0	0.0	0.0	0.0	0.0	0.0	0.0	0.0
SRR11143527	5556.0	6941.0	7738.0	1565.0	0.0	1863.0	675.0	1501.0	1169.0	454.0	199.0	2010.0	0.0	17.0	330.0	0.0	34.0	81.0	0.0	0.0	15.0	87.0	28.0	19.0	0.0	18.0	0.0	0.0	18.0	0.0	0.0	0.0	0.0
SRR11143533	1895.0	2994.0	2668.0	297.0	0.0	456.0	232.0	204.0	524.0	63.0	286.0	453.0	0.0	0.0	148.0	0.0	0.0	0.0	0.0	0.0	0.0	20.0	27.0	0.0	0.0	0.0	0.0	0.0	0.0	0.0	0.0	0.0	0.0
SRR11143536	2894.0	3805.0	3345.0	571.0	0.0	751.0	41.0	534.0	202.0	229.0	580.0	632.0	0.0	26.0	174.0	0.0	0.0	25.0	0.0	0.0	21.0	0.0	0.0	0.0	0.0	0.0	0.0	0.0	0.0	0.0	0.0	0.0	0.0
SRR11143537	6923.0	7864.0	7452.0	910.0	27.0	2559.0	832.0	1516.0	847.0	750.0	425.0	1532.0	50.0	34.0	300.0	0.0	46.0	90.0	16.0	0.0	64.0	0.0	0.0	0.0	0.0	0.0	12.0	0.0	0.0	0.0	0.0	0.0	0.0
SRR11143538	4442.0	3416.0	4542.0	698.0	0.0	1213.0	219.0	704.0	269.0	206.0	498.0	678.0	24.0	30.0	226.0	0.0	15.0	0.0	6.0	0.0	36.0	0.0	0.0	0.0	0.0	0.0	0.0	0.0	7.0	0.0	0.0	0.0	0.0
SRR11143556	1359.0	309.0	2412.0	3136.0	0.0	229.0	0.0	280.0	543.0	636.0	613.0	214.0	90.0	78.0	174.0	0.0	0.0	0.0	0.0	0.0	0.0	0.0	0.0	0.0	0.0	0.0	0.0	0.0	0.0	0.0	0.0	0.0	0.0
SRR11143567	4292.0	6269.0	5656.0	730.0	0.0	1587.0	356.0	1460.0	315.0	443.0	701.0	1172.0	81.0	32.0	346.0	0.0	0.0	0.0	28.0	0.0	22.0	0.0	0.0	0.0	0.0	0.0	0.0	0.0	11.0	0.0	0.0	0.0	0.0
SRR11143569	3224.0	3540.0	4328.0	507.0	0.0	1422.0	226.0	828.0	303.0	185.0	475.0	653.0	0.0	27.0	108.0	0.0	0.0	0.0	12.0	0.0	12.0	16.0	0.0	0.0	0.0	6.0	0.0	0.0	0.0	0.0	0.0	0.0	0.0
SRR11143570	6961.0	7910.0	8679.0	1305.0	0.0	3313.0	1443.0	1753.0	488.0	548.0	719.0	1936.0	26.0	21.0	513.0	33.0	86.0	50.0	57.0	0.0	62.0	0.0	0.0	0.0	0.0	0.0	20.0	0.0	11.0	4.0	0.0	0.0	0.0
SRR11143571	4554.0	7111.0	7704.0	2100.0	23.0	1626.0	298.0	1214.0	648.0	799.0	705.0	1469.0	23.0	0.0	88.0	17.0	0.0	35.0	0.0	0.0	78.0	0.0	0.0	0.0	0.0	24.0	0.0	0.0	0.0	0.0	0.0	0.0	0.0
SRR11143572	2682.0	5431.0	5265.0	646.0	248.0	2212.0	777.0	684.0	452.0	978.0	295.0	1139.0	0.0	66.0	163.0	0.0	22.0	30.0	0.0	0.0	199.0	15.0	39.0	0.0	0.0	0.0	0.0	18.0	0.0	0.0	0.0	0.0	0.0
SRR11143574	2850.0	8502.0	5037.0	609.0	0.0	1424.0	258.0	947.0	153.0	516.0	522.0	1489.0	0.0	125.0	134.0	8.0	25.0	0.0	0.0	0.0	70.0	0.0	0.0	0.0	0.0	0.0	0.0	0.0	0.0	0.0	0.0	0.0	0.0
SRR11143576	1874.0	2956.0	4055.0	1805.0	0.0	446.0	15.0	496.0	480.0	110.0	109.0	622.0	22.0	0.0	0.0	0.0	0.0	13.0	0.0	0.0	0.0	0.0	0.0	0.0	0.0	156.0	0.0	0.0	0.0	0.0	0.0	0.0	0.0
SRR11143577	3061.0	3309.0	4563.0	1328.0	4.0	843.0	475.0	531.0	717.0	939.0	341.0	956.0	35.0	23.0	0.0	0.0	39.0	30.0	0.0	0.0	63.0	0.0	0.0	0.0	0.0	19.0	0.0	0.0	0.0	0.0	0.0	0.0	0.0
SRR11143578	2094.0	5208.0	3800.0	914.0	0.0	686.0	141.0	519.0	427.0	98.0	263.0	912.0	0.0	0.0	57.0	0.0	0.0	14.0	0.0	0.0	0.0	0.0	0.0	0.0	0.0	0.0	0.0	0.0	0.0	0.0	0.0	0.0	0.0
SRR11143583	2254.0	5543.0	4038.0	570.0	0.0	782.0	82.0	390.0	116.0	300.0	330.0	1052.0	38.0	46.0	141.0	0.0	0.0	0.0	0.0	0.0	13.0	0.0	0.0	0.0	0.0	0.0	0.0	0.0	0.0	0.0	0.0	0.0	0.0
SRR11143584	1946.0	5292.0	4505.0	941.0	0.0	715.0	15.0	471.0	151.0	178.0	255.0	636.0	0.0	0.0	128.0	0.0	0.0	0.0	0.0	0.0	0.0	0.0	0.0	0.0	0.0	0.0	0.0	0.0	0.0	0.0	0.0	0.0	0.0
SRR11143585	3384.0	5870.0	5061.0	1053.0	0.0	1461.0	107.0	746.0	371.0	294.0	527.0	1097.0	0.0	0.0	191.0	0.0	74.0	21.0	0.0	0.0	82.0	0.0	0.0	0.0	0.0	0.0	26.0	0.0	0.0	0.0	0.0	0.0	0.0
SRR11143586	771.0	1802.0	4201.0	1966.0	0.0	292.0	41.0	266.0	399.0	68.0	374.0	310.0	9.0	112.0	0.0	0.0	0.0	0.0	0.0	0.0	17.0	0.0	0.0	0.0	0.0	77.0	0.0	0.0	0.0	0.0	0.0	0.0	0.0
SRR11143587	2557.0	3785.0	4007.0	707.0	55.0	1149.0	394.0	578.0	186.0	318.0	594.0	1022.0	0.0	49.0	135.0	30.0	40.0	0.0	10.0	0.0	12.0	0.0	0.0	0.0	0.0	0.0	0.0	0.0	0.0	0.0	0.0	0.0	0.0
SRR11143589	3170.0	4670.0	3561.0	442.0	0.0	1108.0	184.0	275.0	465.0	73.0	707.0	1000.0	0.0	14.0	229.0	29.0	0.0	0.0	8.0	0.0	0.0	0.0	0.0	0.0	0.0	0.0	0.0	0.0	2.0	11.0	0.0	0.0	0.0
SRR11143591	3630.0	2019.0	6988.0	1285.0	31.0	900.0	341.0	884.0	433.0	312.0	559.0	597.0	0.0	61.0	200.0	0.0	53.0	0.0	50.0	0.0	0.0	0.0	0.0	0.0	6.0	44.0	0.0	0.0	0.0	0.0	0.0	0.0	0.0
SRR11143592	2930.0	1765.0	4609.0	874.0	26.0	1305.0	164.0	628.0	277.0	160.0	408.0	370.0	0.0	15.0	179.0	0.0	42.0	0.0	7.0	0.0	15.0	0.0	0.0	0.0	0.0	0.0	0.0	0.0	0.0	0.0	0.0	0.0	0.0
SRR11143593	2569.0	4828.0	4945.0	860.0	40.0	1824.0	201.0	757.0	335.0	288.0	495.0	752.0	0.0	123.0	52.0	0.0	0.0	0.0	0.0	0.0	11.0	18.0	0.0	0.0	0.0	0.0	0.0	6.0	0.0	0.0	0.0	0.0	0.0
SRR11143594	2570.0	6650.0	5185.0	972.0	33.0	1347.0	331.0	876.0	245.0	468.0	505.0	1544.0	5.0	0.0	115.0	0.0	0.0	9.0	23.0	0.0	37.0	0.0	0.0	0.0	0.0	22.0	0.0	0.0	12.0	0.0	0.0	0.0	0.0
SRR11143596	1796.0	5709.0	5933.0	1106.0	243.0	2105.0	281.0	606.0	346.0	1029.0	648.0	1155.0	0.0	199.0	0.0	0.0	0.0	0.0	0.0	0.0	66.0	0.0	54.0	0.0	0.0	0.0	0.0	16.0	0.0	0.0	0.0	0.0	0.0
SRR11143625	1302.0	3849.0	4347.0	847.0	24.0	669.0	75.0	556.0	261.0	142.0	273.0	1028.0	0.0	69.0	43.0	41.0	0.0	0.0	10.0	0.0	12.0	0.0	0.0	0.0	0.0	0.0	11.0	0.0	0.0	0.0	0.0	0.0	0.0
SRR11143626	2434.0	4393.0	4673.0	725.0	59.0	979.0	66.0	428.0	258.0	395.0	371.0	625.0	0.0	0.0	189.0	0.0	0.0	0.0	22.0	0.0	0.0	0.0	0.0	0.0	0.0	5.0	0.0	0.0	0.0	0.0	0.0	0.0	0.0
SRR11143627	1290.0	3628.0	4837.0	871.0	72.0	857.0	114.0	142.0	172.0	238.0	774.0	895.0	0.0	0.0	107.0	0.0	0.0	0.0	8.0	0.0	0.0	0.0	0.0	0.0	0.0	0.0	0.0	0.0	0.0	0.0	0.0	0.0	0.0
SRR11143629	2249.0	2123.0	2787.0	490.0	0.0	792.0	63.0	447.0	218.0	51.0	319.0	858.0	13.0	0.0	0.0	0.0	0.0	0.0	0.0	0.0	0.0	0.0	0.0	13.0	0.0	0.0	0.0	0.0	0.0	0.0	0.0	0.0	0.0
SRR11143633	2751.0	5223.0	3833.0	268.0	20.0	948.0	168.0	229.0	358.0	123.0	474.0	765.0	0.0	6.0	199.0	0.0	0.0	0.0	0.0	0.0	4.0	0.0	0.0	0.0	0.0	0.0	0.0	0.0	0.0	0.0	0.0	0.0	0.0
SRR11143634	1723.0	5301.0	6984.0	1270.0	20.0	705.0	137.0	695.0	285.0	258.0	487.0	678.0	0.0	124.0	94.0	0.0	0.0	0.0	0.0	0.0	18.0	0.0	0.0	0.0	0.0	33.0	0.0	0.0	0.0	0.0	0.0	0.0	0.0
SRR11143636	630.0	1317.0	5141.0	1552.0	17.0	350.0	0.0	282.0	157.0	178.0	203.0	502.0	0.0	148.0	0.0	0.0	0.0	0.0	0.0	0.0	25.0	0.0	0.0	0.0	0.0	86.0	0.0	0.0	0.0	0.0	0.0	0.0	0.0
SRR11143638	689.0	2079.0	6946.0	2251.0	0.0	383.0	56.0	586.0	379.0	66.0	247.0	558.0	0.0	111.0	0.0	0.0	16.0	0.0	0.0	0.0	34.0	0.0	0.0	0.0	0.0	120.0	0.0	0.0	0.0	0.0	0.0	0.0	0.0
SRR11143639	925.0	6684.0	2953.0	281.0	0.0	363.0	76.0	219.0	214.0	0.0	529.0	655.0	0.0	0.0	51.0	0.0	0.0	0.0	0.0	0.0	0.0	0.0	0.0	0.0	0.0	0.0	0.0	0.0	0.0	0.0	0.0	0.0	0.0
SRR11143642	1260.0	4596.0	4008.0	1151.0	0.0	487.0	7.0	136.0	196.0	0.0	257.0	461.0	0.0	0.0	25.0	0.0	0.0	0.0	0.0	0.0	0.0	0.0	0.0	0.0	0.0	0.0	0.0	0.0	0.0	0.0	0.0	0.0	0.0
SRR11143647	1040.0	4574.0	3933.0	652.0	0.0	417.0	95.0	627.0	25.0	64.0	263.0	824.0	0.0	33.0	0.0	26.0	0.0	0.0	0.0	0.0	0.0	0.0	0.0	0.0	0.0	15.0	0.0	0.0	0.0	0.0	0.0	0.0	0.0
SRR11143648	499.0	4542.0	4098.0	434.0	0.0	271.0	0.0	182.0	132.0	0.0	480.0	619.0	0.0	0.0	0.0	0.0	0.0	0.0	0.0	0.0	0.0	0.0	0.0	0.0	0.0	13.0	0.0	0.0	0.0	0.0	0.0	0.0	0.0
SRR11143649	3143.0	3045.0	4329.0	990.0	10.0	1453.0	213.0	616.0	356.0	679.0	444.0	659.0	61.0	0.0	177.0	0.0	0.0	0.0	0.0	0.0	8.0	0.0	0.0	0.0	0.0	50.0	0.0	0.0	34.0	0.0	0.0	0.0	0.0
SRR11143650	1421.0	2553.0	5813.0	1383.0	0.0	445.0	75.0	309.0	288.0	63.0	474.0	736.0	0.0	9.0	0.0	0.0	0.0	0.0	0.0	0.0	0.0	0.0	0.0	0.0	0.0	57.0	0.0	0.0	0.0	0.0	0.0	0.0	0.0
SRR11143651	2570.0	3444.0	5766.0	1677.0	0.0	984.0	413.0	343.0	773.0	53.0	288.0	982.0	0.0	7.0	0.0	0.0	0.0	13.0	0.0	0.0	0.0	0.0	0.0	0.0	0.0	0.0	0.0	0.0	0.0	0.0	0.0	0.0	0.0
SRR11143654	2048.0	4433.0	5376.0	2198.0	0.0	757.0	268.0	314.0	440.0	204.0	321.0	606.0	0.0	0.0	26.0	0.0	0.0	11.0	0.0	0.0	0.0	0.0	0.0	0.0	0.0	46.0	0.0	0.0	0.0	0.0	0.0	0.0	0.0
SRR11143656	962.0	1677.0	5573.0	1638.0	0.0	141.0	0.0	82.0	329.0	96.0	257.0	166.0	0.0	82.0	33.0	0.0	0.0	0.0	0.0	0.0	0.0	0.0	0.0	0.0	0.0	18.0	0.0	0.0	0.0	0.0	0.0	0.0	0.0
SRR11143658	3198.0	5129.0	6632.0	1822.0	0.0	1110.0	422.0	595.0	623.0	0.0	525.0	975.0	0.0	0.0	38.0	0.0	0.0	31.0	0.0	0.0	0.0	0.0	0.0	0.0	0.0	42.0	0.0	0.0	0.0	0.0	0.0	0.0	0.0
SRR11143662	1799.0	4325.0	4797.0	1832.0	0.0	613.0	190.0	231.0	442.0	281.0	142.0	564.0	0.0	0.0	0.0	0.0	0.0	0.0	0.0	0.0	0.0	0.0	0.0	0.0	0.0	21.0	0.0	0.0	0.0	0.0	0.0	0.0	9.0
SRR11143663	1770.0	2656.0	4919.0	1325.0	0.0	508.0	96.0	195.0	230.0	86.0	440.0	361.0	0.0	0.0	0.0	0.0	0.0	0.0	0.0	0.0	17.0	0.0	0.0	0.0	0.0	26.0	0.0	0.0	0.0	0.0	0.0	0.0	0.0
SRR11143666	2427.0	4026.0	5465.0	882.0	0.0	794.0	127.0	299.0	421.0	0.0	741.0	332.0	0.0	0.0	27.0	0.0	0.0	0.0	0.0	0.0	0.0	0.0	0.0	12.0	0.0	0.0	0.0	0.0	0.0	0.0	0.0	0.0	0.0
SRR11143668	2670.0	2292.0	4702.0	886.0	0.0	699.0	12.0	587.0	610.0	6.0	356.0	405.0	0.0	16.0	158.0	0.0	0.0	0.0	0.0	0.0	0.0	0.0	0.0	0.0	0.0	0.0	0.0	0.0	0.0	0.0	0.0	0.0	0.0
SRR11143669	2480.0	2864.0	4002.0	804.0	0.0	767.0	285.0	682.0	371.0	29.0	255.0	462.0	0.0	0.0	196.0	25.0	0.0	0.0	0.0	0.0	0.0	0.0	0.0	0.0	0.0	0.0	0.0	0.0	0.0	0.0	0.0	0.0	0.0
SRR11143671	2586.0	6980.0	6198.0	1348.0	0.0	1408.0	339.0	1213.0	852.0	108.0	572.0	1641.0	20.0	0.0	181.0	0.0	0.0	0.0	0.0	0.0	0.0	0.0	0.0	0.0	0.0	45.0	0.0	0.0	0.0	0.0	0.0	0.0	0.0
SRR11143677	1322.0	7336.0	6833.0	1529.0	0.0	853.0	312.0	931.0	552.0	52.0	555.0	1169.0	0.0	23.0	57.0	11.0	0.0	0.0	0.0	0.0	0.0	0.0	0.0	0.0	0.0	29.0	0.0	0.0	0.0	0.0	0.0	0.0	0.0
SRR11143678	3217.0	3713.0	6504.0	2292.0	0.0	1732.0	132.0	415.0	440.0	267.0	428.0	724.0	0.0	10.0	52.0	8.0	0.0	0.0	0.0	0.0	0.0	0.0	0.0	0.0	0.0	41.0	0.0	0.0	0.0	0.0	0.0	0.0	0.0
SRR11143679	1523.0	1658.0	5610.0	1418.0	0.0	428.0	15.0	53.0	297.0	213.0	322.0	347.0	0.0	112.0	0.0	0.0	5.0	0.0	0.0	0.0	0.0	0.0	0.0	0.0	0.0	0.0	0.0	0.0	0.0	0.0	0.0	0.0	0.0
SRR11143680	1785.0	2100.0	5045.0	1557.0	0.0	642.0	141.0	262.0	226.0	156.0	275.0	207.0	0.0	2.0	0.0	0.0	0.0	0.0	0.0	0.0	0.0	0.0	0.0	0.0	0.0	14.0	0.0	0.0	0.0	0.0	0.0	0.0	0.0
