#SampleID	d__Bacteria;p__Proteobacteria	d__Bacteria;p__Actinobacteriota	d__Bacteria;p__Chloroflexi	d__Bacteria;p__Bacteroidota	d__Bacteria;p__Gemmatimonadota	d__Bacteria;p__Acidobacteriota	d__Bacteria;p__Verrucomicrobiota	d__Bacteria;p__Planctomycetota	d__Bacteria;p__Patescibacteria	d__Bacteria;p__Myxococcota	d__Bacteria;p__Armatimonadota	d__Bacteria;p__Bdellovibrionota	d__Bacteria;p__MBNT15	d__Bacteria;p__Cyanobacteria	d__Bacteria;p__Elusimicrobiota	d__Bacteria;p__Latescibacterota	d__Bacteria;p__Firmicutes	d__Bacteria;p__Nitrospirota	d__Bacteria;p__Dependentiae	d__Bacteria;p__Sumerlaeota	d__Bacteria;p__SAR324_clade(Marine_group_B)	d__Bacteria;p__Spirochaetota	d__Bacteria;p__FCPU426	d__Bacteria;p__Abditibacteriota	d__Bacteria;p__Methylomirabilota	d__Bacteria;p__Fibrobacterota	d__Bacteria;p__Desulfobacterota	d__Bacteria;p__Deinococcota	d__Bacteria;p__WS2	d__Bacteria;p__Hydrogenedentes	d__Bacteria;p__Entotheonellaeota	d__Bacteria;p__RCP2-54	d__Bacteria;p__WPS-2	d__Bacteria;p__NB1-j	d__Bacteria;p__Fusobacteriota	d__Bacteria;p__WS4	d__Bacteria;p__Deferrisomatota	d__Bacteria;p__Margulisbacteria	d__Bacteria;p__Campylobacterota	d__Bacteria;p__Deferribacterota	d__Bacteria;p__Zixibacteria	d__Bacteria;p__GAL15	d__Bacteria;p__Sva0485	d__Bacteria;p__TX1A-33	d__Bacteria;p__Dadabacteria	d__Bacteria;p__WS1	d__Bacteria;p__Cloacimonadota	d__Bacteria;p__PAUC34f	d__Bacteria;p__TA06
SRR20680469	67268.0	36037.0	9561.0	13758.0	13932.0	28999.0	11461.0	15032.0	748.0	25925.0	1329.0	1949.0	137.0	3991.0	441.0	1189.0	2319.0	1211.0	58.0	277.0	20.0	666.0	766.0	120.0	485.0	1057.0	623.0	13.0	16.0	115.0	55.0	131.0	14.0	46.0	0.0	0.0	0.0	2.0	0.0	0.0	0.0	0.0	0.0	0.0	0.0	0.0	0.0	0.0	0.0
SRR20680470	72493.0	18705.0	4967.0	5885.0	3607.0	11217.0	7099.0	6081.0	244.0	8689.0	534.0	851.0	63.0	4091.0	261.0	252.0	894.0	476.0	15.0	54.0	7.0	160.0	185.0	34.0	130.0	203.0	138.0	29.0	0.0	32.0	30.0	108.0	3.0	0.0	0.0	0.0	0.0	0.0	0.0	0.0	0.0	0.0	0.0	0.0	0.0	0.0	0.0	0.0	0.0
SRR20680471	39941.0	21616.0	6229.0	5371.0	5844.0	28237.0	10478.0	17432.0	457.0	25055.0	1767.0	368.0	227.0	11202.0	309.0	3365.0	673.0	456.0	88.0	45.0	0.0	314.0	395.0	6.0	443.0	613.0	975.0	2.0	27.0	0.0	669.0	87.0	23.0	86.0	0.0	0.0	0.0	0.0	0.0	0.0	0.0	0.0	0.0	0.0	0.0	0.0	0.0	0.0	4.0
SRR20680473	63708.0	27047.0	7381.0	8340.0	7000.0	17120.0	9759.0	8346.0	491.0	12139.0	825.0	1199.0	104.0	2537.0	521.0	551.0	1397.0	719.0	76.0	109.0	0.0	400.0	589.0	58.0	189.0	283.0	285.0	11.0	12.0	26.0	7.0	152.0	8.0	22.0	0.0	0.0	0.0	0.0	0.0	0.0	0.0	0.0	0.0	0.0	0.0	0.0	0.0	0.0	0.0
SRR20680474	92009.0	31328.0	7111.0	6408.0	4698.0	12692.0	6845.0	7369.0	315.0	9709.0	613.0	984.0	87.0	1281.0	287.0	290.0	1589.0	588.0	19.0	68.0	7.0	225.0	278.0	59.0	146.0	274.0	239.0	6.0	3.0	26.0	11.0	91.0	7.0	27.0	0.0	0.0	0.0	0.0	0.0	0.0	0.0	0.0	0.0	0.0	0.0	0.0	0.0	0.0	0.0
SRR20680475	78382.0	40876.0	9612.0	6788.0	5587.0	15341.0	10531.0	8740.0	363.0	10335.0	732.0	1216.0	90.0	2006.0	423.0	507.0	2777.0	783.0	7.0	74.0	0.0	93.0	194.0	91.0	180.0	379.0	203.0	130.0	7.0	49.0	47.0	166.0	13.0	12.0	0.0	0.0	0.0	0.0	0.0	0.0	0.0	0.0	0.0	0.0	0.0	0.0	0.0	0.0	0.0
SRR20680476	50747.0	28251.0	5855.0	4790.0	3655.0	12338.0	6386.0	6882.0	109.0	10559.0	667.0	943.0	55.0	3395.0	173.0	310.0	1612.0	832.0	14.0	74.0	8.0	79.0	168.0	110.0	145.0	221.0	108.0	0.0	0.0	17.0	32.0	109.0	0.0	6.0	0.0	0.0	0.0	0.0	0.0	0.0	0.0	0.0	0.0	0.0	0.0	0.0	0.0	0.0	0.0
SRR20680477	60876.0	38796.0	12981.0	9558.0	10784.0	26269.0	12655.0	18091.0	1110.0	23630.0	977.0	1905.0	75.0	4482.0	933.0	1187.0	2506.0	974.0	46.0	236.0	36.0	607.0	1144.0	101.0	542.0	955.0	785.0	6.0	15.0	127.0	99.0	115.0	12.0	89.0	0.0	0.0	0.0	0.0	0.0	0.0	0.0	0.0	0.0	0.0	0.0	0.0	0.0	0.0	0.0
SRR20680478	54978.0	28607.0	9675.0	10392.0	9143.0	23102.0	11105.0	13690.0	726.0	19604.0	991.0	1802.0	91.0	18870.0	571.0	871.0	1943.0	874.0	65.0	150.0	38.0	849.0	874.0	71.0	370.0	740.0	581.0	11.0	27.0	65.0	42.0	90.0	0.0	40.0	0.0	0.0	0.0	0.0	0.0	0.0	0.0	0.0	0.0	0.0	0.0	0.0	0.0	0.0	0.0
SRR20680479	49521.0	14048.0	4712.0	12505.0	5799.0	27990.0	11383.0	15228.0	651.0	24326.0	1590.0	833.0	168.0	23291.0	446.0	1938.0	968.0	117.0	73.0	50.0	0.0	865.0	836.0	165.0	282.0	1130.0	1382.0	0.0	20.0	16.0	685.0	138.0	29.0	59.0	0.0	0.0	0.0	0.0	0.0	0.0	0.0	0.0	0.0	0.0	0.0	0.0	0.0	0.0	0.0
SRR20680480	51047.0	26537.0	8622.0	8130.0	9259.0	21641.0	7673.0	9752.0	470.0	16068.0	807.0	1348.0	167.0	4313.0	480.0	944.0	1863.0	807.0	35.0	174.0	12.0	804.0	578.0	92.0	314.0	561.0	758.0	0.0	3.0	90.0	16.0	101.0	7.0	17.0	0.0	0.0	0.0	0.0	0.0	0.0	0.0	0.0	0.0	0.0	0.0	0.0	0.0	0.0	0.0
SRR20680481	44786.0	28573.0	8397.0	6049.0	7546.0	17604.0	8203.0	11752.0	218.0	21428.0	827.0	1191.0	59.0	4042.0	464.0	806.0	1886.0	678.0	23.0	189.0	20.0	437.0	879.0	37.0	339.0	578.0	507.0	0.0	0.0	65.0	23.0	106.0	0.0	39.0	0.0	0.0	0.0	4.0	0.0	0.0	0.0	0.0	0.0	0.0	0.0	0.0	0.0	0.0	0.0
SRR20680482	50367.0	23949.0	6001.0	9975.0	6561.0	21770.0	8301.0	12308.0	124.0	23111.0	1222.0	1760.0	117.0	9547.0	424.0	680.0	2401.0	754.0	20.0	117.0	0.0	674.0	794.0	104.0	385.0	662.0	375.0	14.0	16.0	101.0	20.0	121.0	12.0	10.0	0.0	0.0	0.0	9.0	0.0	0.0	0.0	0.0	0.0	0.0	0.0	0.0	0.0	0.0	0.0
SRR20680483	42131.0	22813.0	8619.0	9309.0	5773.0	26607.0	9008.0	16958.0	588.0	27465.0	2086.0	526.0	147.0	24697.0	444.0	2809.0	913.0	126.0	36.0	124.0	5.0	311.0	611.0	108.0	304.0	1017.0	918.0	12.0	9.0	24.0	496.0	100.0	9.0	61.0	0.0	0.0	0.0	0.0	0.0	0.0	0.0	0.0	0.0	0.0	0.0	2.0	0.0	0.0	0.0
SRR20680484	32297.0	16178.0	4665.0	5608.0	3986.0	13788.0	6083.0	7603.0	54.0	16669.0	770.0	1001.0	45.0	3097.0	208.0	516.0	1138.0	446.0	15.0	58.0	7.0	376.0	568.0	67.0	264.0	359.0	248.0	4.0	17.0	67.0	29.0	27.0	7.0	6.0	0.0	0.0	0.0	0.0	0.0	0.0	0.0	0.0	0.0	0.0	0.0	0.0	0.0	0.0	0.0
SRR20680485	36894.0	19254.0	4753.0	8267.0	5359.0	11408.0	6724.0	7675.0	199.0	15991.0	534.0	817.0	24.0	2819.0	151.0	601.0	1456.0	439.0	28.0	107.0	8.0	419.0	490.0	26.0	319.0	382.0	283.0	14.0	0.0	115.0	39.0	66.0	3.0	27.0	0.0	0.0	0.0	0.0	0.0	0.0	0.0	0.0	0.0	0.0	0.0	0.0	0.0	0.0	0.0
SRR20680486	44043.0	17602.0	5446.0	11908.0	6199.0	15806.0	7709.0	8942.0	266.0	13824.0	696.0	1150.0	23.0	7284.0	322.0	606.0	1607.0	568.0	22.0	105.0	6.0	561.0	605.0	44.0	179.0	548.0	202.0	43.0	0.0	62.0	18.0	49.0	0.0	10.0	0.0	0.0	0.0	0.0	0.0	0.0	0.0	0.0	0.0	0.0	0.0	0.0	0.0	0.0	0.0
SRR20680487	44604.0	19070.0	6238.0	7683.0	5203.0	16123.0	9523.0	8079.0	88.0	15640.0	596.0	1235.0	120.0	3350.0	304.0	504.0	1801.0	692.0	19.0	104.0	16.0	651.0	671.0	54.0	284.0	924.0	356.0	0.0	0.0	54.0	49.0	61.0	0.0	15.0	0.0	0.0	0.0	0.0	0.0	0.0	0.0	0.0	0.0	0.0	0.0	0.0	0.0	0.0	0.0
SRR20680488	38585.0	16261.0	3558.0	3433.0	1297.0	7013.0	4736.0	3884.0	93.0	5037.0	326.0	455.0	28.0	1864.0	47.0	173.0	1072.0	389.0	13.0	18.0	5.0	43.0	82.0	45.0	166.0	101.0	140.0	33.0	0.0	13.0	13.0	73.0	0.0	6.0	0.0	0.0	0.0	0.0	0.0	0.0	0.0	0.0	0.0	0.0	0.0	0.0	0.0	0.0	0.0
SRR20680489	33154.0	13573.0	3156.0	4310.0	1524.0	6855.0	5250.0	4692.0	31.0	7995.0	411.0	493.0	27.0	823.0	125.0	118.0	995.0	524.0	2.0	17.0	0.0	112.0	145.0	42.0	85.0	304.0	114.0	2.0	2.0	7.0	21.0	85.0	0.0	0.0	0.0	0.0	0.0	0.0	0.0	0.0	0.0	0.0	0.0	0.0	0.0	0.0	0.0	0.0	0.0
SRR20680490	49902.0	23859.0	4511.0	4815.0	2431.0	8334.0	4700.0	6473.0	80.0	10221.0	590.0	679.0	83.0	7170.0	140.0	187.0	1517.0	454.0	5.0	25.0	0.0	118.0	202.0	65.0	138.0	87.0	210.0	18.0	16.0	31.0	23.0	97.0	0.0	22.0	0.0	0.0	0.0	0.0	0.0	0.0	0.0	0.0	0.0	0.0	0.0	0.0	0.0	0.0	0.0
SRR20680491	36344.0	15374.0	3633.0	8775.0	4173.0	25324.0	8735.0	13768.0	224.0	24517.0	2194.0	376.0	258.0	11483.0	210.0	2710.0	851.0	145.0	24.0	38.0	0.0	383.0	430.0	46.0	381.0	634.0	1252.0	0.0	24.0	16.0	733.0	233.0	11.0	171.0	0.0	0.0	0.0	0.0	0.0	0.0	0.0	0.0	0.0	0.0	0.0	0.0	0.0	0.0	0.0
SRR20680492	56933.0	22044.0	4596.0	6338.0	2577.0	10225.0	8575.0	6879.0	137.0	9947.0	509.0	730.0	70.0	1050.0	186.0	311.0	1980.0	543.0	7.0	36.0	10.0	128.0	196.0	75.0	121.0	227.0	134.0	0.0	0.0	37.0	39.0	94.0	0.0	5.0	0.0	0.0	0.0	0.0	0.0	0.0	0.0	0.0	0.0	0.0	0.0	0.0	0.0	0.0	0.0
SRR20680493	50402.0	15124.0	5877.0	8798.0	2875.0	11287.0	6240.0	3965.0	173.0	13554.0	537.0	846.0	80.0	2067.0	351.0	269.0	1531.0	282.0	28.0	21.0	0.0	621.0	259.0	42.0	170.0	475.0	156.0	0.0	0.0	30.0	21.0	62.0	0.0	0.0	0.0	0.0	0.0	0.0	0.0	0.0	0.0	0.0	0.0	0.0	0.0	0.0	0.0	0.0	0.0
SRR20680494	30238.0	15946.0	4379.0	5718.0	4214.0	15090.0	4797.0	6797.0	144.0	12670.0	411.0	1011.0	47.0	2502.0	256.0	320.0	1261.0	647.0	20.0	115.0	7.0	278.0	591.0	6.0	221.0	340.0	192.0	0.0	0.0	18.0	28.0	82.0	5.0	0.0	0.0	0.0	0.0	0.0	0.0	0.0	0.0	0.0	0.0	0.0	0.0	0.0	0.0	0.0	0.0
SRR20680495	33981.0	14892.0	5742.0	6486.0	4293.0	22991.0	8277.0	12418.0	372.0	18957.0	1403.0	288.0	230.0	20989.0	265.0	2043.0	716.0	152.0	84.0	50.0	0.0	270.0	475.0	29.0	372.0	605.0	781.0	0.0	6.0	15.0	472.0	53.0	28.0	75.0	0.0	0.0	0.0	0.0	5.0	0.0	0.0	0.0	0.0	0.0	0.0	0.0	0.0	0.0	0.0
SRR20680496	49548.0	15186.0	7373.0	20750.0	4800.0	14898.0	9347.0	8144.0	205.0	23739.0	795.0	1172.0	57.0	3319.0	378.0	448.0	1426.0	535.0	22.0	164.0	0.0	3689.0	440.0	72.0	189.0	612.0	484.0	14.0	5.0	76.0	34.0	63.0	5.0	9.0	0.0	0.0	0.0	0.0	0.0	0.0	0.0	0.0	0.0	0.0	0.0	0.0	0.0	0.0	0.0
SRR20680497	60508.0	22301.0	7804.0	14466.0	8773.0	23375.0	11077.0	13225.0	141.0	20852.0	899.0	1949.0	82.0	6512.0	366.0	816.0	1992.0	775.0	12.0	100.0	10.0	895.0	935.0	56.0	372.0	979.0	362.0	21.0	9.0	69.0	97.0	87.0	0.0	33.0	0.0	0.0	0.0	0.0	0.0	0.0	0.0	0.0	0.0	0.0	0.0	0.0	0.0	0.0	0.0
SRR20680530	30888.0	12221.0	3440.0	5011.0	3809.0	21385.0	7229.0	10566.0	226.0	25626.0	1395.0	352.0	135.0	10801.0	393.0	2526.0	757.0	685.0	155.0	40.0	23.0	606.0	649.0	0.0	308.0	635.0	1134.0	0.0	0.0	10.0	477.0	114.0	14.0	56.0	0.0	0.0	0.0	0.0	0.0	0.0	0.0	0.0	0.0	0.0	0.0	0.0	0.0	0.0	0.0
SRR20680531	16121.0	13616.0	1874.0	1107.0	1604.0	10899.0	2467.0	9597.0	4.0	15931.0	755.0	89.0	120.0	10977.0	127.0	1443.0	631.0	181.0	0.0	5.0	0.0	35.0	72.0	9.0	178.0	172.0	1173.0	4.0	2.0	0.0	431.0	33.0	5.0	52.0	0.0	0.0	0.0	0.0	0.0	0.0	0.0	0.0	0.0	0.0	0.0	0.0	0.0	0.0	0.0
SRR20680532	22983.0	9573.0	3110.0	3035.0	2939.0	15894.0	4873.0	7782.0	132.0	14399.0	908.0	325.0	199.0	13311.0	192.0	1176.0	429.0	286.0	13.0	72.0	7.0	198.0	221.0	17.0	164.0	379.0	633.0	65.0	0.0	2.0	226.0	38.0	0.0	70.0	0.0	0.0	0.0	0.0	0.0	0.0	0.0	0.0	0.0	0.0	0.0	0.0	0.0	0.0	0.0
SRR20680533	37390.0	16444.0	4995.0	4558.0	5900.0	25299.0	10544.0	10978.0	404.0	18580.0	1763.0	622.0	288.0	5326.0	415.0	1888.0	980.0	469.0	56.0	84.0	25.0	321.0	603.0	57.0	294.0	975.0	3242.0	0.0	24.0	7.0	489.0	93.0	4.0	89.0	0.0	0.0	0.0	0.0	0.0	0.0	0.0	0.0	0.0	0.0	0.0	0.0	0.0	0.0	0.0
SRR20680534	51625.0	19414.0	6890.0	8642.0	8448.0	35146.0	12737.0	17647.0	857.0	32117.0	2731.0	1249.0	405.0	8600.0	823.0	2828.0	864.0	1250.0	137.0	97.0	23.0	309.0	986.0	272.0	848.0	1568.0	3145.0	56.0	13.0	29.0	718.0	193.0	10.0	188.0	0.0	0.0	10.0	0.0	0.0	0.0	0.0	0.0	0.0	0.0	0.0	0.0	0.0	0.0	0.0
SRR20680535	28330.0	14749.0	4173.0	4220.0	3630.0	20279.0	6620.0	12210.0	101.0	20311.0	1470.0	222.0	76.0	9511.0	247.0	1852.0	858.0	107.0	8.0	47.0	0.0	243.0	235.0	30.0	427.0	309.0	1115.0	0.0	0.0	0.0	545.0	101.0	10.0	45.0	0.0	0.0	0.0	0.0	0.0	0.0	0.0	0.0	0.0	0.0	0.0	0.0	0.0	0.0	0.0
SRR20680536	28593.0	11163.0	3542.0	3618.0	3984.0	20965.0	6400.0	9894.0	147.0	26805.0	1246.0	340.0	203.0	6075.0	171.0	2212.0	686.0	186.0	46.0	59.0	0.0	403.0	330.0	13.0	410.0	474.0	1024.0	0.0	7.0	7.0	430.0	165.0	16.0	98.0	0.0	0.0	0.0	0.0	0.0	0.0	0.0	0.0	0.0	0.0	0.0	0.0	0.0	0.0	0.0
SRR20680537	14459.0	5658.0	1775.0	1179.0	1585.0	8801.0	2786.0	4414.0	78.0	15233.0	766.0	340.0	164.0	8314.0	73.0	846.0	285.0	91.0	47.0	32.0	0.0	150.0	146.0	6.0	132.0	250.0	979.0	4.0	2.0	7.0	282.0	80.0	0.0	67.0	0.0	0.0	0.0	0.0	0.0	0.0	0.0	0.0	0.0	0.0	0.0	0.0	0.0	0.0	0.0
SRR20680539	33475.0	7977.0	6497.0	6747.0	3305.0	15381.0	5999.0	9372.0	361.0	19497.0	1953.0	330.0	93.0	48792.0	215.0	511.0	430.0	67.0	340.0	90.0	3.0	193.0	410.0	50.0	163.0	352.0	1959.0	0.0	3.0	4.0	256.0	33.0	0.0	16.0	0.0	0.0	0.0	0.0	0.0	0.0	0.0	0.0	0.0	0.0	0.0	0.0	0.0	0.0	0.0
SRR20680542	45905.0	18553.0	4809.0	7318.0	7275.0	26744.0	7661.0	16386.0	389.0	28901.0	2292.0	591.0	552.0	6559.0	455.0	3233.0	730.0	179.0	235.0	55.0	0.0	475.0	596.0	105.0	811.0	623.0	1044.0	4.0	20.0	45.0	755.0	93.0	20.0	82.0	0.0	0.0	0.0	0.0	0.0	0.0	0.0	0.0	0.0	0.0	0.0	0.0	0.0	0.0	0.0
SRR20680543	61133.0	22277.0	7442.0	12424.0	7810.0	38782.0	14775.0	17095.0	647.0	30330.0	2465.0	776.0	451.0	10341.0	764.0	2336.0	1134.0	365.0	103.0	162.0	4.0	988.0	826.0	94.0	333.0	1055.0	1639.0	0.0	11.0	22.0	383.0	65.0	29.0	144.0	0.0	0.0	0.0	0.0	0.0	0.0	0.0	0.0	0.0	0.0	0.0	0.0	0.0	0.0	0.0
SRR20680545	50616.0	22145.0	8226.0	8247.0	6576.0	28457.0	10140.0	14165.0	292.0	29992.0	2282.0	600.0	252.0	13502.0	307.0	2495.0	943.0	434.0	105.0	102.0	0.0	111.0	387.0	61.0	453.0	787.0	1126.0	3.0	36.0	7.0	555.0	106.0	10.0	48.0	0.0	0.0	0.0	0.0	0.0	0.0	0.0	0.0	0.0	0.0	0.0	0.0	0.0	0.0	0.0
SRR20680546	42835.0	9296.0	6074.0	9784.0	5786.0	22161.0	7413.0	10682.0	290.0	19638.0	2178.0	702.0	225.0	76275.0	273.0	783.0	584.0	260.0	211.0	156.0	14.0	315.0	612.0	85.0	325.0	858.0	705.0	21.0	5.0	0.0	295.0	45.0	0.0	28.0	0.0	0.0	0.0	6.0	0.0	0.0	0.0	0.0	0.0	0.0	0.0	0.0	0.0	0.0	0.0
SRR20680548	37822.0	18675.0	6313.0	4299.0	4798.0	22845.0	6946.0	11067.0	256.0	27779.0	1602.0	472.0	394.0	26958.0	267.0	2446.0	742.0	487.0	71.0	0.0	6.0	98.0	331.0	168.0	393.0	519.0	1306.0	9.0	16.0	0.0	408.0	117.0	0.0	140.0	0.0	0.0	0.0	0.0	0.0	0.0	0.0	0.0	0.0	0.0	0.0	0.0	0.0	0.0	0.0
SRR20680549	24899.0	10945.0	8904.0	3655.0	2571.0	15153.0	5518.0	9400.0	164.0	21407.0	1358.0	532.0	79.0	46743.0	250.0	922.0	522.0	321.0	206.0	17.0	222.0	232.0	348.0	44.0	263.0	419.0	1626.0	26.0	31.0	4.0	358.0	82.0	11.0	87.0	0.0	0.0	0.0	0.0	0.0	0.0	0.0	0.0	0.0	0.0	0.0	0.0	0.0	0.0	0.0
SRR20680551	39726.0	20020.0	5343.0	5280.0	5427.0	25210.0	8300.0	14952.0	338.0	28173.0	2147.0	518.0	349.0	8905.0	533.0	2882.0	504.0	532.0	62.0	68.0	0.0	234.0	460.0	70.0	407.0	951.0	1192.0	26.0	22.0	17.0	569.0	87.0	10.0	123.0	0.0	0.0	0.0	0.0	0.0	0.0	0.0	0.0	0.0	0.0	0.0	0.0	0.0	0.0	0.0
SRR20680552	58112.0	41507.0	8395.0	3999.0	4416.0	12617.0	7376.0	10152.0	77.0	14450.0	909.0	673.0	164.0	1703.0	126.0	344.0	2138.0	601.0	33.0	23.0	16.0	82.0	160.0	107.0	215.0	189.0	212.0	7.0	3.0	33.0	56.0	123.0	16.0	0.0	0.0	0.0	0.0	5.0	0.0	0.0	0.0	0.0	0.0	0.0	0.0	0.0	0.0	0.0	0.0
SRR20680553	82673.0	46946.0	12985.0	9227.0	8734.0	18996.0	12219.0	16609.0	613.0	12555.0	1257.0	1445.0	143.0	1567.0	369.0	804.0	2197.0	1105.0	35.0	130.0	7.0	186.0	405.0	137.0	420.0	298.0	340.0	12.0	9.0	52.0	73.0	175.0	11.0	22.0	0.0	0.0	0.0	7.0	0.0	0.0	0.0	0.0	0.0	0.0	0.0	0.0	0.0	0.0	0.0
SRR20680554	53952.0	34510.0	6184.0	4173.0	3346.0	11075.0	5518.0	8698.0	119.0	10446.0	838.0	814.0	10.0	3769.0	158.0	251.0	5686.0	526.0	9.0	55.0	17.0	77.0	217.0	58.0	221.0	177.0	275.0	4.0	4.0	30.0	61.0	177.0	9.0	6.0	0.0	0.0	0.0	0.0	0.0	0.0	0.0	0.0	0.0	0.0	0.0	0.0	0.0	0.0	0.0
SRR20680555	33163.0	16874.0	4068.0	6663.0	5433.0	22931.0	7017.0	16642.0	87.0	24109.0	2035.0	312.0	221.0	15699.0	390.0	2503.0	838.0	79.0	7.0	53.0	0.0	180.0	543.0	109.0	361.0	395.0	772.0	0.0	0.0	13.0	687.0	77.0	17.0	104.0	0.0	0.0	0.0	0.0	0.0	0.0	0.0	0.0	0.0	0.0	0.0	0.0	0.0	0.0	0.0
SRR20680556	50701.0	31551.0	7080.0	5636.0	8932.0	16950.0	7587.0	9448.0	280.0	16797.0	692.0	1281.0	128.0	7054.0	323.0	715.0	1998.0	996.0	39.0	168.0	23.0	397.0	321.0	64.0	481.0	488.0	509.0	78.0	0.0	77.0	32.0	52.0	18.0	26.0	0.0	0.0	0.0	0.0	0.0	0.0	0.0	0.0	0.0	0.0	0.0	0.0	0.0	0.0	0.0
SRR20680557	65251.0	28120.0	8381.0	9943.0	9657.0	27689.0	10604.0	12314.0	756.0	21127.0	971.0	1699.0	87.0	4877.0	640.0	1192.0	1764.0	796.0	115.0	259.0	50.0	540.0	783.0	129.0	459.0	652.0	477.0	34.0	29.0	146.0	26.0	123.0	0.0	39.0	0.0	0.0	0.0	0.0	0.0	0.0	0.0	0.0	0.0	0.0	0.0	0.0	0.0	0.0	0.0
SRR20680558	43857.0	22318.0	7626.0	7558.0	6743.0	18581.0	6135.0	8646.0	280.0	20881.0	866.0	1219.0	111.0	2876.0	280.0	730.0	1473.0	647.0	33.0	152.0	33.0	570.0	581.0	95.0	316.0	596.0	467.0	4.0	15.0	85.0	7.0	108.0	0.0	18.0	0.0	0.0	0.0	2.0	0.0	0.0	0.0	0.0	0.0	0.0	0.0	0.0	0.0	0.0	0.0
SRR20680559	44611.0	23109.0	7776.0	9657.0	6009.0	30415.0	11350.0	21742.0	804.0	25816.0	2937.0	587.0	291.0	17283.0	444.0	2706.0	757.0	212.0	174.0	144.0	6.0	228.0	702.0	130.0	403.0	883.0	1114.0	7.0	38.0	14.0	637.0	163.0	15.0	232.0	0.0	0.0	0.0	0.0	0.0	0.0	0.0	0.0	0.0	0.0	0.0	0.0	0.0	0.0	0.0
SRR20680560	63063.0	28959.0	8117.0	15726.0	13279.0	31076.0	13091.0	14652.0	1095.0	23873.0	1171.0	2150.0	124.0	6269.0	642.0	1123.0	3017.0	1008.0	37.0	134.0	22.0	867.0	793.0	96.0	374.0	945.0	531.0	11.0	20.0	129.0	36.0	185.0	13.0	20.0	0.0	0.0	0.0	0.0	0.0	0.0	0.0	0.0	0.0	0.0	0.0	0.0	0.0	4.0	0.0
SRR20680561	31095.0	18937.0	3995.0	4374.0	4193.0	11419.0	5817.0	7694.0	39.0	18861.0	554.0	685.0	69.0	2500.0	235.0	690.0	1162.0	559.0	8.0	118.0	0.0	439.0	461.0	70.0	255.0	447.0	309.0	15.0	6.0	86.0	24.0	58.0	4.0	35.0	0.0	0.0	0.0	2.0	0.0	0.0	0.0	0.0	0.0	0.0	0.0	0.0	0.0	0.0	0.0
SRR20680562	54859.0	24110.0	3905.0	3781.0	2180.0	8606.0	5246.0	4403.0	47.0	4490.0	388.0	299.0	35.0	1001.0	0.0	211.0	2789.0	284.0	2.0	27.0	0.0	19.0	36.0	96.0	134.0	23.0	76.0	9.0	14.0	5.0	7.0	52.0	0.0	3.0	0.0	0.0	0.0	0.0	0.0	0.0	0.0	0.0	0.0	4.0	0.0	0.0	0.0	0.0	0.0
SRR20680563	69781.0	33975.0	7694.0	6343.0	4513.0	16428.0	10966.0	12995.0	218.0	11446.0	1138.0	1082.0	0.0	2835.0	346.0	404.0	3412.0	965.0	8.0	78.0	15.0	152.0	399.0	180.0	186.0	335.0	349.0	0.0	7.0	36.0	27.0	179.0	0.0	0.0	0.0	0.0	0.0	0.0	0.0	0.0	0.0	0.0	0.0	0.0	0.0	0.0	0.0	0.0	0.0
SRR20680564	59279.0	20197.0	4573.0	8144.0	2804.0	10280.0	10404.0	6544.0	231.0	7621.0	384.0	858.0	0.0	1129.0	181.0	228.0	2042.0	613.0	15.0	57.0	16.0	198.0	399.0	67.0	145.0	274.0	113.0	9.0	0.0	11.0	3.0	72.0	7.0	25.0	0.0	0.0	0.0	0.0	0.0	0.0	0.0	0.0	0.0	0.0	3.0	0.0	0.0	0.0	0.0
SRR20680565	29579.0	15296.0	3860.0	1884.0	1201.0	4338.0	1831.0	4739.0	41.0	8238.0	608.0	365.0	31.0	767.0	77.0	164.0	713.0	437.0	3.0	14.0	2.0	62.0	41.0	21.0	94.0	33.0	130.0	7.0	0.0	36.0	18.0	47.0	0.0	4.0	0.0	0.0	0.0	0.0	8.0	0.0	0.0	0.0	0.0	0.0	0.0	0.0	0.0	0.0	0.0
SRR20680566	22370.0	12876.0	2506.0	2255.0	3636.0	11916.0	4087.0	8299.0	36.0	19801.0	694.0	53.0	77.0	8489.0	170.0	1503.0	398.0	55.0	0.0	7.0	0.0	176.0	157.0	13.0	137.0	281.0	567.0	0.0	0.0	11.0	454.0	55.0	0.0	68.0	0.0	0.0	0.0	0.0	0.0	0.0	0.0	0.0	0.0	0.0	0.0	0.0	0.0	0.0	0.0
SRR20680567	33209.0	22562.0	3636.0	2311.0	1620.0	6916.0	3214.0	6064.0	21.0	8157.0	591.0	443.0	71.0	2179.0	53.0	143.0	1568.0	359.0	8.0	3.0	0.0	71.0	84.0	64.0	145.0	90.0	110.0	16.0	0.0	14.0	6.0	88.0	6.0	3.0	0.0	0.0	0.0	0.0	0.0	0.0	0.0	0.0	0.0	0.0	0.0	0.0	0.0	0.0	0.0
SRR20680568	34567.0	17046.0	4733.0	6485.0	4778.0	16710.0	6491.0	8844.0	27.0	19369.0	629.0	1373.0	90.0	4545.0	367.0	440.0	1590.0	620.0	4.0	101.0	3.0	342.0	611.0	92.0	265.0	548.0	279.0	6.0	9.0	53.0	42.0	106.0	0.0	0.0	0.0	0.0	0.0	0.0	0.0	0.0	0.0	0.0	0.0	0.0	0.0	0.0	0.0	0.0	0.0
SRR20680569	23768.0	17363.0	2929.0	2480.0	3208.0	10311.0	4696.0	6374.0	34.0	11226.0	507.0	480.0	44.0	5092.0	133.0	345.0	1042.0	478.0	9.0	107.0	4.0	161.0	291.0	55.0	311.0	853.0	346.0	18.0	3.0	94.0	34.0	75.0	7.0	10.0	0.0	0.0	0.0	0.0	0.0	0.0	0.0	0.0	0.0	0.0	0.0	0.0	0.0	0.0	0.0
SRR20680570	53907.0	18391.0	3514.0	8863.0	2519.0	11518.0	11552.0	7736.0	198.0	11263.0	805.0	782.0	39.0	1895.0	129.0	204.0	1539.0	706.0	59.0	30.0	6.0	162.0	276.0	140.0	166.0	202.0	132.0	8.0	4.0	79.0	9.0	113.0	8.0	8.0	0.0	0.0	0.0	0.0	0.0	0.0	0.0	0.0	0.0	0.0	0.0	0.0	0.0	0.0	0.0
SRR20680571	42655.0	18823.0	3992.0	4496.0	2967.0	10203.0	6267.0	5136.0	112.0	7470.0	598.0	1049.0	146.0	4361.0	330.0	240.0	2375.0	292.0	21.0	13.0	0.0	364.0	249.0	0.0	105.0	214.0	212.0	0.0	0.0	83.0	26.0	110.0	0.0	18.0	0.0	0.0	0.0	0.0	0.0	0.0	0.0	0.0	0.0	0.0	0.0	0.0	0.0	0.0	0.0
SRR20680572	37870.0	14593.0	3869.0	7088.0	6106.0	23722.0	9908.0	15503.0	1256.0	18029.0	1522.0	958.0	431.0	5465.0	550.0	1699.0	3116.0	700.0	149.0	58.0	5.0	356.0	1649.0	20.0	423.0	1221.0	5250.0	0.0	0.0	0.0	507.0	30.0	10.0	101.0	0.0	0.0	0.0	0.0	0.0	0.0	0.0	0.0	0.0	0.0	0.0	0.0	0.0	0.0	0.0
SRR20680573	64513.0	29156.0	7481.0	6349.0	3875.0	14767.0	8365.0	9938.0	194.0	11663.0	875.0	1051.0	135.0	1603.0	489.0	412.0	2371.0	690.0	4.0	72.0	22.0	189.0	374.0	56.0	179.0	386.0	210.0	5.0	0.0	30.0	23.0	132.0	0.0	19.0	0.0	0.0	0.0	0.0	0.0	0.0	0.0	0.0	0.0	0.0	0.0	0.0	0.0	0.0	0.0
SRR20680574	57977.0	27813.0	4957.0	6053.0	2582.0	9671.0	7565.0	7467.0	73.0	6692.0	719.0	858.0	30.0	1545.0	209.0	265.0	1876.0	491.0	13.0	13.0	0.0	77.0	76.0	211.0	168.0	144.0	190.0	4.0	8.0	24.0	27.0	71.0	8.0	0.0	0.0	0.0	0.0	0.0	0.0	0.0	0.0	0.0	0.0	0.0	0.0	0.0	0.0	0.0	0.0
SRR20680575	45786.0	21815.0	6215.0	8280.0	5912.0	30001.0	9586.0	16420.0	436.0	35158.0	1865.0	537.0	284.0	17265.0	295.0	2843.0	1014.0	111.0	139.0	131.0	0.0	787.0	615.0	42.0	320.0	794.0	1019.0	0.0	10.0	22.0	547.0	166.0	14.0	93.0	0.0	0.0	0.0	0.0	0.0	0.0	0.0	0.0	3.0	0.0	0.0	0.0	2.0	0.0	0.0
SRR20680576	45076.0	23605.0	4987.0	4513.0	2465.0	10218.0	6042.0	7735.0	73.0	9782.0	711.0	665.0	29.0	3448.0	204.0	272.0	1903.0	488.0	0.0	40.0	4.0	99.0	143.0	116.0	140.0	290.0	179.0	8.0	4.0	20.0	17.0	100.0	7.0	0.0	0.0	0.0	0.0	0.0	0.0	0.0	0.0	0.0	0.0	0.0	0.0	0.0	0.0	0.0	0.0
SRR20680584	34557.0	19345.0	3720.0	4353.0	4821.0	18242.0	6887.0	16816.0	110.0	27366.0	1237.0	443.0	407.0	6891.0	473.0	2487.0	562.0	320.0	30.0	33.0	6.0	323.0	297.0	6.0	356.0	902.0	805.0	0.0	27.0	9.0	1000.0	115.0	0.0	115.0	0.0	0.0	0.0	0.0	0.0	0.0	0.0	0.0	0.0	0.0	0.0	0.0	0.0	0.0	0.0
SRR20680585	29949.0	13706.0	5029.0	5312.0	5435.0	15202.0	5691.0	12865.0	106.0	20044.0	1300.0	280.0	215.0	17517.0	304.0	2184.0	800.0	109.0	22.0	12.0	4.0	299.0	264.0	27.0	472.0	555.0	1372.0	6.0	0.0	11.0	658.0	112.0	20.0	89.0	0.0	0.0	0.0	0.0	0.0	0.0	0.0	0.0	0.0	0.0	0.0	0.0	0.0	0.0	0.0
SRR20680586	38167.0	14332.0	2986.0	4152.0	4317.0	21975.0	5599.0	11129.0	172.0	21973.0	1072.0	331.0	155.0	4494.0	316.0	1431.0	832.0	182.0	52.0	23.0	0.0	283.0	512.0	15.0	281.0	836.0	7480.0	8.0	13.0	0.0	575.0	58.0	9.0	121.0	0.0	0.0	0.0	0.0	0.0	0.0	0.0	0.0	0.0	0.0	0.0	0.0	0.0	0.0	0.0
SRR20680588	42099.0	20898.0	4230.0	5851.0	4827.0	23793.0	7204.0	14571.0	301.0	31980.0	1655.0	450.0	506.0	10023.0	403.0	2593.0	879.0	208.0	34.0	29.0	0.0	500.0	499.0	33.0	457.0	535.0	1461.0	11.0	0.0	9.0	980.0	90.0	0.0	133.0	0.0	0.0	0.0	0.0	0.0	0.0	0.0	0.0	0.0	0.0	0.0	0.0	0.0	0.0	0.0
SRR20680589	52682.0	11447.0	3691.0	21247.0	2815.0	25278.0	12537.0	9477.0	298.0	26841.0	1674.0	458.0	217.0	6793.0	240.0	1434.0	650.0	37.0	15.0	19.0	0.0	1782.0	491.0	50.0	38.0	563.0	8420.0	26.0	0.0	11.0	318.0	120.0	34.0	91.0	0.0	0.0	0.0	0.0	0.0	0.0	0.0	0.0	0.0	0.0	0.0	0.0	0.0	0.0	0.0
SRR20680590	37654.0	18357.0	3883.0	5066.0	4470.0	22570.0	6228.0	13753.0	239.0	26718.0	1755.0	379.0	421.0	19378.0	263.0	2397.0	885.0	257.0	36.0	8.0	0.0	247.0	416.0	11.0	359.0	588.0	1525.0	26.0	40.0	11.0	702.0	183.0	40.0	130.0	0.0	0.0	0.0	0.0	0.0	0.0	0.0	0.0	0.0	0.0	0.0	0.0	0.0	0.0	0.0
SRR20680592	52090.0	24432.0	4881.0	5232.0	7306.0	23767.0	8126.0	18008.0	240.0	35580.0	1662.0	531.0	549.0	9955.0	597.0	3057.0	1217.0	629.0	47.0	13.0	0.0	338.0	734.0	100.0	527.0	688.0	1209.0	0.0	13.0	15.0	962.0	193.0	5.0	129.0	0.0	0.0	0.0	0.0	0.0	0.0	0.0	0.0	0.0	0.0	0.0	0.0	0.0	0.0	0.0
SRR20680593	22215.0	13799.0	3059.0	2078.0	3483.0	12201.0	3303.0	8662.0	14.0	14744.0	775.0	259.0	138.0	28327.0	190.0	1445.0	513.0	286.0	38.0	10.0	2.0	164.0	236.0	16.0	268.0	223.0	601.0	0.0	0.0	7.0	504.0	46.0	5.0	57.0	0.0	0.0	0.0	0.0	0.0	0.0	0.0	0.0	0.0	0.0	0.0	0.0	0.0	0.0	0.0
SRR20680594	41914.0	15638.0	4405.0	6290.0	5314.0	22080.0	6954.0	11312.0	341.0	33425.0	1647.0	394.0	421.0	30586.0	264.0	1939.0	787.0	615.0	87.0	0.0	3.0	177.0	724.0	53.0	237.0	1047.0	1367.0	0.0	0.0	14.0	493.0	182.0	0.0	114.0	0.0	0.0	0.0	0.0	0.0	0.0	0.0	0.0	0.0	0.0	0.0	0.0	0.0	0.0	0.0
SRR20680595	40140.0	21226.0	4319.0	4910.0	4393.0	22743.0	6041.0	10475.0	102.0	30795.0	1862.0	210.0	275.0	40774.0	303.0	1835.0	703.0	258.0	19.0	21.0	0.0	40.0	291.0	28.0	189.0	516.0	1349.0	19.0	11.0	6.0	598.0	124.0	0.0	104.0	0.0	0.0	0.0	0.0	0.0	0.0	0.0	0.0	0.0	0.0	0.0	0.0	0.0	0.0	0.0
SRR20680596	22142.0	6194.0	4677.0	4330.0	2088.0	12826.0	3499.0	5456.0	9.0	20685.0	1567.0	214.0	52.0	63991.0	155.0	537.0	508.0	136.0	15.0	28.0	0.0	98.0	102.0	50.0	66.0	368.0	333.0	0.0	0.0	8.0	232.0	45.0	6.0	28.0	0.0	0.0	0.0	0.0	0.0	0.0	0.0	0.0	0.0	0.0	0.0	0.0	0.0	0.0	0.0
SRR20680597	53854.0	18332.0	4737.0	10152.0	5125.0	26677.0	10211.0	14278.0	854.0	25950.0	2075.0	1132.0	405.0	11602.0	565.0	2151.0	807.0	165.0	116.0	54.0	0.0	702.0	873.0	119.0	537.0	1442.0	2844.0	12.0	0.0	0.0	764.0	115.0	8.0	263.0	0.0	0.0	0.0	0.0	0.0	0.0	0.0	0.0	0.0	0.0	0.0	0.0	0.0	0.0	0.0
SRR20680598	38531.0	15287.0	4201.0	5044.0	4185.0	26228.0	8757.0	11868.0	381.0	24945.0	2017.0	429.0	299.0	7037.0	357.0	2169.0	587.0	191.0	80.0	70.0	0.0	304.0	480.0	43.0	438.0	845.0	2994.0	0.0	26.0	0.0	684.0	202.0	0.0	142.0	0.0	0.0	0.0	0.0	0.0	0.0	0.0	0.0	0.0	0.0	0.0	0.0	0.0	0.0	0.0
SRR20680599	62652.0	22224.0	8434.0	15846.0	9872.0	40189.0	15671.0	16797.0	989.0	28002.0	2586.0	864.0	284.0	9143.0	508.0	2620.0	1338.0	347.0	73.0	191.0	5.0	1684.0	919.0	159.0	431.0	1324.0	958.0	5.0	46.0	8.0	498.0	158.0	12.0	97.0	0.0	0.0	0.0	0.0	0.0	0.0	0.0	0.0	0.0	0.0	0.0	0.0	0.0	0.0	0.0
SRR20680600	56854.0	24426.0	8098.0	12156.0	8787.0	43319.0	15760.0	20707.0	802.0	35571.0	3768.0	671.0	469.0	15481.0	723.0	3471.0	998.0	342.0	118.0	135.0	5.0	461.0	708.0	53.0	521.0	1392.0	1647.0	7.0	49.0	6.0	646.0	192.0	37.0	135.0	0.0	0.0	0.0	0.0	0.0	0.0	0.0	0.0	0.0	0.0	0.0	0.0	0.0	0.0	0.0
SRR20680602	43088.0	23649.0	5206.0	3637.0	6499.0	26823.0	8750.0	11896.0	396.0	21322.0	1483.0	546.0	367.0	5523.0	376.0	1786.0	860.0	308.0	51.0	24.0	8.0	344.0	294.0	28.0	367.0	731.0	1245.0	0.0	29.0	0.0	723.0	163.0	2.0	65.0	0.0	0.0	0.0	0.0	0.0	0.0	0.0	0.0	0.0	0.0	0.0	0.0	0.0	0.0	0.0
SRR20680603	50404.0	30292.0	7044.0	4973.0	6373.0	26347.0	9922.0	13840.0	549.0	23370.0	1583.0	551.0	209.0	18530.0	349.0	1824.0	1549.0	409.0	25.0	22.0	9.0	197.0	758.0	21.0	275.0	1212.0	1179.0	10.0	2.0	9.0	813.0	131.0	16.0	121.0	0.0	0.0	0.0	0.0	0.0	0.0	0.0	0.0	0.0	0.0	0.0	0.0	0.0	0.0	0.0
SRR20680605	69525.0	23676.0	7996.0	7541.0	9460.0	43622.0	17845.0	16875.0	1008.0	28106.0	2064.0	1104.0	324.0	13759.0	696.0	1614.0	7848.0	802.0	71.0	182.0	7.0	541.0	818.0	79.0	404.0	1118.0	9395.0	38.0	26.0	8.0	736.0	97.0	0.0	101.0	0.0	0.0	9.0	0.0	0.0	0.0	0.0	0.0	0.0	0.0	0.0	0.0	0.0	0.0	0.0
SRR20680606	48218.0	26066.0	10569.0	7831.0	7064.0	33736.0	12339.0	16197.0	839.0	23407.0	2387.0	380.0	226.0	39403.0	389.0	2028.0	1071.0	546.0	170.0	126.0	12.0	146.0	580.0	98.0	383.0	520.0	1469.0	6.0	47.0	0.0	600.0	123.0	0.0	80.0	0.0	0.0	0.0	0.0	0.0	0.0	0.0	0.0	0.0	0.0	0.0	0.0	0.0	0.0	0.0
SRR20680608	25979.0	14665.0	2352.0	2276.0	2960.0	14689.0	4242.0	6670.0	110.0	14933.0	1002.0	142.0	119.0	4675.0	195.0	1384.0	239.0	111.0	31.0	50.0	0.0	217.0	153.0	18.0	229.0	202.0	546.0	0.0	2.0	0.0	406.0	102.0	9.0	59.0	0.0	0.0	0.0	0.0	0.0	0.0	0.0	0.0	0.0	0.0	0.0	0.0	0.0	0.0	0.0
SRR20680610	30120.0	14055.0	3760.0	7601.0	3336.0	20378.0	6174.0	13784.0	158.0	19863.0	1596.0	437.0	163.0	7568.0	349.0	2299.0	749.0	79.0	185.0	17.0	3.0	329.0	593.0	23.0	219.0	580.0	910.0	0.0	0.0	0.0	471.0	78.0	13.0	94.0	0.0	0.0	0.0	0.0	0.0	0.0	0.0	0.0	0.0	0.0	0.0	0.0	0.0	0.0	0.0
SRR20680611	25734.0	12187.0	5056.0	3418.0	3091.0	17884.0	5142.0	10267.0	153.0	23477.0	1512.0	276.0	155.0	14973.0	107.0	1912.0	505.0	56.0	25.0	39.0	0.0	148.0	216.0	21.0	279.0	395.0	954.0	0.0	12.0	0.0	528.0	113.0	5.0	107.0	0.0	0.0	0.0	0.0	0.0	0.0	0.0	0.0	0.0	0.0	0.0	0.0	0.0	0.0	0.0
SRR20680613	57395.0	31036.0	8575.0	7139.0	8413.0	32151.0	11335.0	17757.0	807.0	24564.0	1786.0	746.0	308.0	27467.0	266.0	1971.0	1185.0	104.0	92.0	60.0	4.0	508.0	681.0	66.0	257.0	837.0	917.0	0.0	3.0	0.0	757.0	162.0	0.0	72.0	0.0	0.0	0.0	6.0	0.0	0.0	0.0	0.0	0.0	0.0	0.0	0.0	0.0	0.0	0.0
SRR20680614	22606.0	9214.0	2317.0	2568.0	3590.0	14648.0	4326.0	6561.0	130.0	21244.0	827.0	168.0	94.0	6235.0	166.0	1696.0	439.0	77.0	36.0	41.0	0.0	214.0	180.0	21.0	194.0	334.0	656.0	0.0	0.0	0.0	371.0	46.0	0.0	42.0	0.0	0.0	0.0	0.0	0.0	0.0	0.0	0.0	0.0	0.0	0.0	0.0	0.0	0.0	0.0
SRR20680616	53343.0	30096.0	7755.0	7753.0	9173.0	16910.0	7789.0	10361.0	335.0	19164.0	733.0	1160.0	104.0	3429.0	570.0	724.0	1688.0	718.0	65.0	187.0	18.0	745.0	573.0	78.0	363.0	707.0	528.0	0.0	14.0	102.0	15.0	91.0	16.0	21.0	0.0	0.0	0.0	3.0	0.0	0.0	0.0	0.0	0.0	0.0	0.0	0.0	0.0	0.0	0.0
SRR20680617	59223.0	34532.0	8461.0	8782.0	11170.0	22127.0	8037.0	11747.0	370.0	18848.0	875.0	1256.0	103.0	2372.0	551.0	1225.0	2016.0	957.0	21.0	200.0	23.0	563.0	656.0	86.0	402.0	627.0	1746.0	6.0	22.0	146.0	57.0	93.0	9.0	44.0	0.0	0.0	0.0	0.0	0.0	0.0	0.0	0.0	0.0	0.0	0.0	0.0	0.0	0.0	0.0
SRR20680619	50132.0	25583.0	8534.0	10607.0	12099.0	24003.0	9366.0	13756.0	713.0	17895.0	784.0	1776.0	32.0	2449.0	681.0	931.0	1985.0	758.0	48.0	164.0	18.0	489.0	933.0	75.0	474.0	792.0	544.0	7.0	25.0	106.0	70.0	141.0	15.0	9.0	0.0	0.0	0.0	0.0	0.0	0.0	0.0	0.0	0.0	0.0	0.0	0.0	0.0	0.0	0.0
SRR20680620	37484.0	17398.0	6306.0	6839.0	6438.0	25276.0	9564.0	14035.0	424.0	23724.0	1641.0	168.0	213.0	14103.0	269.0	2582.0	834.0	169.0	51.0	85.0	2.0	300.0	322.0	76.0	406.0	536.0	1396.0	14.0	22.0	0.0	605.0	182.0	23.0	131.0	0.0	0.0	0.0	0.0	0.0	0.0	0.0	0.0	0.0	0.0	0.0	0.0	0.0	0.0	0.0
SRR20680622	42380.0	23963.0	6928.0	8057.0	9256.0	17580.0	8017.0	12601.0	482.0	14410.0	596.0	989.0	118.0	1796.0	474.0	904.0	1265.0	601.0	29.0	161.0	31.0	619.0	592.0	67.0	476.0	753.0	339.0	5.0	20.0	129.0	39.0	72.0	0.0	24.0	0.0	0.0	0.0	7.0	0.0	0.0	0.0	0.0	0.0	0.0	0.0	0.0	0.0	0.0	0.0
SRR20680623	88170.0	39942.0	13190.0	18287.0	13474.0	61794.0	18356.0	32067.0	868.0	63735.0	4424.0	1248.0	585.0	28496.0	778.0	4902.0	1973.0	380.0	152.0	91.0	0.0	946.0	950.0	123.0	838.0	1579.0	2573.0	0.0	22.0	17.0	1349.0	399.0	8.0	347.0	0.0	0.0	0.0	0.0	0.0	0.0	0.0	0.0	0.0	0.0	0.0	0.0	0.0	0.0	0.0
SRR20680624	43331.0	16644.0	4768.0	5827.0	5734.0	29632.0	8438.0	10842.0	308.0	38940.0	1981.0	397.0	221.0	18483.0	238.0	1949.0	844.0	585.0	52.0	39.0	0.0	403.0	310.0	18.0	254.0	409.0	1273.0	6.0	20.0	0.0	382.0	173.0	14.0	68.0	0.0	0.0	0.0	0.0	0.0	0.0	0.0	0.0	0.0	0.0	0.0	0.0	0.0	0.0	0.0
SRR20680626	28738.0	13864.0	2546.0	3663.0	2732.0	17643.0	6383.0	7274.0	397.0	14167.0	1147.0	183.0	129.0	9388.0	146.0	1126.0	15277.0	691.0	65.0	124.0	0.0	252.0	205.0	65.0	253.0	451.0	10166.0	23.0	2.0	12.0	376.0	109.0	8.0	31.0	0.0	9.0	11.0	0.0	0.0	0.0	0.0	0.0	0.0	0.0	0.0	0.0	0.0	0.0	0.0
SRR20680627	35623.0	18033.0	4211.0	5057.0	4815.0	16541.0	5034.0	10563.0	221.0	28266.0	1971.0	469.0	343.0	29451.0	329.0	1435.0	466.0	364.0	158.0	42.0	0.0	17.0	573.0	81.0	236.0	604.0	601.0	93.0	0.0	11.0	424.0	56.0	0.0	57.0	0.0	0.0	0.0	0.0	0.0	0.0	0.0	0.0	0.0	0.0	0.0	0.0	0.0	0.0	0.0
SRR20680628	35405.0	14515.0	3814.0	4233.0	3776.0	25981.0	6498.0	10402.0	145.0	31512.0	2135.0	561.0	315.0	8060.0	239.0	2202.0	599.0	469.0	75.0	27.0	4.0	281.0	236.0	24.0	238.0	496.0	1155.0	0.0	5.0	4.0	753.0	118.0	9.0	73.0	0.0	0.0	0.0	2.0	0.0	0.0	0.0	0.0	0.0	0.0	0.0	0.0	0.0	0.0	0.0
SRR20680629	51882.0	20149.0	5949.0	6046.0	7805.0	36567.0	13179.0	17519.0	876.0	23082.0	2540.0	1027.0	293.0	4502.0	842.0	1640.0	7565.0	813.0	90.0	62.0	20.0	177.0	792.0	23.0	748.0	906.0	13148.0	0.0	16.0	0.0	591.0	118.0	39.0	100.0	0.0	8.0	7.0	0.0	0.0	0.0	0.0	0.0	0.0	0.0	0.0	0.0	0.0	0.0	0.0
SRR20680630	30886.0	18212.0	4059.0	3039.0	3667.0	22598.0	5747.0	10472.0	185.0	23938.0	1751.0	475.0	215.0	16925.0	296.0	2128.0	559.0	393.0	11.0	41.0	3.0	103.0	224.0	32.0	329.0	491.0	1313.0	0.0	11.0	3.0	602.0	159.0	5.0	238.0	0.0	0.0	0.0	0.0	0.0	0.0	0.0	0.0	0.0	0.0	0.0	0.0	0.0	0.0	0.0
SRR20680631	43190.0	17553.0	4394.0	5892.0	4907.0	32083.0	10640.0	14987.0	275.0	32757.0	2427.0	589.0	371.0	10507.0	346.0	3102.0	755.0	391.0	27.0	18.0	0.0	335.0	373.0	35.0	478.0	713.0	1330.0	4.0	20.0	7.0	764.0	135.0	7.0	82.0	0.0	0.0	0.0	0.0	0.0	0.0	0.0	0.0	0.0	0.0	0.0	0.0	0.0	0.0	0.0
SRR20680632	47728.0	18495.0	5394.0	6743.0	5985.0	23968.0	7517.0	12951.0	180.0	29868.0	1944.0	328.0	261.0	18045.0	386.0	2244.0	677.0	359.0	40.0	8.0	0.0	89.0	260.0	43.0	300.0	644.0	979.0	0.0	0.0	27.0	877.0	146.0	0.0	124.0	0.0	0.0	0.0	0.0	0.0	0.0	0.0	0.0	0.0	0.0	0.0	0.0	0.0	0.0	0.0
SRR20680633	52842.0	15474.0	5627.0	8350.0	7598.0	26755.0	10681.0	12196.0	807.0	16672.0	1951.0	834.0	272.0	13269.0	292.0	1819.0	1028.0	155.0	68.0	111.0	0.0	535.0	842.0	185.0	448.0	993.0	4236.0	13.0	12.0	46.0	401.0	92.0	0.0	69.0	0.0	0.0	0.0	3.0	0.0	0.0	0.0	0.0	0.0	0.0	0.0	0.0	0.0	0.0	0.0
SRR20680634	55016.0	20595.0	5980.0	5184.0	6682.0	28285.0	10324.0	16341.0	856.0	22615.0	2092.0	553.0	402.0	7214.0	507.0	2459.0	4650.0	314.0	177.0	163.0	11.0	254.0	452.0	61.0	673.0	698.0	12596.0	0.0	18.0	16.0	680.0	158.0	21.0	115.0	0.0	6.0	0.0	0.0	0.0	0.0	0.0	0.0	0.0	0.0	0.0	0.0	0.0	0.0	0.0
SRR20680635	68564.0	41028.0	9149.0	9788.0	7151.0	53719.0	16466.0	29893.0	429.0	71822.0	4479.0	652.0	429.0	22178.0	467.0	4411.0	1610.0	159.0	45.0	65.0	3.0	700.0	535.0	56.0	714.0	664.0	2448.0	0.0	12.0	8.0	1604.0	313.0	8.0	172.0	0.0	0.0	0.0	0.0	0.0	0.0	0.0	0.0	0.0	0.0	0.0	0.0	0.0	0.0	0.0
SRR20680636	31504.0	17557.0	4777.0	4386.0	3673.0	23486.0	7108.0	14581.0	146.0	23166.0	2143.0	284.0	237.0	21766.0	114.0	2771.0	1026.0	83.0	13.0	63.0	0.0	178.0	371.0	20.0	393.0	416.0	1172.0	28.0	13.0	5.0	481.0	148.0	23.0	75.0	0.0	0.0	0.0	0.0	0.0	0.0	0.0	0.0	0.0	0.0	0.0	0.0	0.0	0.0	0.0
SRR20680638	37125.0	17564.0	4672.0	9981.0	5464.0	24031.0	7959.0	11436.0	415.0	29749.0	1400.0	414.0	220.0	8631.0	201.0	2209.0	1111.0	0.0	135.0	71.0	6.0	618.0	632.0	33.0	230.0	639.0	1234.0	0.0	12.0	31.0	353.0	90.0	0.0	48.0	0.0	0.0	0.0	0.0	0.0	0.0	0.0	0.0	0.0	0.0	0.0	0.0	0.0	0.0	0.0
SRR20680639	58867.0	18120.0	7257.0	7308.0	7341.0	34327.0	13606.0	19194.0	844.0	25881.0	1974.0	978.0	522.0	16252.0	522.0	2373.0	8261.0	801.0	270.0	70.0	4.0	210.0	610.0	110.0	529.0	915.0	6889.0	70.0	16.0	50.0	827.0	107.0	12.0	84.0	0.0	28.0	24.0	0.0	0.0	0.0	0.0	0.0	0.0	0.0	0.0	0.0	0.0	0.0	0.0
SRR20680640	63669.0	31493.0	10974.0	12585.0	11784.0	25598.0	11239.0	13256.0	750.0	22615.0	896.0	1829.0	85.0	3765.0	554.0	1024.0	1923.0	851.0	33.0	180.0	8.0	1403.0	852.0	110.0	314.0	2738.0	509.0	4.0	29.0	131.0	57.0	130.0	34.0	58.0	0.0	0.0	0.0	0.0	0.0	0.0	0.0	0.0	0.0	0.0	0.0	0.0	0.0	0.0	0.0
SRR20680641	66478.0	24727.0	4973.0	15903.0	6131.0	14131.0	17147.0	7392.0	566.0	13518.0	839.0	1326.0	68.0	1965.0	399.0	440.0	871.0	505.0	139.0	59.0	12.0	236.0	274.0	138.0	150.0	251.0	359.0	159.0	0.0	13.0	17.0	99.0	5.0	11.0	0.0	0.0	0.0	7.0	0.0	0.0	0.0	0.0	0.0	0.0	0.0	0.0	0.0	0.0	0.0
SRR20680642	45217.0	19806.0	5228.0	8236.0	6482.0	22981.0	7429.0	12900.0	152.0	25434.0	1431.0	452.0	124.0	36146.0	228.0	1966.0	940.0	405.0	48.0	27.0	2.0	336.0	481.0	148.0	251.0	764.0	946.0	41.0	0.0	20.0	861.0	119.0	17.0	57.0	0.0	0.0	0.0	0.0	0.0	0.0	0.0	0.0	0.0	0.0	0.0	0.0	0.0	0.0	0.0
SRR20680644	78971.0	31271.0	8957.0	11043.0	6783.0	16067.0	11899.0	8114.0	761.0	8558.0	706.0	1490.0	61.0	1643.0	444.0	377.0	2039.0	655.0	15.0	38.0	8.0	168.0	250.0	71.0	161.0	375.0	231.0	18.0	4.0	24.0	31.0	115.0	0.0	12.0	0.0	0.0	0.0	0.0	0.0	0.0	0.0	0.0	0.0	0.0	0.0	0.0	0.0	0.0	0.0
SRR20680645	28488.0	13373.0	1891.0	3237.0	764.0	4927.0	2616.0	3383.0	31.0	3816.0	269.0	393.0	20.0	612.0	61.0	135.0	444.0	139.0	0.0	13.0	6.0	0.0	19.0	20.0	78.0	17.0	33.0	8.0	2.0	16.0	32.0	40.0	4.0	6.0	0.0	0.0	0.0	0.0	0.0	0.0	0.0	0.0	0.0	0.0	0.0	0.0	0.0	0.0	0.0
SRR20680647	72604.0	35895.0	7496.0	6869.0	5157.0	13297.0	8015.0	6691.0	283.0	8356.0	723.0	1538.0	62.0	896.0	206.0	580.0	1412.0	593.0	19.0	28.0	4.0	83.0	57.0	83.0	129.0	265.0	104.0	12.0	3.0	23.0	29.0	110.0	10.0	24.0	0.0	0.0	0.0	0.0	0.0	0.0	0.0	0.0	0.0	0.0	0.0	0.0	0.0	0.0	0.0
SRR20680648	65897.0	28704.0	6826.0	7208.0	5348.0	13725.0	8318.0	6304.0	243.0	10909.0	565.0	1283.0	66.0	1733.0	344.0	494.0	1632.0	591.0	8.0	69.0	18.0	230.0	196.0	23.0	111.0	254.0	137.0	0.0	0.0	17.0	28.0	112.0	16.0	0.0	0.0	0.0	0.0	0.0	0.0	0.0	0.0	0.0	0.0	0.0	0.0	0.0	0.0	0.0	0.0
SRR20680650	50367.0	20836.0	7274.0	10032.0	9207.0	18666.0	8685.0	9678.0	426.0	16919.0	722.0	1332.0	66.0	5370.0	342.0	709.0	1416.0	640.0	30.0	117.0	28.0	725.0	557.0	92.0	260.0	907.0	475.0	12.0	17.0	108.0	5.0	55.0	12.0	20.0	0.0	0.0	0.0	4.0	0.0	0.0	0.0	0.0	0.0	0.0	0.0	0.0	0.0	0.0	0.0
SRR20680651	59880.0	31082.0	8310.0	10455.0	11860.0	22847.0	10707.0	11171.0	408.0	18347.0	1086.0	1465.0	54.0	3931.0	383.0	1066.0	1553.0	903.0	44.0	144.0	0.0	866.0	737.0	65.0	461.0	854.0	660.0	22.0	22.0	115.0	50.0	103.0	0.0	7.0	0.0	0.0	0.0	0.0	0.0	0.0	0.0	0.0	0.0	0.0	0.0	0.0	0.0	0.0	0.0
SRR20680653	49036.0	25650.0	7485.0	8555.0	9438.0	18495.0	6949.0	8962.0	336.0	17319.0	747.0	936.0	84.0	2239.0	359.0	976.0	1303.0	757.0	25.0	146.0	16.0	620.0	435.0	42.0	334.0	743.0	528.0	5.0	9.0	94.0	59.0	96.0	6.0	47.0	0.0	0.0	0.0	5.0	0.0	0.0	0.0	0.0	0.0	0.0	0.0	0.0	0.0	0.0	0.0
SRR20680654	50232.0	27257.0	7623.0	9309.0	9651.0	19950.0	8012.0	9945.0	292.0	19430.0	645.0	992.0	85.0	1888.0	429.0	859.0	1477.0	863.0	54.0	163.0	12.0	830.0	576.0	33.0	309.0	744.0	517.0	0.0	0.0	117.0	30.0	64.0	6.0	21.0	0.0	0.0	0.0	3.0	0.0	0.0	0.0	0.0	0.0	0.0	0.0	0.0	0.0	0.0	0.0
SRR20680656	50256.0	28553.0	8378.0	8997.0	9615.0	19961.0	7187.0	9783.0	288.0	17335.0	707.0	1256.0	76.0	2377.0	336.0	989.0	1810.0	838.0	4.0	128.0	13.0	446.0	567.0	59.0	284.0	528.0	562.0	3.0	16.0	96.0	44.0	75.0	14.0	33.0	0.0	0.0	0.0	0.0	0.0	0.0	0.0	0.0	0.0	0.0	0.0	0.0	0.0	0.0	0.0
SRR20680657	57609.0	23345.0	5141.0	5406.0	3872.0	12134.0	6392.0	5515.0	150.0	7318.0	540.0	820.0	30.0	1385.0	216.0	456.0	1202.0	460.0	18.0	33.0	3.0	105.0	196.0	85.0	134.0	161.0	142.0	0.0	0.0	8.0	0.0	68.0	11.0	4.0	0.0	0.0	0.0	0.0	0.0	0.0	0.0	0.0	0.0	0.0	0.0	0.0	0.0	0.0	0.0
SRR20680658	37419.0	19894.0	5406.0	4467.0	4690.0	19494.0	7090.0	12614.0	260.0	25596.0	1985.0	378.0	253.0	47402.0	473.0	1801.0	948.0	383.0	94.0	41.0	0.0	372.0	521.0	62.0	255.0	597.0	846.0	51.0	18.0	3.0	546.0	120.0	17.0	123.0	0.0	0.0	0.0	0.0	3.0	0.0	0.0	0.0	0.0	0.0	0.0	0.0	0.0	0.0	0.0
SRR20680659	32009.0	15927.0	3477.0	5000.0	5673.0	16986.0	5641.0	11539.0	316.0	25557.0	1040.0	565.0	523.0	13230.0	699.0	1806.0	525.0	390.0	47.0	23.0	5.0	239.0	852.0	0.0	263.0	798.0	758.0	0.0	0.0	0.0	330.0	69.0	0.0	91.0	0.0	0.0	0.0	0.0	0.0	0.0	0.0	0.0	0.0	0.0	0.0	0.0	0.0	0.0	0.0
SRR20680660	67613.0	28098.0	5242.0	5990.0	4175.0	12395.0	6549.0	7007.0	207.0	8530.0	564.0	991.0	49.0	1358.0	196.0	506.0	1237.0	559.0	0.0	37.0	0.0	82.0	153.0	45.0	152.0	153.0	67.0	11.0	0.0	25.0	42.0	163.0	3.0	5.0	0.0	0.0	0.0	0.0	0.0	0.0	0.0	0.0	0.0	0.0	0.0	0.0	0.0	0.0	0.0
SRR20680662	86665.0	33908.0	8598.0	14484.0	6944.0	16262.0	10752.0	8807.0	594.0	13652.0	820.0	1496.0	56.0	1591.0	502.0	556.0	1583.0	1476.0	28.0	62.0	20.0	335.0	212.0	135.0	196.0	412.0	214.0	15.0	0.0	36.0	17.0	129.0	9.0	6.0	0.0	0.0	0.0	0.0	0.0	0.0	0.0	0.0	0.0	0.0	0.0	0.0	0.0	0.0	0.0
SRR20680663	56349.0	35860.0	10622.0	7842.0	10279.0	21918.0	10368.0	15067.0	376.0	21655.0	856.0	1464.0	48.0	2606.0	559.0	1492.0	2313.0	1103.0	21.0	197.0	25.0	446.0	777.0	76.0	470.0	836.0	707.0	12.0	14.0	141.0	40.0	114.0	0.0	74.0	0.0	0.0	0.0	0.0	0.0	0.0	0.0	0.0	0.0	0.0	0.0	0.0	0.0	0.0	0.0
SRR20680664	51432.0	27491.0	10113.0	8763.0	7211.0	31365.0	11610.0	18793.0	687.0	29047.0	2596.0	818.0	314.0	54710.0	503.0	2323.0	1007.0	596.0	38.0	123.0	27.0	303.0	745.0	180.0	404.0	1012.0	1165.0	22.0	44.0	10.0	750.0	77.0	5.0	117.0	0.0	0.0	0.0	0.0	0.0	0.0	0.0	0.0	0.0	0.0	0.0	0.0	0.0	0.0	0.0
SRR20680665	59605.0	45452.0	7568.0	4103.0	3736.0	12418.0	6601.0	7172.0	151.0	7565.0	707.0	537.0	97.0	1312.0	76.0	312.0	3525.0	698.0	28.0	22.0	17.0	51.0	92.0	130.0	180.0	155.0	202.0	24.0	14.0	20.0	4.0	97.0	0.0	7.0	0.0	0.0	0.0	0.0	0.0	0.0	0.0	0.0	0.0	0.0	0.0	0.0	0.0	0.0	0.0
SRR20680666	68336.0	51275.0	10548.0	4302.0	5222.0	14919.0	6330.0	11684.0	94.0	9206.0	1189.0	592.0	104.0	1150.0	61.0	377.0	2314.0	720.0	28.0	26.0	11.0	48.0	48.0	100.0	228.0	159.0	180.0	13.0	8.0	17.0	26.0	95.0	9.0	25.0	0.0	0.0	0.0	0.0	0.0	0.0	0.0	0.0	0.0	0.0	0.0	0.0	0.0	0.0	0.0
SRR20680667	70764.0	49516.0	8617.0	4514.0	4693.0	14482.0	6540.0	9516.0	144.0	10273.0	1085.0	702.0	110.0	1508.0	125.0	325.0	2908.0	565.0	17.0	19.0	6.0	54.0	58.0	134.0	218.0	195.0	233.0	9.0	0.0	8.0	46.0	91.0	20.0	14.0	0.0	0.0	0.0	0.0	0.0	0.0	0.0	0.0	0.0	0.0	0.0	0.0	0.0	0.0	0.0
SRR20680668	65344.0	45622.0	8533.0	3863.0	4980.0	14106.0	7046.0	7969.0	153.0	7575.0	950.0	487.0	155.0	859.0	131.0	453.0	1981.0	729.0	32.0	30.0	12.0	94.0	64.0	114.0	212.0	268.0	278.0	6.0	15.0	24.0	21.0	107.0	6.0	29.0	0.0	0.0	0.0	0.0	0.0	0.0	0.0	0.0	0.0	0.0	0.0	0.0	0.0	0.0	0.0
SRR20680669	76773.0	48145.0	10671.0	5807.0	6204.0	18200.0	9693.0	12824.0	190.0	10408.0	1223.0	873.0	118.0	1411.0	236.0	488.0	2532.0	733.0	25.0	99.0	21.0	37.0	92.0	202.0	305.0	225.0	181.0	52.0	16.0	23.0	15.0	102.0	14.0	17.0	0.0	0.0	0.0	0.0	0.0	0.0	0.0	0.0	0.0	0.0	0.0	0.0	0.0	0.0	0.0
SRR20680670	53417.0	28014.0	8402.0	9774.0	11895.0	20571.0	9952.0	10298.0	533.0	16387.0	731.0	1313.0	68.0	2873.0	347.0	1068.0	1643.0	753.0	45.0	206.0	30.0	761.0	629.0	31.0	365.0	705.0	437.0	33.0	8.0	114.0	30.0	78.0	0.0	40.0	0.0	0.0	0.0	7.0	0.0	0.0	0.0	0.0	0.0	0.0	0.0	0.0	0.0	0.0	0.0
SRR20680671	33380.0	11232.0	3648.0	6849.0	3684.0	21962.0	6471.0	8848.0	227.0	21643.0	1053.0	434.0	72.0	19734.0	231.0	1781.0	596.0	81.0	62.0	37.0	0.0	1004.0	382.0	23.0	105.0	561.0	807.0	0.0	0.0	9.0	363.0	109.0	8.0	71.0	0.0	0.0	0.0	0.0	0.0	0.0	0.0	0.0	0.0	0.0	0.0	0.0	0.0	0.0	0.0
SRR20680672	51487.0	22483.0	7056.0	8657.0	7005.0	15547.0	8992.0	7734.0	354.0	21127.0	783.0	1040.0	97.0	1444.0	292.0	659.0	1290.0	595.0	31.0	202.0	5.0	1432.0	691.0	68.0	218.0	801.0	358.0	16.0	0.0	141.0	18.0	82.0	9.0	21.0	0.0	0.0	0.0	0.0	0.0	0.0	0.0	0.0	0.0	0.0	0.0	0.0	0.0	0.0	0.0
SRR20680673	49580.0	32439.0	9421.0	6116.0	8992.0	17786.0	9502.0	11378.0	427.0	16637.0	670.0	1072.0	88.0	1869.0	542.0	899.0	1692.0	774.0	34.0	260.0	33.0	447.0	631.0	57.0	387.0	484.0	498.0	0.0	10.0	102.0	24.0	99.0	4.0	42.0	0.0	0.0	0.0	0.0	0.0	0.0	0.0	0.0	0.0	0.0	0.0	0.0	0.0	0.0	0.0
SRR20680674	42521.0	28502.0	7494.0	4779.0	6431.0	14740.0	7418.0	9790.0	221.0	17986.0	654.0	887.0	117.0	1883.0	351.0	926.0	1330.0	692.0	39.0	166.0	21.0	439.0	770.0	21.0	314.0	1336.0	366.0	5.0	20.0	71.0	22.0	70.0	0.0	38.0	0.0	0.0	0.0	0.0	0.0	0.0	0.0	0.0	0.0	0.0	0.0	0.0	0.0	0.0	0.0
SRR20680675	66298.0	26806.0	9792.0	10567.0	10146.0	21029.0	11654.0	13268.0	669.0	21468.0	865.0	1487.0	67.0	4707.0	436.0	1113.0	1672.0	930.0	34.0	254.0	19.0	424.0	728.0	12.0	371.0	1136.0	361.0	8.0	24.0	86.0	22.0	47.0	9.0	56.0	0.0	0.0	0.0	0.0	0.0	0.0	0.0	0.0	0.0	0.0	0.0	0.0	0.0	0.0	0.0
SRR20680676	58851.0	22390.0	9145.0	12453.0	11028.0	37548.0	14389.0	21839.0	2256.0	25817.0	2900.0	904.0	572.0	14670.0	702.0	2972.0	3459.0	1191.0	112.0	271.0	12.0	611.0	1398.0	118.0	655.0	1185.0	8611.0	15.0	85.0	57.0	702.0	147.0	0.0	114.0	0.0	0.0	0.0	0.0	0.0	0.0	0.0	0.0	0.0	0.0	0.0	0.0	0.0	0.0	0.0
SRR20680677	70066.0	34936.0	12273.0	7307.0	5100.0	13463.0	6952.0	7149.0	272.0	8637.0	875.0	670.0	137.0	3446.0	233.0	453.0	1584.0	551.0	41.0	43.0	23.0	109.0	105.0	105.0	238.0	208.0	241.0	46.0	5.0	0.0	24.0	82.0	8.0	19.0	0.0	0.0	0.0	0.0	0.0	0.0	0.0	0.0	0.0	0.0	0.0	0.0	0.0	0.0	0.0
SRR20680678	72156.0	31645.0	5120.0	6722.0	2993.0	9025.0	5274.0	7462.0	91.0	5771.0	723.0	827.0	25.0	746.0	76.0	191.0	1454.0	446.0	12.0	14.0	9.0	32.0	33.0	72.0	171.0	87.0	88.0	3.0	4.0	0.0	6.0	70.0	6.0	0.0	0.0	0.0	0.0	0.0	0.0	0.0	0.0	0.0	0.0	0.0	0.0	0.0	0.0	0.0	0.0
SRR20680679	24577.0	17307.0	4250.0	3397.0	3186.0	18420.0	5236.0	12691.0	60.0	24827.0	1173.0	299.0	196.0	13649.0	193.0	2503.0	551.0	46.0	29.0	36.0	0.0	245.0	206.0	57.0	311.0	362.0	839.0	0.0	8.0	0.0	503.0	83.0	0.0	95.0	0.0	0.0	0.0	0.0	2.0	4.0	0.0	0.0	0.0	0.0	0.0	0.0	0.0	0.0	0.0
SRR20680702	32855.0	5286.0	2260.0	9129.0	2021.0	17699.0	7840.0	5547.0	963.0	10311.0	1071.0	715.0	390.0	6305.0	385.0	510.0	767.0	462.0	208.0	96.0	40.0	633.0	1568.0	0.0	120.0	1006.0	2088.0	0.0	0.0	0.0	205.0	118.0	0.0	14.0	0.0	0.0	0.0	0.0	0.0	0.0	0.0	0.0	0.0	0.0	0.0	0.0	0.0	0.0	0.0
SRR20680710	45045.0	17100.0	4692.0	7842.0	5287.0	27106.0	8028.0	15288.0	249.0	34419.0	1934.0	515.0	361.0	14847.0	563.0	2304.0	756.0	547.0	62.0	11.0	0.0	343.0	451.0	70.0	238.0	1655.0	1169.0	4.0	0.0	0.0	740.0	125.0	0.0	268.0	0.0	0.0	0.0	0.0	0.0	0.0	0.0	0.0	0.0	0.0	0.0	0.0	0.0	0.0	0.0
SRR20680712	31365.0	17941.0	3146.0	3485.0	5283.0	17397.0	5805.0	14209.0	195.0	26192.0	1917.0	262.0	385.0	5463.0	377.0	2333.0	820.0	477.0	66.0	34.0	0.0	250.0	466.0	16.0	581.0	775.0	1284.0	0.0	0.0	10.0	573.0	132.0	0.0	91.0	0.0	0.0	0.0	0.0	0.0	0.0	0.0	0.0	0.0	0.0	0.0	0.0	0.0	0.0	0.0
SRR20680713	38862.0	21235.0	5027.0	6198.0	4543.0	24827.0	8655.0	14192.0	543.0	22121.0	2243.0	357.0	195.0	11912.0	354.0	2259.0	867.0	336.0	147.0	67.0	0.0	382.0	486.0	35.0	419.0	667.0	3412.0	0.0	27.0	11.0	566.0	136.0	0.0	89.0	0.0	0.0	0.0	0.0	0.0	0.0	0.0	0.0	0.0	0.0	0.0	0.0	0.0	0.0	0.0
SRR20680715	37349.0	19291.0	5017.0	6988.0	4244.0	28630.0	10176.0	14130.0	318.0	24576.0	1858.0	352.0	193.0	10890.0	256.0	2307.0	865.0	132.0	49.0	68.0	3.0	673.0	361.0	32.0	352.0	849.0	936.0	6.0	15.0	0.0	766.0	203.0	3.0	55.0	0.0	0.0	0.0	0.0	0.0	0.0	0.0	2.0	0.0	0.0	0.0	0.0	0.0	0.0	0.0
SRR20680716	24796.0	9226.0	2942.0	5804.0	3390.0	18009.0	6285.0	8439.0	384.0	16720.0	1304.0	376.0	193.0	7744.0	198.0	1348.0	459.0	112.0	88.0	44.0	6.0	382.0	372.0	32.0	207.0	567.0	807.0	0.0	7.0	13.0	285.0	105.0	0.0	65.0	0.0	0.0	0.0	0.0	0.0	0.0	0.0	0.0	0.0	0.0	0.0	0.0	0.0	0.0	0.0
SRR20680718	38848.0	17831.0	5861.0	9386.0	5661.0	32718.0	11793.0	17857.0	597.0	24129.0	2546.0	582.0	395.0	21459.0	431.0	2711.0	668.0	184.0	123.0	122.0	19.0	784.0	587.0	74.0	316.0	968.0	1007.0	4.0	21.0	4.0	867.0	156.0	17.0	117.0	0.0	0.0	0.0	0.0	0.0	0.0	0.0	0.0	0.0	0.0	0.0	0.0	0.0	0.0	0.0
SRR20680719	28926.0	13954.0	4704.0	5802.0	3022.0	16720.0	6379.0	8692.0	133.0	18261.0	942.0	390.0	209.0	13072.0	148.0	1623.0	760.0	0.0	82.0	42.0	0.0	540.0	356.0	47.0	131.0	608.0	818.0	0.0	5.0	0.0	399.0	145.0	0.0	39.0	0.0	0.0	0.0	0.0	0.0	0.0	0.0	0.0	0.0	0.0	0.0	0.0	0.0	0.0	0.0
SRR20680722	38204.0	17603.0	6121.0	9648.0	5192.0	30800.0	11265.0	18123.0	581.0	25290.0	1925.0	456.0	196.0	9595.0	222.0	2692.0	1333.0	163.0	148.0	131.0	5.0	646.0	512.0	28.0	453.0	636.0	1123.0	0.0	12.0	0.0	671.0	147.0	59.0	107.0	0.0	0.0	0.0	0.0	0.0	0.0	0.0	0.0	0.0	0.0	0.0	0.0	0.0	0.0	0.0
SRR20680724	29408.0	10024.0	4767.0	4740.0	3429.0	18437.0	7800.0	6823.0	492.0	7756.0	849.0	431.0	58.0	6882.0	336.0	915.0	475.0	406.0	133.0	138.0	12.0	336.0	413.0	32.0	161.0	596.0	803.0	0.0	41.0	0.0	66.0	31.0	0.0	16.0	0.0	0.0	0.0	0.0	0.0	0.0	0.0	0.0	0.0	0.0	0.0	0.0	0.0	0.0	0.0
SRR20680725	40189.0	18427.0	5930.0	5834.0	6218.0	24394.0	9920.0	16031.0	521.0	25625.0	1695.0	525.0	381.0	9818.0	440.0	3333.0	664.0	623.0	153.0	124.0	0.0	446.0	411.0	98.0	605.0	632.0	1600.0	0.0	35.0	39.0	688.0	103.0	9.0	118.0	0.0	0.0	0.0	0.0	0.0	0.0	0.0	0.0	0.0	0.0	0.0	0.0	0.0	0.0	0.0
SRR20680726	34661.0	16030.0	6106.0	6684.0	4656.0	27208.0	9147.0	12643.0	284.0	17859.0	2060.0	285.0	158.0	15365.0	296.0	2040.0	875.0	133.0	27.0	47.0	0.0	274.0	515.0	45.0	190.0	581.0	855.0	11.0	18.0	0.0	307.0	94.0	0.0	39.0	0.0	0.0	0.0	0.0	0.0	0.0	0.0	0.0	0.0	0.0	0.0	0.0	0.0	0.0	0.0
SRR20680727	40958.0	17653.0	6003.0	7558.0	5965.0	25667.0	10190.0	15726.0	659.0	25301.0	2166.0	423.0	266.0	16143.0	462.0	2540.0	661.0	473.0	272.0	51.0	4.0	382.0	685.0	52.0	349.0	947.0	1174.0	14.0	27.0	31.0	636.0	197.0	6.0	133.0	0.0	0.0	0.0	0.0	0.0	0.0	0.0	0.0	0.0	0.0	0.0	0.0	0.0	0.0	0.0
SRR20680728	50336.0	24066.0	8711.0	8240.0	7768.0	31996.0	14071.0	21847.0	860.0	31847.0	2523.0	630.0	256.0	14949.0	602.0	3138.0	1072.0	909.0	140.0	91.0	0.0	909.0	769.0	58.0	408.0	911.0	1235.0	0.0	28.0	4.0	721.0	238.0	0.0	73.0	0.0	0.0	0.0	0.0	0.0	0.0	0.0	0.0	0.0	0.0	0.0	0.0	0.0	0.0	0.0
SRR20680730	46469.0	27277.0	6867.0	5732.0	7022.0	30773.0	10928.0	17936.0	530.0	30925.0	2793.0	497.0	266.0	15312.0	537.0	4541.0	1155.0	780.0	107.0	106.0	2.0	558.0	416.0	25.0	554.0	517.0	1413.0	0.0	8.0	5.0	887.0	134.0	0.0	162.0	0.0	0.0	0.0	0.0	0.0	0.0	0.0	0.0	0.0	0.0	0.0	0.0	0.0	0.0	0.0
SRR20680731	49034.0	19550.0	6227.0	11029.0	6217.0	31375.0	11778.0	18590.0	981.0	26210.0	2114.0	811.0	341.0	11956.0	510.0	2155.0	987.0	245.0	104.0	244.0	7.0	524.0	1079.0	71.0	446.0	1183.0	3587.0	12.0	15.0	7.0	744.0	110.0	0.0	69.0	0.0	0.0	0.0	0.0	0.0	0.0	0.0	0.0	0.0	0.0	0.0	0.0	0.0	0.0	0.0
SRR20680733	20187.0	13287.0	2715.0	3001.0	2375.0	13787.0	4184.0	8070.0	29.0	19545.0	1105.0	79.0	20.0	4644.0	77.0	1569.0	562.0	5.0	8.0	0.0	0.0	102.0	147.0	23.0	147.0	194.0	945.0	0.0	0.0	0.0	374.0	98.0	37.0	38.0	0.0	0.0	0.0	0.0	0.0	0.0	0.0	0.0	0.0	0.0	0.0	0.0	0.0	0.0	0.0
SRR20680734	45226.0	16836.0	6449.0	7115.0	6657.0	27166.0	10855.0	13557.0	1438.0	17323.0	1566.0	705.0	180.0	4962.0	471.0	1931.0	1907.0	307.0	310.0	131.0	0.0	216.0	415.0	93.0	566.0	526.0	6068.0	14.0	0.0	10.0	395.0	110.0	26.0	54.0	0.0	33.0	15.0	2.0	0.0	0.0	0.0	0.0	0.0	0.0	0.0	0.0	0.0	0.0	0.0
SRR20680735	18134.0	8550.0	1806.0	1397.0	2499.0	12444.0	3641.0	7651.0	62.0	18683.0	1235.0	167.0	217.0	8149.0	101.0	1521.0	523.0	74.0	109.0	21.0	3.0	104.0	115.0	6.0	215.0	171.0	824.0	3.0	6.0	2.0	333.0	107.0	7.0	54.0	0.0	0.0	0.0	0.0	0.0	0.0	0.0	0.0	0.0	0.0	0.0	0.0	0.0	0.0	0.0
SRR20680736	43304.0	19812.0	4376.0	5290.0	2886.0	11991.0	5452.0	5782.0	75.0	9290.0	601.0	853.0	45.0	1622.0	251.0	396.0	1254.0	565.0	4.0	48.0	4.0	88.0	122.0	64.0	158.0	148.0	94.0	0.0	0.0	10.0	11.0	89.0	6.0	7.0	0.0	0.0	0.0	0.0	0.0	0.0	0.0	0.0	0.0	0.0	0.0	0.0	0.0	0.0	0.0
SRR20680737	79074.0	29087.0	8563.0	13495.0	8486.0	20557.0	13644.0	9790.0	510.0	14445.0	925.0	2360.0	78.0	2193.0	665.0	655.0	1770.0	684.0	10.0	91.0	15.0	337.0	393.0	190.0	198.0	387.0	263.0	10.0	8.0	32.0	17.0	103.0	15.0	25.0	0.0	0.0	0.0	0.0	0.0	0.0	0.0	0.0	0.0	0.0	0.0	0.0	0.0	0.0	0.0
SRR20680738	58289.0	28796.0	9596.0	11640.0	10899.0	23943.0	10936.0	13174.0	832.0	19896.0	1028.0	1560.0	51.0	9424.0	521.0	1052.0	1928.0	872.0	63.0	177.0	34.0	781.0	731.0	130.0	284.0	764.0	541.0	13.0	22.0	111.0	56.0	59.0	0.0	52.0	0.0	0.0	0.0	0.0	0.0	0.0	0.0	0.0	0.0	0.0	0.0	0.0	0.0	0.0	0.0
SRR20680739	54633.0	24949.0	8818.0	13037.0	10323.0	24474.0	10232.0	12105.0	704.0	18657.0	1008.0	1332.0	100.0	12398.0	421.0	1166.0	1721.0	678.0	77.0	187.0	10.0	545.0	850.0	143.0	422.0	903.0	594.0	0.0	29.0	93.0	13.0	73.0	7.0	27.0	0.0	0.0	0.0	0.0	0.0	0.0	3.0	0.0	0.0	0.0	0.0	0.0	0.0	0.0	0.0
SRR20680740	72453.0	36806.0	11669.0	14119.0	13940.0	31503.0	13473.0	16864.0	925.0	23569.0	1121.0	2126.0	108.0	4860.0	678.0	1660.0	2481.0	1097.0	68.0	260.0	43.0	720.0	818.0	132.0	464.0	695.0	646.0	14.0	53.0	135.0	24.0	180.0	14.0	61.0	0.0	0.0	0.0	0.0	0.0	0.0	0.0	0.0	0.0	0.0	0.0	0.0	0.0	0.0	0.0
SRR20680741	42253.0	22171.0	6223.0	8164.0	6889.0	19070.0	7441.0	8196.0	567.0	18397.0	780.0	1146.0	61.0	3267.0	347.0	716.0	1278.0	622.0	14.0	140.0	14.0	811.0	739.0	61.0	280.0	459.0	396.0	3.0	8.0	76.0	27.0	90.0	0.0	6.0	0.0	0.0	0.0	6.0	0.0	0.0	0.0	0.0	0.0	0.0	0.0	0.0	0.0	0.0	0.0
SRR20680742	52380.0	26375.0	8594.0	11548.0	12149.0	25986.0	11258.0	14071.0	1030.0	18628.0	971.0	1475.0	82.0	4257.0	503.0	1155.0	2020.0	1163.0	38.0	188.0	14.0	540.0	770.0	110.0	473.0	885.0	591.0	0.0	19.0	157.0	23.0	115.0	4.0	41.0	0.0	0.0	0.0	0.0	0.0	0.0	0.0	0.0	0.0	0.0	0.0	0.0	0.0	0.0	0.0
SRR20680743	75801.0	19051.0	4053.0	10404.0	3360.0	11497.0	12063.0	7754.0	203.0	9338.0	539.0	917.0	15.0	1158.0	282.0	293.0	958.0	436.0	28.0	46.0	16.0	162.0	192.0	164.0	97.0	248.0	127.0	0.0	0.0	29.0	35.0	100.0	0.0	2.0	0.0	0.0	0.0	0.0	0.0	0.0	0.0	0.0	0.0	0.0	0.0	0.0	0.0	0.0	0.0
SRR20680744	31024.0	14013.0	2916.0	4034.0	3167.0	21880.0	5963.0	10226.0	51.0	22735.0	1224.0	325.0	260.0	7111.0	197.0	1897.0	614.0	490.0	147.0	5.0	0.0	154.0	338.0	10.0	141.0	583.0	1018.0	0.0	0.0	0.0	457.0	102.0	0.0	152.0	0.0	0.0	0.0	0.0	0.0	0.0	0.0	0.0	0.0	0.0	0.0	0.0	0.0	0.0	0.0
SRR20680745	70457.0	30404.0	8577.0	9738.0	7519.0	18593.0	13131.0	9230.0	616.0	9779.0	818.0	1051.0	50.0	1445.0	418.0	492.0	1733.0	733.0	20.0	120.0	9.0	226.0	332.0	99.0	227.0	302.0	166.0	13.0	0.0	22.0	47.0	110.0	9.0	22.0	0.0	0.0	0.0	6.0	0.0	0.0	0.0	0.0	0.0	0.0	0.0	0.0	0.0	0.0	0.0
SRR20680746	59592.0	27472.0	7576.0	8142.0	5830.0	15498.0	12394.0	9385.0	446.0	8930.0	643.0	1031.0	48.0	1761.0	450.0	452.0	1355.0	642.0	37.0	55.0	7.0	156.0	222.0	78.0	307.0	491.0	186.0	9.0	14.0	18.0	8.0	117.0	13.0	8.0	0.0	0.0	0.0	0.0	0.0	0.0	0.0	0.0	0.0	0.0	0.0	0.0	0.0	0.0	0.0
SRR20680747	97020.0	29567.0	6775.0	17655.0	8651.0	20442.0	11254.0	10226.0	665.0	15089.0	1021.0	2184.0	64.0	2580.0	429.0	544.0	8043.0	879.0	17.0	150.0	0.0	443.0	348.0	134.0	302.0	2906.0	825.0	11.0	11.0	95.0	30.0	95.0	21.0	24.0	4.0	0.0	0.0	0.0	0.0	0.0	0.0	0.0	0.0	0.0	0.0	0.0	0.0	0.0	0.0
SRR20680748	57083.0	33065.0	10025.0	8601.0	7338.0	44101.0	14356.0	26469.0	471.0	39342.0	4035.0	817.0	340.0	30275.0	496.0	3667.0	1393.0	789.0	137.0	100.0	2.0	332.0	526.0	123.0	651.0	727.0	2170.0	13.0	34.0	2.0	1073.0	208.0	19.0	89.0	0.0	0.0	0.0	0.0	0.0	0.0	0.0	0.0	0.0	0.0	0.0	0.0	0.0	0.0	0.0
SRR20680749	80046.0	27031.0	7122.0	18455.0	5854.0	15646.0	16227.0	10485.0	567.0	9912.0	620.0	1995.0	34.0	2895.0	396.0	432.0	1480.0	440.0	20.0	116.0	0.0	286.0	228.0	99.0	168.0	377.0	173.0	6.0	5.0	35.0	24.0	72.0	0.0	0.0	0.0	0.0	0.0	0.0	0.0	0.0	0.0	0.0	0.0	0.0	0.0	0.0	0.0	0.0	0.0
SRR20680750	61193.0	27914.0	9520.0	13677.0	11485.0	26886.0	12467.0	15069.0	701.0	19347.0	925.0	1931.0	24.0	4325.0	420.0	920.0	2348.0	966.0	39.0	245.0	15.0	799.0	664.0	85.0	400.0	979.0	497.0	48.0	12.0	107.0	76.0	99.0	5.0	33.0	0.0	0.0	0.0	0.0	0.0	0.0	0.0	0.0	0.0	0.0	0.0	0.0	0.0	0.0	0.0
SRR20680751	51090.0	23177.0	7353.0	11516.0	9901.0	23604.0	11755.0	12170.0	706.0	19604.0	980.0	1604.0	64.0	5591.0	550.0	947.0	1647.0	882.0	27.0	188.0	20.0	631.0	668.0	86.0	313.0	847.0	449.0	9.0	5.0	64.0	23.0	90.0	6.0	59.0	0.0	0.0	0.0	7.0	0.0	0.0	0.0	0.0	0.0	0.0	0.0	0.0	0.0	0.0	0.0
SRR20680752	35063.0	15881.0	4648.0	7481.0	6554.0	16144.0	6675.0	8038.0	333.0	17425.0	561.0	1023.0	65.0	2239.0	340.0	629.0	1323.0	645.0	16.0	132.0	0.0	428.0	590.0	50.0	259.0	617.0	287.0	59.0	4.0	58.0	15.0	86.0	8.0	8.0	4.0	0.0	0.0	0.0	0.0	0.0	0.0	0.0	0.0	0.0	0.0	0.0	0.0	0.0	0.0
SRR20680753	39008.0	22634.0	4995.0	8470.0	4408.0	25445.0	12100.0	12858.0	495.0	30556.0	1886.0	459.0	253.0	15110.0	374.0	1910.0	824.0	563.0	114.0	30.0	0.0	386.0	546.0	79.0	96.0	568.0	1137.0	29.0	0.0	5.0	396.0	138.0	0.0	19.0	0.0	0.0	0.0	0.0	0.0	0.0	0.0	0.0	0.0	0.0	0.0	0.0	0.0	0.0	0.0
SRR20680754	58052.0	17942.0	3576.0	12193.0	4100.0	11164.0	6084.0	5033.0	192.0	25015.0	881.0	649.0	11.0	2776.0	170.0	355.0	1086.0	363.0	20.0	103.0	12.0	4149.0	310.0	130.0	124.0	640.0	262.0	12.0	3.0	34.0	0.0	36.0	0.0	0.0	0.0	0.0	0.0	0.0	0.0	0.0	0.0	0.0	0.0	0.0	0.0	0.0	0.0	0.0	0.0
SRR20680755	62352.0	32995.0	8367.0	11164.0	10738.0	32004.0	10364.0	13827.0	562.0	32351.0	1120.0	2038.0	134.0	5978.0	474.0	1125.0	2431.0	1110.0	37.0	167.0	16.0	446.0	744.0	113.0	464.0	797.0	692.0	4.0	4.0	133.0	64.0	108.0	18.0	47.0	0.0	0.0	0.0	0.0	0.0	0.0	0.0	0.0	0.0	4.0	0.0	0.0	0.0	0.0	0.0
SRR20680757	37285.0	16633.0	3651.0	7923.0	3826.0	20415.0	6773.0	11860.0	517.0	23874.0	1391.0	475.0	278.0	14271.0	428.0	1532.0	863.0	372.0	220.0	0.0	4.0	213.0	630.0	29.0	180.0	812.0	929.0	11.0	22.0	7.0	499.0	99.0	0.0	101.0	0.0	0.0	0.0	9.0	0.0	0.0	0.0	0.0	0.0	0.0	0.0	0.0	0.0	0.0	0.0
SRR20680758	70825.0	34813.0	9242.0	9915.0	7507.0	19238.0	12981.0	10739.0	830.0	12943.0	905.0	1460.0	56.0	3196.0	662.0	653.0	1938.0	633.0	10.0	100.0	22.0	225.0	360.0	96.0	183.0	482.0	221.0	12.0	5.0	40.0	36.0	119.0	6.0	0.0	0.0	0.0	0.0	0.0	0.0	0.0	0.0	0.0	0.0	0.0	0.0	0.0	0.0	0.0	0.0
SRR20680760	73710.0	39010.0	8877.0	9025.0	8401.0	19387.0	13603.0	11229.0	690.0	14990.0	880.0	1242.0	108.0	2442.0	645.0	518.0	2101.0	810.0	7.0	101.0	9.0	369.0	466.0	94.0	241.0	370.0	269.0	22.0	5.0	48.0	26.0	178.0	10.0	15.0	0.0	0.0	0.0	0.0	0.0	0.0	0.0	0.0	0.0	0.0	0.0	0.0	0.0	0.0	0.0
SRR20680761	71172.0	30522.0	8857.0	10692.0	6755.0	16598.0	10035.0	7826.0	618.0	14054.0	781.0	1180.0	39.0	6392.0	398.0	510.0	1557.0	635.0	42.0	55.0	0.0	872.0	311.0	92.0	114.0	463.0	240.0	3.0	4.0	7.0	34.0	94.0	11.0	10.0	0.0	0.0	0.0	0.0	0.0	0.0	0.0	0.0	0.0	0.0	0.0	0.0	0.0	0.0	0.0
SRR20680763	56192.0	23487.0	5829.0	8454.0	4995.0	13430.0	8749.0	7169.0	664.0	12776.0	597.0	1080.0	19.0	1780.0	460.0	461.0	1369.0	734.0	10.0	44.0	10.0	217.0	286.0	84.0	124.0	364.0	158.0	11.0	9.0	28.0	40.0	77.0	11.0	7.0	0.0	0.0	0.0	0.0	0.0	0.0	0.0	0.0	0.0	0.0	0.0	0.0	0.0	0.0	0.0
SRR20680764	29261.0	18705.0	4536.0	2724.0	3393.0	20549.0	6851.0	11058.0	139.0	22466.0	1686.0	248.0	87.0	20054.0	173.0	2130.0	996.0	385.0	26.0	105.0	0.0	32.0	106.0	25.0	320.0	232.0	980.0	0.0	17.0	0.0	627.0	93.0	0.0	70.0	0.0	0.0	0.0	0.0	0.0	0.0	0.0	0.0	0.0	0.0	0.0	0.0	0.0	0.0	0.0
SRR20680766	85159.0	33096.0	6863.0	11834.0	6780.0	16475.0	15649.0	8890.0	617.0	11352.0	532.0	1881.0	90.0	4739.0	453.0	458.0	2761.0	778.0	17.0	68.0	9.0	312.0	383.0	133.0	117.0	330.0	137.0	13.0	3.0	33.0	36.0	113.0	0.0	0.0	0.0	0.0	0.0	0.0	0.0	0.0	0.0	0.0	0.0	5.0	0.0	0.0	0.0	0.0	0.0
SRR20680767	39688.0	22676.0	5933.0	4900.0	6379.0	16203.0	5804.0	9429.0	200.0	20263.0	561.0	1028.0	67.0	2614.0	438.0	645.0	1375.0	958.0	21.0	105.0	0.0	257.0	367.0	78.0	314.0	627.0	384.0	15.0	15.0	65.0	31.0	89.0	0.0	11.0	0.0	0.0	0.0	0.0	0.0	0.0	0.0	0.0	0.0	0.0	0.0	0.0	0.0	0.0	0.0
SRR20680768	17549.0	10700.0	1965.0	1249.0	2028.0	10950.0	3266.0	5669.0	92.0	12840.0	941.0	78.0	166.0	6048.0	105.0	1069.0	376.0	80.0	62.0	26.0	2.0	73.0	70.0	46.0	166.0	198.0	1195.0	9.0	4.0	3.0	279.0	82.0	15.0	47.0	0.0	0.0	0.0	0.0	0.0	0.0	0.0	0.0	0.0	0.0	0.0	0.0	0.0	0.0	0.0
SRR20680769	52415.0	34491.0	9231.0	7126.0	10848.0	21703.0	8005.0	13416.0	320.0	23252.0	1039.0	1199.0	139.0	3315.0	462.0	976.0	1729.0	1048.0	25.0	130.0	14.0	404.0	442.0	53.0	634.0	815.0	637.0	5.0	15.0	112.0	40.0	130.0	0.0	56.0	0.0	0.0	0.0	0.0	0.0	0.0	0.0	0.0	0.0	0.0	0.0	0.0	0.0	0.0	0.0
SRR20680770	64126.0	38658.0	9044.0	9196.0	11153.0	22018.0	10127.0	12762.0	423.0	22601.0	1407.0	1352.0	219.0	2318.0	537.0	1173.0	1914.0	1102.0	41.0	200.0	16.0	794.0	495.0	49.0	458.0	894.0	624.0	21.0	28.0	92.0	67.0	132.0	7.0	52.0	0.0	0.0	0.0	0.0	0.0	0.0	5.0	0.0	0.0	0.0	0.0	0.0	0.0	0.0	0.0
SRR20680771	58230.0	30858.0	9123.0	7774.0	9652.0	20671.0	8782.0	12556.0	390.0	21680.0	930.0	1263.0	102.0	2610.0	381.0	899.0	1708.0	1028.0	34.0	105.0	0.0	755.0	518.0	60.0	396.0	963.0	630.0	7.0	22.0	80.0	62.0	89.0	5.0	20.0	0.0	0.0	0.0	0.0	0.0	0.0	0.0	0.0	0.0	0.0	0.0	0.0	0.0	0.0	0.0
SRR20680772	23318.0	9401.0	2214.0	3990.0	2848.0	14300.0	5124.0	8080.0	45.0	20339.0	1075.0	316.0	153.0	9978.0	217.0	1139.0	586.0	238.0	3.0	14.0	0.0	124.0	309.0	10.0	144.0	357.0	620.0	0.0	0.0	0.0	445.0	44.0	20.0	59.0	0.0	0.0	0.0	0.0	0.0	0.0	0.0	0.0	0.0	0.0	0.0	0.0	0.0	0.0	0.0
