#SampleID	d__Bacteria;p__Proteobacteria;c__Gammaproteobacteria	d__Bacteria;p__Patescibacteria;c__Saccharimonadia	d__Bacteria;p__Planctomycetota;c__Phycisphaerae	d__Bacteria;p__Planctomycetota;c__Planctomycetes	d__Bacteria;p__Chloroflexi;c__Dehalococcoidia	d__Bacteria;p__Proteobacteria;c__Alphaproteobacteria	d__Bacteria;p__Bdellovibrionota;c__Oligoflexia	d__Bacteria;p__Cyanobacteria;c__Vampirivibrionia	d__Bacteria;p__Actinobacteriota;c__Acidimicrobiia	d__Bacteria;p__Verrucomicrobiota;c__Verrucomicrobiae	d__Bacteria;p__Desulfobacterota;c__Desulfuromonadia	d__Bacteria;p__Chloroflexi;c__Anaerolineae	d__Bacteria;p__Actinobacteriota;c__Thermoleophilia	d__Bacteria;p__Firmicutes;c__Symbiobacteriia	d__Bacteria;p__Sumerlaeota;c__Sumerlaeia	d__Bacteria;p__Acidobacteriota;c__Thermoanaerobaculia	d__Bacteria;p__Chloroflexi;c__OLB14	d__Bacteria;p__Actinobacteriota;c__Actinobacteria	d__Bacteria;p__Bdellovibrionota;c__Bdellovibrionia	d__Bacteria;p__Dependentiae;c__Babeliae	d__Bacteria;p__Cyanobacteria;c__Sericytochromatia	d__Bacteria;p__Gemmatimonadota;c__Gemmatimonadetes	d__Bacteria;p__Myxococcota;c__Polyangia	d__Bacteria;p__Patescibacteria;c__Parcubacteria	d__Bacteria;p__Bacteroidota;c__Bacteroidia	d__Bacteria;p__Planctomycetota;c__Pla4_lineage	d__Bacteria;p__Verrucomicrobiota;c__Chlamydiae	d__Bacteria;p__Firmicutes;c__Limnochordia	d__Bacteria;p__Acidobacteriota;c__Acidobacteriae	d__Bacteria;p__Patescibacteria;c__Gracilibacteria	d__Bacteria;p__Firmicutes;c__Bacilli	d__Bacteria;p__Armatimonadota;c__Fimbriimonadia	d__Bacteria;p__Patescibacteria;c__WWE3	d__Bacteria;p__Acidobacteriota;c__Vicinamibacteria	d__Bacteria;p__Verrucomicrobiota;c__Kiritimatiellae	d__Bacteria;p__Myxococcota;c__Myxococcia	d__Bacteria;p__Armatimonadota;c__uncultured	d__Bacteria;p__Elusimicrobiota;c__Lineage_IIa	d__Bacteria;p__Patescibacteria;c__ABY1	d__Bacteria;p__Planctomycetota;c__vadinHA49	d__Bacteria;p__Cyanobacteria;c__Cyanobacteriia	d__Bacteria;p__Chloroflexi;c__AD3	d__Bacteria;p__Elusimicrobiota;c__Elusimicrobia	d__Bacteria;p__Chloroflexi;c__Chloroflexia	d__Bacteria;p__Chloroflexi;c__TK10	d__Bacteria;p__Acidobacteriota;c__Blastocatellia	d__Bacteria;p__Chloroflexi;c__KD4-96	d__Bacteria;p__Fibrobacterota;c__Fibrobacteria	d__Bacteria;p__Armatimonadota;c__Armatimonadia	d__Bacteria;p__Gemmatimonadota;c__S0134_terrestrial_group	d__Bacteria;p__Planctomycetota;c__OM190	d__Bacteria;p__Elusimicrobiota;c__Lineage_IIb	d__Bacteria;p__Elusimicrobiota;c__Lineage_IIc	d__Bacteria;p__Gemmatimonadota;c__Longimicrobia	d__Bacteria;p__Methylomirabilota;c__Methylomirabilia	d__Bacteria;p__Chloroflexi;c__JG30-KF-CM66	d__Bacteria;p__Patescibacteria;c__Berkelbacteria	d__Bacteria;p__WS2;c__WS2	d__Bacteria;p__Bacteroidota;c__Rhodothermia	d__Bacteria;p__Patescibacteria;c__Microgenomatia	d__Bacteria;p__Chloroflexi;c__Gitt-GS-136	d__Bacteria;p__Gemmatimonadota;c__BD2-11_terrestrial_group	d__Bacteria;p__Verrucomicrobiota;c__Omnitrophia	d__Bacteria;p__Planctomycetota;c__BD7-11	d__Bacteria;p__Firmicutes;c__Clostridia	d__Bacteria;p__Abditibacteriota;c__Abditibacteria	d__Bacteria;p__Bacteroidota;c__Ignavibacteria	d__Bacteria;p__Desulfobacterota;c__uncultured	d__Bacteria;p__Firmicutes;c__Negativicutes	d__Bacteria;p__SAR324_clade(Marine_group_B);c__SAR324_clade(Marine_group_B)	d__Bacteria;p__Acidobacteriota;c__Subgroup_21	d__Bacteria;p__Halanaerobiaeota;c__Halanaerobiia	d__Bacteria;p__Acidobacteriota;c__Holophagae	d__Bacteria;p__FCPU426;c__FCPU426	d__Bacteria;p__Firmicutes;c__Sulfobacillia	d__Bacteria;p__Bacteroidota;c__Kapabacteria	d__Bacteria;p__Chloroflexi;c__Ktedonobacteria	d__Bacteria;p__WPS-2;c__WPS-2	d__Bacteria;p__Hydrogenedentes;c__Hydrogenedentia	d__Bacteria;p__Acidobacteriota;c__Subgroup_22	d__Bacteria;p__Latescibacterota;c__Latescibacterota	d__Bacteria;p__Armatimonadota;c__Chthonomonadetes	d__Bacteria;p__Myxococcota;c__bacteriap25	d__Bacteria;p__NB1-j;c__NB1-j	d__Bacteria;p__Deinococcota;c__Deinococci	d__Bacteria;p__Nitrospirota;c__Nitrospiria	d__Bacteria;p__Spirochaetota;c__Leptospirae	d__Bacteria;p__TX1A-33;c__TX1A-33	d__Bacteria;p__Chloroflexi;c__N9D0	d__Bacteria;p__Acidobacteriota;c__Subgroup_5	d__Bacteria;p__Firmicutes;c__Dethiobacteria	d__Bacteria;p__Acidobacteriota;c__Subgroup_11	d__Bacteria;p__Patescibacteria;c__Kazania	d__Bacteria;p__Dadabacteria;c__Dadabacteriia	d__Bacteria;p__Firmicutes;c__Desulfitobacteriia	d__Bacteria;p__MBNT15;c__MBNT15	d__Bacteria;p__Margulisbacteria;c__Margulisbacteria	d__Bacteria;p__Firmicutes;c__Desulfotomaculia
ERR4837291	13114.0	8.0	440.0	961.0	47.0	6810.0	14.0	18.0	215.0	1500.0	0.0	974.0	303.0	0.0	27.0	290.0	28.0	917.0	144.0	5.0	124.0	1503.0	3170.0	182.0	3069.0	7.0	168.0	0.0	53.0	7.0	1077.0	92.0	0.0	2505.0	0.0	158.0	78.0	0.0	10.0	3.0	0.0	0.0	63.0	36.0	116.0	42.0	93.0	14.0	0.0	283.0	421.0	0.0	0.0	682.0	0.0	19.0	0.0	0.0	0.0	17.0	0.0	69.0	9.0	17.0	0.0	7.0	15.0	0.0	0.0	0.0	0.0	0.0	183.0	6.0	0.0	37.0	0.0	0.0	22.0	37.0	9.0	0.0	0.0	7.0	0.0	78.0	10.0	0.0	0.0	0.0	0.0	0.0	0.0	0.0	0.0	11.0	0.0	0.0
ERR4837292	6963.0	26.0	356.0	1254.0	47.0	3544.0	103.0	34.0	193.0	1587.0	0.0	1294.0	325.0	0.0	46.0	709.0	12.0	1818.0	105.0	0.0	98.0	681.0	2052.0	104.0	2498.0	20.0	68.0	3.0	73.0	49.0	1595.0	198.0	5.0	1967.0	5.0	120.0	14.0	17.0	0.0	4.0	37.0	0.0	55.0	33.0	61.0	75.0	211.0	0.0	12.0	49.0	245.0	29.0	0.0	106.0	0.0	35.0	0.0	8.0	0.0	6.0	0.0	27.0	19.0	23.0	8.0	0.0	16.0	0.0	0.0	3.0	0.0	0.0	327.0	0.0	0.0	11.0	0.0	0.0	0.0	0.0	0.0	13.0	0.0	2.0	0.0	47.0	0.0	0.0	0.0	0.0	0.0	0.0	0.0	0.0	0.0	7.0	0.0	0.0
ERR4837293	6562.0	4.0	154.0	614.0	16.0	5271.0	128.0	58.0	54.0	870.0	6.0	1493.0	174.0	0.0	30.0	118.0	41.0	108.0	147.0	4.0	47.0	786.0	1596.0	97.0	2733.0	0.0	15.0	0.0	67.0	15.0	1507.0	42.0	0.0	1838.0	0.0	147.0	35.0	7.0	7.0	0.0	0.0	0.0	34.0	74.0	83.0	33.0	20.0	0.0	5.0	90.0	164.0	0.0	0.0	210.0	0.0	20.0	0.0	17.0	0.0	2.0	0.0	28.0	16.0	0.0	0.0	0.0	0.0	3.0	0.0	0.0	0.0	0.0	71.0	0.0	0.0	20.0	0.0	9.0	17.0	16.0	6.0	5.0	0.0	0.0	0.0	10.0	23.0	56.0	0.0	3.0	0.0	0.0	0.0	0.0	0.0	5.0	0.0	0.0
ERR4837294	8368.0	0.0	249.0	1066.0	80.0	4130.0	127.0	43.0	159.0	1162.0	0.0	1253.0	224.0	0.0	9.0	1113.0	12.0	651.0	132.0	2.0	117.0	693.0	1829.0	54.0	1613.0	0.0	44.0	5.0	73.0	15.0	989.0	80.0	0.0	2717.0	7.0	338.0	34.0	3.0	42.0	0.0	7.0	0.0	68.0	70.0	46.0	121.0	125.0	0.0	0.0	139.0	252.0	0.0	0.0	282.0	3.0	32.0	0.0	17.0	0.0	0.0	5.0	27.0	44.0	20.0	0.0	5.0	9.0	0.0	0.0	0.0	0.0	0.0	393.0	0.0	0.0	6.0	0.0	6.0	3.0	0.0	12.0	0.0	0.0	0.0	0.0	57.0	5.0	24.0	0.0	0.0	0.0	0.0	0.0	0.0	0.0	0.0	0.0	0.0
ERR4837295	11742.0	5.0	202.0	981.0	102.0	5597.0	115.0	95.0	94.0	1351.0	5.0	812.0	164.0	0.0	36.0	418.0	29.0	240.0	205.0	13.0	230.0	629.0	2563.0	96.0	3021.0	23.0	31.0	0.0	101.0	37.0	1796.0	40.0	0.0	1679.0	0.0	109.0	55.0	0.0	12.0	0.0	2.0	0.0	78.0	55.0	79.0	74.0	67.0	11.0	0.0	157.0	164.0	17.0	0.0	304.0	0.0	39.0	0.0	16.0	23.0	9.0	0.0	106.0	7.0	4.0	0.0	0.0	42.0	3.0	0.0	0.0	0.0	0.0	256.0	7.0	0.0	10.0	0.0	7.0	10.0	20.0	25.0	0.0	4.0	0.0	0.0	22.0	17.0	32.0	0.0	0.0	0.0	0.0	0.0	0.0	0.0	7.0	2.0	0.0
ERR4837296	9645.0	7.0	208.0	1323.0	68.0	4276.0	128.0	56.0	182.0	1359.0	3.0	1549.0	231.0	0.0	14.0	1487.0	69.0	762.0	54.0	16.0	185.0	469.0	2861.0	20.0	2051.0	11.0	25.0	3.0	103.0	13.0	1437.0	43.0	0.0	2276.0	0.0	231.0	19.0	8.0	4.0	4.0	257.0	0.0	76.0	51.0	91.0	118.0	85.0	3.0	6.0	144.0	175.0	19.0	0.0	139.0	0.0	45.0	4.0	21.0	6.0	0.0	0.0	33.0	17.0	3.0	0.0	11.0	20.0	10.0	0.0	0.0	0.0	0.0	164.0	2.0	0.0	7.0	0.0	16.0	0.0	23.0	7.0	0.0	0.0	0.0	0.0	43.0	0.0	16.0	0.0	15.0	0.0	0.0	0.0	0.0	0.0	25.0	0.0	0.0
ERR4837297	7800.0	43.0	641.0	1620.0	32.0	8019.0	293.0	45.0	417.0	4495.0	15.0	389.0	539.0	56.0	200.0	0.0	24.0	1084.0	302.0	36.0	79.0	2498.0	1860.0	324.0	6482.0	9.0	174.0	0.0	333.0	115.0	5341.0	278.0	13.0	1919.0	3.0	473.0	156.0	3.0	7.0	59.0	0.0	0.0	100.0	237.0	89.0	41.0	89.0	66.0	0.0	228.0	313.0	0.0	0.0	618.0	0.0	24.0	0.0	14.0	0.0	21.0	0.0	63.0	69.0	22.0	5.0	6.0	2.0	6.0	0.0	23.0	0.0	0.0	14.0	0.0	0.0	0.0	0.0	0.0	24.0	0.0	0.0	0.0	0.0	0.0	0.0	12.0	13.0	24.0	6.0	0.0	0.0	0.0	0.0	23.0	0.0	0.0	0.0	0.0
ERR4837298	6463.0	29.0	298.0	1590.0	49.0	7065.0	198.0	98.0	176.0	2461.0	4.0	439.0	435.0	23.0	35.0	0.0	24.0	689.0	173.0	10.0	91.0	1032.0	2318.0	141.0	4490.0	0.0	14.0	0.0	121.0	71.0	3222.0	228.0	0.0	1260.0	6.0	267.0	126.0	0.0	52.0	0.0	4.0	0.0	107.0	137.0	62.0	37.0	79.0	23.0	9.0	109.0	234.0	0.0	0.0	648.0	0.0	54.0	0.0	0.0	3.0	0.0	0.0	53.0	75.0	28.0	0.0	0.0	0.0	0.0	0.0	2.0	0.0	0.0	5.0	9.0	0.0	5.0	0.0	0.0	14.0	7.0	0.0	3.0	0.0	0.0	0.0	12.0	0.0	42.0	0.0	0.0	0.0	0.0	0.0	0.0	0.0	0.0	0.0	0.0
ERR4837299	14410.0	23.0	577.0	1460.0	102.0	7278.0	133.0	58.0	420.0	2769.0	23.0	1992.0	537.0	0.0	59.0	1110.0	28.0	1992.0	239.0	23.0	87.0	1801.0	4021.0	277.0	4174.0	50.0	229.0	0.0	242.0	27.0	1844.0	144.0	0.0	3188.0	10.0	338.0	20.0	14.0	88.0	17.0	8.0	0.0	154.0	173.0	91.0	147.0	193.0	28.0	9.0	383.0	539.0	32.0	2.0	727.0	0.0	37.0	0.0	25.0	13.0	21.0	0.0	84.0	55.0	0.0	8.0	0.0	32.0	19.0	0.0	3.0	0.0	0.0	737.0	8.0	0.0	46.0	0.0	0.0	28.0	47.0	10.0	11.0	0.0	0.0	0.0	54.0	13.0	30.0	0.0	13.0	0.0	0.0	0.0	0.0	0.0	0.0	0.0	0.0
ERR4837300	8652.0	0.0	206.0	1345.0	77.0	4793.0	116.0	87.0	235.0	1577.0	3.0	2139.0	217.0	0.0	42.0	536.0	25.0	1143.0	123.0	9.0	155.0	755.0	4265.0	47.0	2598.0	22.0	64.0	5.0	97.0	5.0	1660.0	63.0	0.0	2671.0	8.0	348.0	36.0	17.0	6.0	0.0	3.0	0.0	190.0	85.0	78.0	135.0	183.0	0.0	6.0	139.0	164.0	36.0	5.0	292.0	0.0	32.0	3.0	48.0	8.0	0.0	0.0	39.0	52.0	19.0	7.0	0.0	23.0	0.0	0.0	2.0	0.0	0.0	283.0	0.0	0.0	18.0	0.0	11.0	17.0	30.0	16.0	10.0	0.0	0.0	0.0	32.0	21.0	26.0	0.0	15.0	2.0	0.0	0.0	0.0	0.0	10.0	0.0	0.0
ERR4837301	13013.0	17.0	616.0	1047.0	23.0	6761.0	118.0	18.0	163.0	2124.0	16.0	1109.0	519.0	0.0	60.0	378.0	18.0	684.0	183.0	0.0	97.0	2053.0	3289.0	242.0	3851.0	6.0	113.0	0.0	204.0	13.0	2020.0	205.0	0.0	2649.0	12.0	101.0	108.0	11.0	47.0	22.0	0.0	0.0	121.0	130.0	110.0	95.0	142.0	21.0	0.0	380.0	532.0	0.0	0.0	893.0	0.0	54.0	6.0	5.0	0.0	13.0	0.0	94.0	28.0	9.0	2.0	5.0	18.0	15.0	0.0	5.0	0.0	0.0	520.0	16.0	0.0	0.0	0.0	0.0	59.0	58.0	40.0	3.0	23.0	0.0	0.0	106.0	12.0	18.0	0.0	19.0	0.0	0.0	0.0	0.0	0.0	22.0	0.0	0.0
ERR4837302	12559.0	9.0	339.0	1477.0	56.0	7304.0	106.0	146.0	180.0	1553.0	27.0	1552.0	251.0	0.0	23.0	777.0	8.0	434.0	289.0	16.0	135.0	1115.0	3090.0	120.0	3247.0	3.0	44.0	2.0	101.0	39.0	1057.0	78.0	0.0	2509.0	8.0	243.0	63.0	0.0	5.0	3.0	0.0	0.0	103.0	95.0	86.0	119.0	196.0	0.0	8.0	126.0	655.0	16.0	0.0	276.0	0.0	21.0	0.0	41.0	36.0	5.0	0.0	72.0	20.0	13.0	6.0	4.0	25.0	4.0	0.0	0.0	0.0	0.0	255.0	5.0	0.0	53.0	0.0	0.0	22.0	41.0	17.0	0.0	7.0	0.0	0.0	58.0	3.0	23.0	0.0	0.0	0.0	0.0	0.0	0.0	0.0	0.0	0.0	0.0
ERR4837303	15500.0	12.0	495.0	2057.0	132.0	9302.0	150.0	59.0	370.0	2104.0	14.0	1968.0	463.0	0.0	39.0	1447.0	37.0	1251.0	239.0	6.0	104.0	1827.0	6276.0	199.0	4709.0	11.0	123.0	3.0	252.0	29.0	2160.0	245.0	0.0	3225.0	0.0	484.0	75.0	0.0	50.0	0.0	0.0	0.0	152.0	148.0	69.0	103.0	184.0	26.0	17.0	222.0	583.0	13.0	0.0	510.0	0.0	38.0	8.0	22.0	24.0	10.0	0.0	90.0	43.0	4.0	5.0	9.0	23.0	18.0	0.0	0.0	0.0	0.0	184.0	13.0	0.0	7.0	0.0	17.0	23.0	79.0	15.0	0.0	0.0	0.0	0.0	111.0	0.0	0.0	0.0	15.0	0.0	4.0	0.0	0.0	0.0	9.0	0.0	0.0
ERR4837304	7426.0	21.0	526.0	1726.0	68.0	8773.0	176.0	84.0	423.0	1952.0	14.0	233.0	584.0	31.0	45.0	0.0	24.0	690.0	223.0	13.0	4.0	1671.0	1903.0	236.0	5210.0	0.0	156.0	0.0	233.0	34.0	4140.0	188.0	0.0	1430.0	0.0	245.0	121.0	0.0	6.0	65.0	0.0	0.0	74.0	348.0	208.0	42.0	65.0	64.0	14.0	378.0	141.0	0.0	0.0	706.0	0.0	43.0	6.0	6.0	0.0	10.0	0.0	28.0	54.0	45.0	0.0	6.0	0.0	0.0	0.0	4.0	0.0	0.0	0.0	0.0	0.0	33.0	0.0	0.0	0.0	0.0	0.0	0.0	0.0	0.0	0.0	14.0	20.0	94.0	0.0	0.0	0.0	0.0	0.0	19.0	0.0	0.0	0.0	0.0
ERR4837305	11747.0	19.0	382.0	1097.0	23.0	6911.0	164.0	6.0	116.0	1715.0	14.0	1269.0	493.0	0.0	46.0	352.0	95.0	818.0	226.0	2.0	57.0	1673.0	3280.0	286.0	4515.0	3.0	129.0	0.0	155.0	29.0	1893.0	99.0	0.0	2093.0	0.0	127.0	97.0	0.0	72.0	9.0	0.0	0.0	153.0	74.0	86.0	25.0	60.0	51.0	0.0	403.0	246.0	6.0	0.0	819.0	0.0	69.0	0.0	12.0	30.0	11.0	0.0	55.0	13.0	19.0	4.0	2.0	81.0	7.0	0.0	0.0	0.0	0.0	340.0	12.0	0.0	24.0	0.0	16.0	53.0	39.0	20.0	0.0	0.0	0.0	0.0	43.0	46.0	0.0	0.0	0.0	0.0	3.0	3.0	0.0	0.0	0.0	0.0	0.0
ERR4837306	6494.0	21.0	491.0	778.0	0.0	7352.0	229.0	62.0	451.0	2667.0	6.0	199.0	650.0	6.0	58.0	0.0	13.0	1271.0	93.0	2.0	75.0	1442.0	1591.0	198.0	4336.0	6.0	142.0	0.0	289.0	23.0	5180.0	327.0	0.0	1348.0	0.0	197.0	110.0	0.0	310.0	29.0	0.0	0.0	107.0	196.0	109.0	115.0	67.0	17.0	0.0	102.0	333.0	0.0	0.0	78.0	0.0	29.0	13.0	15.0	0.0	4.0	0.0	43.0	34.0	6.0	14.0	0.0	0.0	0.0	0.0	23.0	0.0	0.0	4.0	0.0	0.0	28.0	0.0	0.0	41.0	9.0	0.0	0.0	0.0	0.0	0.0	35.0	0.0	47.0	6.0	6.0	0.0	0.0	0.0	17.0	0.0	0.0	0.0	0.0
ERR4837307	3857.0	10.0	213.0	633.0	28.0	3897.0	213.0	59.0	143.0	1517.0	0.0	149.0	242.0	12.0	41.0	0.0	37.0	263.0	143.0	4.0	33.0	575.0	1564.0	75.0	2677.0	6.0	35.0	0.0	101.0	29.0	2369.0	127.0	0.0	1257.0	0.0	100.0	85.0	0.0	6.0	14.0	0.0	0.0	36.0	75.0	42.0	118.0	33.0	0.0	10.0	94.0	100.0	0.0	0.0	195.0	0.0	23.0	4.0	3.0	0.0	0.0	0.0	29.0	18.0	14.0	3.0	11.0	0.0	0.0	0.0	22.0	0.0	0.0	5.0	0.0	0.0	0.0	0.0	0.0	13.0	0.0	0.0	0.0	0.0	0.0	0.0	9.0	0.0	25.0	0.0	0.0	0.0	0.0	0.0	12.0	0.0	0.0	0.0	0.0
ERR4837308	5288.0	13.0	138.0	808.0	42.0	4293.0	167.0	24.0	177.0	1493.0	14.0	126.0	295.0	8.0	43.0	0.0	14.0	288.0	156.0	14.0	193.0	647.0	1670.0	44.0	2847.0	0.0	25.0	0.0	155.0	20.0	3059.0	131.0	0.0	1132.0	0.0	77.0	81.0	0.0	0.0	6.0	5.0	0.0	194.0	47.0	63.0	29.0	27.0	0.0	3.0	34.0	145.0	0.0	0.0	108.0	0.0	0.0	0.0	9.0	0.0	3.0	0.0	11.0	30.0	0.0	0.0	7.0	0.0	0.0	0.0	8.0	0.0	0.0	4.0	0.0	0.0	4.0	0.0	0.0	33.0	0.0	0.0	0.0	0.0	0.0	0.0	0.0	0.0	77.0	0.0	0.0	0.0	0.0	0.0	8.0	0.0	0.0	0.0	0.0
ERR4837309	12382.0	0.0	139.0	870.0	71.0	3989.0	49.0	47.0	142.0	1286.0	7.0	582.0	149.0	0.0	47.0	595.0	21.0	268.0	124.0	5.0	129.0	592.0	2473.0	57.0	2483.0	14.0	33.0	0.0	120.0	19.0	1633.0	106.0	0.0	1839.0	13.0	149.0	18.0	7.0	0.0	0.0	5.0	0.0	90.0	9.0	60.0	33.0	25.0	0.0	5.0	142.0	265.0	11.0	2.0	224.0	0.0	8.0	0.0	3.0	0.0	9.0	0.0	65.0	37.0	4.0	0.0	4.0	12.0	0.0	0.0	0.0	0.0	0.0	142.0	8.0	0.0	12.0	0.0	12.0	17.0	24.0	15.0	0.0	0.0	0.0	0.0	33.0	21.0	40.0	0.0	0.0	0.0	0.0	0.0	0.0	0.0	10.0	0.0	0.0
ERR4837310	10025.0	7.0	293.0	1598.0	93.0	4751.0	113.0	56.0	271.0	2017.0	3.0	1510.0	189.0	0.0	61.0	583.0	54.0	824.0	206.0	16.0	126.0	655.0	2229.0	57.0	2764.0	4.0	45.0	0.0	147.0	49.0	1606.0	148.0	0.0	2483.0	0.0	167.0	63.0	21.0	29.0	0.0	3.0	0.0	119.0	97.0	67.0	156.0	177.0	12.0	0.0	246.0	372.0	12.0	15.0	249.0	2.0	22.0	5.0	53.0	6.0	3.0	0.0	55.0	42.0	18.0	4.0	2.0	70.0	9.0	0.0	0.0	2.0	0.0	745.0	4.0	0.0	38.0	0.0	0.0	29.0	38.0	8.0	4.0	0.0	0.0	3.0	25.0	7.0	0.0	0.0	0.0	0.0	0.0	0.0	0.0	0.0	0.0	0.0	0.0
ERR4837311	10869.0	7.0	345.0	994.0	88.0	5098.0	93.0	41.0	135.0	1303.0	0.0	645.0	326.0	0.0	28.0	864.0	27.0	489.0	74.0	4.0	94.0	1095.0	2089.0	202.0	3161.0	5.0	75.0	0.0	45.0	0.0	1853.0	84.0	0.0	2066.0	0.0	120.0	33.0	0.0	16.0	10.0	0.0	0.0	68.0	88.0	64.0	25.0	122.0	8.0	0.0	183.0	290.0	0.0	0.0	269.0	0.0	30.0	5.0	4.0	5.0	44.0	0.0	69.0	19.0	10.0	0.0	0.0	0.0	0.0	0.0	0.0	0.0	0.0	97.0	0.0	0.0	2.0	0.0	7.0	22.0	22.0	20.0	0.0	0.0	0.0	0.0	62.0	0.0	35.0	0.0	0.0	0.0	0.0	0.0	0.0	0.0	0.0	0.0	0.0
ERR4837312	7049.0	25.0	388.0	1286.0	60.0	6710.0	216.0	74.0	148.0	2776.0	7.0	535.0	513.0	53.0	129.0	0.0	10.0	1144.0	155.0	20.0	404.0	1213.0	1845.0	251.0	5495.0	0.0	84.0	0.0	99.0	31.0	3970.0	302.0	14.0	987.0	0.0	156.0	152.0	0.0	26.0	27.0	0.0	0.0	106.0	138.0	70.0	9.0	54.0	36.0	0.0	246.0	127.0	0.0	0.0	503.0	0.0	47.0	0.0	7.0	5.0	4.0	0.0	41.0	79.0	16.0	0.0	7.0	0.0	0.0	0.0	15.0	0.0	0.0	0.0	3.0	0.0	26.0	0.0	0.0	30.0	3.0	0.0	0.0	0.0	0.0	0.0	47.0	0.0	46.0	0.0	0.0	0.0	0.0	0.0	30.0	0.0	0.0	0.0	0.0
ERR4837313	4817.0	0.0	146.0	679.0	55.0	2568.0	77.0	15.0	59.0	833.0	0.0	1058.0	106.0	0.0	12.0	607.0	25.0	349.0	64.0	9.0	59.0	406.0	2709.0	20.0	1339.0	0.0	28.0	0.0	100.0	0.0	1021.0	41.0	0.0	1748.0	0.0	87.0	18.0	14.0	11.0	0.0	0.0	0.0	71.0	22.0	30.0	66.0	74.0	0.0	0.0	95.0	168.0	12.0	0.0	96.0	0.0	11.0	0.0	22.0	0.0	0.0	0.0	26.0	0.0	0.0	0.0	2.0	9.0	5.0	0.0	0.0	0.0	0.0	131.0	3.0	0.0	9.0	2.0	0.0	0.0	17.0	4.0	0.0	0.0	2.0	0.0	7.0	0.0	0.0	0.0	0.0	0.0	0.0	0.0	0.0	0.0	6.0	0.0	0.0
ERR4837314	4463.0	0.0	94.0	482.0	33.0	1993.0	45.0	42.0	122.0	497.0	0.0	396.0	147.0	0.0	2.0	376.0	8.0	423.0	39.0	11.0	71.0	313.0	1879.0	6.0	1005.0	0.0	19.0	0.0	22.0	6.0	499.0	30.0	0.0	879.0	0.0	120.0	10.0	0.0	7.0	0.0	0.0	0.0	15.0	22.0	32.0	43.0	84.0	0.0	8.0	114.0	78.0	7.0	0.0	138.0	0.0	5.0	0.0	0.0	20.0	0.0	0.0	29.0	0.0	0.0	0.0	0.0	0.0	0.0	0.0	0.0	0.0	0.0	119.0	0.0	0.0	3.0	0.0	5.0	0.0	16.0	3.0	0.0	0.0	0.0	0.0	7.0	0.0	17.0	0.0	0.0	0.0	0.0	0.0	0.0	0.0	6.0	0.0	0.0
ERR4837315	5439.0	28.0	285.0	701.0	0.0	4933.0	117.0	0.0	395.0	2390.0	5.0	300.0	477.0	24.0	80.0	0.0	7.0	869.0	94.0	18.0	49.0	1064.0	1795.0	153.0	2856.0	20.0	270.0	0.0	241.0	9.0	3519.0	270.0	0.0	1262.0	13.0	80.0	85.0	9.0	210.0	17.0	18.0	0.0	60.0	140.0	85.0	48.0	79.0	10.0	0.0	39.0	245.0	0.0	0.0	106.0	0.0	31.0	12.0	15.0	0.0	7.0	0.0	43.0	36.0	0.0	2.0	10.0	0.0	0.0	0.0	0.0	0.0	0.0	14.0	0.0	0.0	4.0	0.0	0.0	48.0	34.0	0.0	0.0	0.0	0.0	0.0	11.0	6.0	40.0	0.0	0.0	0.0	0.0	0.0	13.0	0.0	0.0	0.0	0.0
ERR4837316	6210.0	10.0	432.0	682.0	22.0	7027.0	157.0	35.0	283.0	1979.0	27.0	336.0	1084.0	14.0	107.0	0.0	16.0	559.0	217.0	25.0	115.0	2684.0	2729.0	244.0	4253.0	12.0	221.0	0.0	174.0	21.0	4208.0	265.0	0.0	1431.0	0.0	249.0	66.0	0.0	21.0	45.0	0.0	0.0	74.0	169.0	234.0	34.0	74.0	26.0	16.0	168.0	281.0	0.0	0.0	532.0	0.0	18.0	7.0	0.0	0.0	5.0	0.0	52.0	46.0	16.0	0.0	7.0	0.0	0.0	0.0	0.0	0.0	0.0	22.0	46.0	0.0	6.0	0.0	0.0	22.0	6.0	0.0	0.0	0.0	0.0	0.0	0.0	11.0	189.0	8.0	3.0	0.0	0.0	0.0	0.0	0.0	0.0	0.0	0.0
ERR4837317	8441.0	15.0	381.0	1160.0	122.0	5724.0	121.0	5.0	517.0	1333.0	18.0	980.0	456.0	0.0	17.0	1584.0	81.0	906.0	170.0	13.0	96.0	1221.0	3777.0	103.0	2811.0	0.0	123.0	0.0	185.0	20.0	1910.0	108.0	0.0	2643.0	0.0	386.0	41.0	17.0	7.0	0.0	0.0	0.0	45.0	121.0	95.0	90.0	102.0	0.0	4.0	387.0	281.0	6.0	0.0	294.0	0.0	6.0	6.0	9.0	29.0	10.0	9.0	62.0	7.0	0.0	0.0	6.0	25.0	0.0	0.0	0.0	0.0	0.0	304.0	0.0	0.0	0.0	0.0	3.0	18.0	20.0	5.0	2.0	0.0	0.0	0.0	59.0	0.0	0.0	0.0	11.0	0.0	2.0	0.0	0.0	0.0	8.0	0.0	0.0
ERR4837318	8883.0	11.0	549.0	1557.0	146.0	5866.0	159.0	36.0	357.0	1854.0	18.0	1561.0	235.0	0.0	15.0	2264.0	24.0	1385.0	162.0	6.0	52.0	1212.0	3603.0	96.0	3414.0	11.0	139.0	0.0	169.0	5.0	2769.0	113.0	4.0	2712.0	0.0	279.0	47.0	22.0	68.0	5.0	0.0	0.0	98.0	116.0	82.0	77.0	176.0	9.0	16.0	285.0	269.0	29.0	0.0	192.0	5.0	32.0	10.0	12.0	15.0	41.0	0.0	42.0	44.0	11.0	0.0	4.0	11.0	22.0	0.0	0.0	0.0	0.0	343.0	0.0	0.0	27.0	0.0	0.0	4.0	31.0	19.0	11.0	0.0	0.0	3.0	70.0	0.0	57.0	0.0	0.0	0.0	0.0	0.0	0.0	0.0	24.0	0.0	0.0
ERR4837319	4647.0	0.0	281.0	281.0	42.0	3611.0	178.0	23.0	207.0	1590.0	0.0	112.0	465.0	4.0	61.0	29.0	42.0	640.0	170.0	15.0	93.0	719.0	958.0	217.0	3049.0	7.0	175.0	0.0	259.0	12.0	2210.0	247.0	0.0	511.0	0.0	161.0	40.0	0.0	307.0	30.0	0.0	3.0	210.0	27.0	39.0	24.0	98.0	33.0	0.0	71.0	632.0	0.0	0.0	67.0	0.0	26.0	21.0	18.0	0.0	10.0	0.0	32.0	115.0	0.0	0.0	0.0	0.0	0.0	0.0	6.0	0.0	0.0	0.0	22.0	0.0	13.0	0.0	0.0	0.0	6.0	0.0	0.0	0.0	0.0	0.0	42.0	0.0	20.0	0.0	0.0	0.0	0.0	0.0	0.0	0.0	0.0	0.0	0.0
ERR4837320	10358.0	0.0	239.0	512.0	42.0	3768.0	101.0	15.0	303.0	1523.0	18.0	724.0	495.0	0.0	20.0	373.0	16.0	360.0	240.0	36.0	8.0	903.0	2444.0	317.0	2405.0	0.0	155.0	0.0	78.0	19.0	236.0	117.0	0.0	678.0	0.0	125.0	45.0	8.0	182.0	12.0	8.0	0.0	113.0	7.0	52.0	5.0	66.0	120.0	0.0	84.0	460.0	15.0	2.0	64.0	0.0	36.0	31.0	0.0	0.0	0.0	0.0	114.0	7.0	0.0	0.0	0.0	0.0	10.0	0.0	0.0	0.0	0.0	53.0	0.0	0.0	0.0	0.0	0.0	29.0	33.0	12.0	0.0	0.0	3.0	0.0	0.0	0.0	2.0	0.0	24.0	0.0	0.0	0.0	0.0	0.0	0.0	0.0	0.0
ERR4837321	8195.0	0.0	187.0	567.0	50.0	4954.0	137.0	31.0	439.0	1356.0	60.0	676.0	518.0	0.0	0.0	434.0	32.0	1246.0	324.0	0.0	3.0	584.0	4892.0	189.0	3537.0	0.0	0.0	0.0	66.0	0.0	829.0	264.0	0.0	804.0	0.0	216.0	47.0	18.0	36.0	26.0	0.0	0.0	100.0	80.0	0.0	69.0	48.0	57.0	0.0	650.0	548.0	22.0	0.0	596.0	0.0	0.0	0.0	0.0	347.0	30.0	0.0	39.0	59.0	83.0	0.0	0.0	0.0	0.0	0.0	32.0	0.0	0.0	97.0	0.0	0.0	0.0	0.0	0.0	20.0	0.0	0.0	0.0	41.0	0.0	0.0	0.0	0.0	0.0	0.0	0.0	0.0	0.0	0.0	0.0	0.0	0.0	0.0	0.0
ERR4837323	11641.0	27.0	502.0	989.0	73.0	6157.0	90.0	10.0	419.0	1640.0	9.0	739.0	628.0	0.0	5.0	1313.0	22.0	963.0	117.0	4.0	132.0	1128.0	3370.0	170.0	3165.0	0.0	66.0	2.0	170.0	15.0	1183.0	62.0	0.0	2743.0	0.0	178.0	122.0	0.0	25.0	15.0	7.0	0.0	43.0	108.0	133.0	56.0	146.0	6.0	0.0	69.0	500.0	14.0	0.0	216.0	0.0	36.0	4.0	0.0	0.0	20.0	0.0	67.0	5.0	4.0	0.0	6.0	10.0	0.0	0.0	0.0	0.0	0.0	165.0	0.0	0.0	29.0	0.0	0.0	18.0	0.0	4.0	7.0	6.0	0.0	0.0	24.0	0.0	43.0	0.0	16.0	0.0	0.0	0.0	0.0	0.0	0.0	0.0	0.0
ERR4837325	4994.0	17.0	405.0	1321.0	0.0	4295.0	76.0	7.0	666.0	2241.0	0.0	332.0	549.0	67.0	57.0	0.0	19.0	361.0	49.0	9.0	59.0	972.0	1446.0	112.0	3222.0	12.0	45.0	0.0	137.0	2.0	3244.0	112.0	0.0	1283.0	0.0	93.0	58.0	0.0	11.0	5.0	0.0	0.0	32.0	203.0	54.0	101.0	106.0	8.0	33.0	109.0	79.0	0.0	0.0	147.0	0.0	13.0	0.0	0.0	0.0	6.0	0.0	5.0	21.0	18.0	0.0	0.0	0.0	0.0	0.0	10.0	0.0	0.0	0.0	0.0	0.0	20.0	0.0	0.0	14.0	2.0	0.0	0.0	0.0	0.0	0.0	0.0	0.0	0.0	0.0	0.0	0.0	0.0	0.0	0.0	0.0	0.0	0.0	0.0
ERR4837326	6006.0	0.0	133.0	658.0	33.0	2947.0	55.0	9.0	200.0	838.0	5.0	850.0	231.0	0.0	16.0	561.0	27.0	369.0	104.0	8.0	59.0	615.0	2779.0	40.0	1555.0	3.0	21.0	6.0	57.0	23.0	833.0	48.0	0.0	1459.0	0.0	196.0	0.0	7.0	0.0	0.0	0.0	0.0	46.0	46.0	23.0	48.0	98.0	0.0	6.0	223.0	218.0	7.0	2.0	186.0	0.0	28.0	6.0	11.0	11.0	2.0	0.0	50.0	23.0	0.0	3.0	0.0	8.0	4.0	0.0	0.0	0.0	0.0	162.0	0.0	0.0	0.0	0.0	8.0	0.0	9.0	6.0	0.0	0.0	0.0	0.0	25.0	0.0	22.0	0.0	0.0	0.0	0.0	0.0	0.0	0.0	5.0	0.0	0.0
ERR4837327	5767.0	51.0	481.0	1658.0	60.0	6670.0	84.0	105.0	678.0	2508.0	0.0	361.0	871.0	31.0	52.0	3.0	48.0	1051.0	151.0	32.0	15.0	1190.0	3352.0	311.0	4139.0	0.0	90.0	0.0	165.0	3.0	3536.0	160.0	0.0	1214.0	0.0	143.0	54.0	0.0	11.0	6.0	3.0	0.0	39.0	213.0	93.0	109.0	80.0	16.0	14.0	193.0	98.0	0.0	0.0	316.0	0.0	15.0	3.0	0.0	0.0	0.0	0.0	12.0	37.0	12.0	0.0	0.0	0.0	0.0	0.0	0.0	0.0	0.0	0.0	0.0	0.0	0.0	0.0	0.0	15.0	0.0	0.0	0.0	0.0	0.0	0.0	0.0	0.0	92.0	0.0	0.0	0.0	0.0	0.0	3.0	0.0	0.0	0.0	0.0
ERR4837328	9506.0	4.0	244.0	1495.0	36.0	5321.0	181.0	21.0	497.0	1586.0	0.0	1106.0	406.0	0.0	10.0	1109.0	54.0	941.0	304.0	14.0	220.0	778.0	5339.0	36.0	2897.0	3.0	42.0	0.0	147.0	15.0	1967.0	54.0	0.0	1769.0	0.0	234.0	26.0	16.0	0.0	4.0	10.0	0.0	40.0	55.0	101.0	91.0	124.0	32.0	0.0	143.0	136.0	0.0	0.0	182.0	0.0	34.0	0.0	9.0	5.0	8.0	0.0	58.0	32.0	0.0	3.0	3.0	16.0	0.0	0.0	4.0	0.0	0.0	155.0	0.0	0.0	8.0	0.0	10.0	11.0	0.0	3.0	0.0	0.0	0.0	0.0	24.0	0.0	28.0	0.0	0.0	0.0	0.0	0.0	0.0	0.0	12.0	0.0	0.0
ERR4837329	7105.0	9.0	213.0	1087.0	39.0	7360.0	361.0	52.0	248.0	2981.0	5.0	181.0	409.0	25.0	49.0	0.0	24.0	422.0	179.0	11.0	247.0	781.0	1778.0	60.0	4837.0	10.0	21.0	0.0	100.0	7.0	4739.0	167.0	0.0	1486.0	0.0	162.0	435.0	0.0	2.0	10.0	0.0	0.0	18.0	118.0	102.0	68.0	54.0	16.0	13.0	124.0	161.0	0.0	0.0	199.0	0.0	5.0	0.0	6.0	0.0	3.0	0.0	21.0	16.0	0.0	0.0	3.0	0.0	0.0	0.0	0.0	0.0	0.0	0.0	0.0	0.0	21.0	0.0	0.0	0.0	0.0	0.0	0.0	0.0	0.0	0.0	0.0	0.0	58.0	7.0	0.0	0.0	0.0	0.0	19.0	0.0	0.0	0.0	0.0
ERR4837330	5316.0	0.0	167.0	628.0	26.0	2740.0	100.0	4.0	119.0	808.0	4.0	1133.0	148.0	0.0	11.0	526.0	27.0	504.0	76.0	0.0	49.0	380.0	1189.0	45.0	1530.0	0.0	16.0	0.0	99.0	10.0	1081.0	30.0	0.0	1974.0	0.0	88.0	15.0	0.0	4.0	0.0	0.0	0.0	47.0	13.0	15.0	94.0	61.0	11.0	0.0	90.0	74.0	0.0	0.0	83.0	0.0	0.0	0.0	14.0	7.0	2.0	0.0	25.0	0.0	10.0	0.0	0.0	6.0	0.0	0.0	0.0	0.0	0.0	132.0	0.0	0.0	0.0	0.0	3.0	13.0	15.0	0.0	0.0	0.0	0.0	0.0	15.0	0.0	41.0	0.0	0.0	0.0	0.0	0.0	0.0	0.0	5.0	0.0	0.0
ERR4837331	5830.0	0.0	498.0	1221.0	26.0	5396.0	128.0	11.0	386.0	3719.0	14.0	256.0	533.0	79.0	104.0	0.0	0.0	1057.0	154.0	0.0	179.0	1165.0	1822.0	229.0	4874.0	10.0	32.0	0.0	114.0	17.0	3250.0	84.0	0.0	994.0	0.0	155.0	82.0	0.0	37.0	16.0	0.0	0.0	16.0	87.0	84.0	29.0	69.0	29.0	7.0	205.0	108.0	0.0	0.0	199.0	0.0	0.0	4.0	0.0	0.0	0.0	0.0	22.0	53.0	0.0	0.0	2.0	0.0	0.0	0.0	3.0	0.0	0.0	0.0	0.0	0.0	21.0	0.0	0.0	27.0	0.0	0.0	0.0	0.0	0.0	0.0	0.0	0.0	73.0	0.0	0.0	0.0	0.0	0.0	9.0	0.0	0.0	0.0	0.0
ERR4837333	8934.0	29.0	302.0	942.0	37.0	5446.0	145.0	5.0	340.0	1346.0	13.0	916.0	354.0	0.0	11.0	529.0	32.0	1930.0	160.0	7.0	53.0	1219.0	4912.0	102.0	3318.0	0.0	87.0	3.0	166.0	7.0	1802.0	174.0	0.0	1897.0	0.0	50.0	45.0	0.0	10.0	0.0	0.0	0.0	0.0	137.0	60.0	58.0	163.0	0.0	0.0	475.0	556.0	0.0	0.0	599.0	0.0	39.0	0.0	8.0	381.0	28.0	0.0	54.0	13.0	11.0	12.0	0.0	12.0	0.0	5.0	0.0	0.0	0.0	277.0	0.0	0.0	0.0	0.0	4.0	18.0	0.0	3.0	0.0	0.0	0.0	0.0	27.0	0.0	21.0	0.0	0.0	0.0	0.0	0.0	0.0	0.0	0.0	0.0	0.0
ERR4837334	7826.0	24.0	328.0	1382.0	74.0	8034.0	292.0	81.0	424.0	2702.0	6.0	878.0	392.0	18.0	57.0	0.0	57.0	436.0	427.0	44.0	87.0	764.0	4030.0	92.0	4239.0	5.0	39.0	0.0	106.0	27.0	5792.0	173.0	0.0	1075.0	0.0	327.0	57.0	0.0	16.0	0.0	0.0	0.0	73.0	189.0	120.0	82.0	66.0	4.0	9.0	142.0	238.0	0.0	0.0	222.0	0.0	18.0	16.0	0.0	0.0	5.0	0.0	13.0	62.0	9.0	12.0	7.0	0.0	0.0	0.0	31.0	0.0	0.0	6.0	0.0	0.0	9.0	0.0	8.0	12.0	0.0	0.0	0.0	0.0	0.0	0.0	0.0	0.0	80.0	0.0	0.0	0.0	0.0	0.0	4.0	0.0	0.0	0.0	0.0
ERR4837335	6979.0	13.0	440.0	987.0	31.0	5954.0	92.0	9.0	318.0	2020.0	4.0	166.0	317.0	28.0	55.0	0.0	0.0	553.0	123.0	31.0	32.0	1324.0	1959.0	178.0	4205.0	8.0	14.0	0.0	66.0	14.0	2436.0	49.0	0.0	1148.0	0.0	110.0	122.0	0.0	3.0	18.0	0.0	0.0	5.0	179.0	60.0	60.0	31.0	24.0	9.0	272.0	34.0	0.0	0.0	715.0	0.0	4.0	0.0	0.0	0.0	4.0	0.0	32.0	8.0	16.0	21.0	5.0	0.0	0.0	0.0	0.0	0.0	0.0	0.0	0.0	0.0	26.0	0.0	0.0	3.0	0.0	0.0	0.0	0.0	0.0	0.0	0.0	0.0	53.0	0.0	0.0	0.0	0.0	0.0	0.0	0.0	0.0	0.0	0.0
ERR4837336	13808.0	42.0	564.0	1249.0	33.0	7365.0	149.0	15.0	762.0	1963.0	3.0	1128.0	582.0	0.0	7.0	1104.0	62.0	734.0	231.0	0.0	82.0	1358.0	2908.0	322.0	3643.0	5.0	126.0	0.0	240.0	12.0	2848.0	84.0	0.0	2847.0	0.0	186.0	116.0	0.0	13.0	11.0	0.0	0.0	58.0	144.0	155.0	54.0	139.0	3.0	8.0	68.0	376.0	8.0	0.0	115.0	0.0	38.0	0.0	17.0	0.0	44.0	0.0	66.0	0.0	4.0	0.0	0.0	15.0	0.0	0.0	0.0	0.0	0.0	164.0	0.0	0.0	42.0	0.0	7.0	20.0	18.0	6.0	0.0	0.0	0.0	0.0	82.0	0.0	29.0	0.0	11.0	0.0	0.0	0.0	0.0	0.0	0.0	0.0	0.0
ERR4837337	9641.0	10.0	422.0	2023.0	93.0	5604.0	89.0	14.0	479.0	1603.0	11.0	1353.0	351.0	0.0	18.0	1525.0	45.0	949.0	131.0	21.0	116.0	1003.0	2341.0	52.0	2806.0	3.0	12.0	0.0	160.0	42.0	1266.0	89.0	0.0	2563.0	4.0	358.0	30.0	9.0	4.0	0.0	0.0	0.0	123.0	94.0	35.0	120.0	196.0	8.0	0.0	183.0	203.0	12.0	0.0	294.0	0.0	32.0	3.0	23.0	7.0	0.0	0.0	43.0	22.0	9.0	2.0	5.0	13.0	7.0	0.0	0.0	0.0	0.0	147.0	0.0	0.0	0.0	0.0	6.0	24.0	22.0	0.0	0.0	0.0	0.0	0.0	75.0	0.0	21.0	3.0	0.0	0.0	0.0	0.0	0.0	0.0	0.0	0.0	0.0
ERR4837338	6929.0	2.0	134.0	746.0	55.0	3391.0	104.0	3.0	128.0	911.0	5.0	773.0	143.0	0.0	5.0	519.0	9.0	134.0	133.0	18.0	96.0	562.0	1285.0	17.0	1952.0	0.0	21.0	0.0	96.0	15.0	1115.0	31.0	0.0	1178.0	0.0	59.0	17.0	0.0	70.0	0.0	0.0	0.0	12.0	38.0	62.0	39.0	63.0	3.0	0.0	55.0	85.0	0.0	0.0	88.0	0.0	23.0	4.0	8.0	0.0	0.0	0.0	42.0	9.0	6.0	10.0	4.0	0.0	0.0	0.0	4.0	0.0	0.0	73.0	0.0	0.0	12.0	0.0	14.0	8.0	14.0	5.0	0.0	0.0	0.0	0.0	9.0	0.0	13.0	0.0	0.0	0.0	0.0	0.0	0.0	0.0	0.0	0.0	0.0
ERR4837339	9258.0	26.0	593.0	1826.0	16.0	8947.0	214.0	47.0	766.0	4666.0	17.0	324.0	663.0	29.0	68.0	0.0	64.0	929.0	331.0	17.0	312.0	2654.0	2844.0	375.0	7332.0	0.0	142.0	0.0	450.0	11.0	6056.0	239.0	0.0	1835.0	0.0	148.0	125.0	0.0	0.0	21.0	0.0	0.0	14.0	271.0	148.0	36.0	92.0	36.0	0.0	119.0	179.0	0.0	0.0	141.0	0.0	19.0	43.0	11.0	0.0	14.0	0.0	27.0	12.0	15.0	119.0	16.0	3.0	0.0	0.0	9.0	0.0	3.0	0.0	0.0	0.0	13.0	0.0	0.0	11.0	0.0	0.0	0.0	0.0	0.0	0.0	0.0	0.0	136.0	0.0	0.0	0.0	0.0	0.0	13.0	4.0	0.0	0.0	8.0
ERR4837340	7378.0	24.0	456.0	1291.0	0.0	5700.0	104.0	20.0	778.0	3210.0	26.0	446.0	332.0	16.0	104.0	0.0	28.0	1130.0	231.0	30.0	154.0	1261.0	2252.0	193.0	4691.0	5.0	56.0	0.0	292.0	6.0	4420.0	194.0	9.0	1130.0	0.0	100.0	133.0	0.0	10.0	32.0	0.0	0.0	0.0	178.0	112.0	45.0	56.0	0.0	0.0	89.0	57.0	0.0	0.0	139.0	0.0	20.0	12.0	12.0	0.0	22.0	0.0	29.0	0.0	32.0	35.0	0.0	0.0	0.0	0.0	0.0	0.0	0.0	0.0	0.0	0.0	0.0	0.0	0.0	0.0	0.0	0.0	0.0	0.0	0.0	0.0	0.0	0.0	57.0	0.0	0.0	0.0	0.0	0.0	10.0	0.0	0.0	0.0	0.0
ERR4837341	8876.0	11.0	441.0	1221.0	73.0	5518.0	120.0	26.0	564.0	1621.0	0.0	1347.0	656.0	0.0	22.0	589.0	35.0	1863.0	272.0	13.0	39.0	1172.0	3018.0	130.0	3575.0	3.0	86.0	0.0	268.0	17.0	3078.0	353.0	0.0	1687.0	4.0	166.0	16.0	9.0	3.0	16.0	0.0	0.0	125.0	146.0	51.0	35.0	134.0	16.0	4.0	127.0	491.0	10.0	0.0	74.0	0.0	54.0	0.0	4.0	4.0	25.0	4.0	37.0	51.0	0.0	0.0	0.0	8.0	3.0	0.0	0.0	0.0	0.0	91.0	0.0	0.0	16.0	0.0	0.0	10.0	26.0	0.0	0.0	0.0	0.0	0.0	24.0	0.0	29.0	0.0	8.0	0.0	0.0	0.0	0.0	0.0	5.0	0.0	0.0
ERR4837342	13616.0	20.0	203.0	1354.0	62.0	6917.0	134.0	27.0	275.0	1710.0	0.0	1195.0	290.0	0.0	7.0	698.0	65.0	235.0	359.0	11.0	190.0	895.0	2103.0	73.0	3292.0	0.0	49.0	0.0	124.0	7.0	2216.0	75.0	0.0	2473.0	0.0	63.0	57.0	3.0	111.0	0.0	0.0	0.0	119.0	83.0	126.0	91.0	100.0	22.0	0.0	195.0	314.0	0.0	0.0	266.0	0.0	11.0	4.0	9.0	0.0	3.0	0.0	55.0	7.0	0.0	17.0	3.0	13.0	7.0	0.0	2.0	0.0	0.0	82.0	0.0	0.0	26.0	0.0	6.0	0.0	0.0	6.0	0.0	0.0	0.0	0.0	0.0	0.0	50.0	0.0	0.0	0.0	0.0	0.0	0.0	0.0	14.0	0.0	0.0
ERR4837343	8368.0	17.0	282.0	716.0	0.0	5065.0	29.0	6.0	626.0	1420.0	0.0	781.0	615.0	0.0	13.0	684.0	27.0	1083.0	168.0	11.0	33.0	1312.0	2103.0	114.0	2465.0	0.0	64.0	0.0	126.0	7.0	2133.0	66.0	0.0	1860.0	0.0	82.0	177.0	0.0	0.0	6.0	0.0	0.0	20.0	114.0	46.0	17.0	142.0	0.0	0.0	117.0	306.0	0.0	0.0	262.0	0.0	30.0	0.0	0.0	0.0	0.0	0.0	50.0	6.0	0.0	2.0	2.0	0.0	0.0	0.0	0.0	0.0	0.0	34.0	0.0	0.0	36.0	0.0	0.0	9.0	0.0	10.0	0.0	0.0	0.0	0.0	0.0	0.0	114.0	0.0	0.0	0.0	0.0	0.0	0.0	0.0	6.0	0.0	0.0
ERR4837344	6149.0	9.0	508.0	1528.0	55.0	7279.0	273.0	17.0	537.0	3621.0	0.0	136.0	392.0	35.0	68.0	0.0	65.0	783.0	238.0	34.0	582.0	1058.0	1741.0	37.0	5329.0	15.0	32.0	0.0	188.0	3.0	4519.0	107.0	0.0	1629.0	0.0	891.0	111.0	0.0	0.0	0.0	0.0	0.0	2.0	89.0	85.0	118.0	52.0	17.0	11.0	166.0	102.0	0.0	0.0	265.0	2.0	49.0	14.0	2.0	0.0	0.0	0.0	40.0	4.0	13.0	0.0	0.0	0.0	0.0	0.0	0.0	0.0	0.0	0.0	0.0	0.0	55.0	0.0	0.0	13.0	0.0	0.0	0.0	0.0	0.0	0.0	4.0	0.0	37.0	0.0	0.0	0.0	0.0	0.0	9.0	0.0	0.0	0.0	0.0
ERR4837345	11280.0	9.0	235.0	1425.0	20.0	6056.0	172.0	41.0	396.0	1741.0	9.0	1398.0	420.0	0.0	6.0	727.0	31.0	1462.0	229.0	14.0	139.0	836.0	2635.0	54.0	3336.0	5.0	39.0	10.0	85.0	25.0	3105.0	84.0	0.0	1767.0	0.0	211.0	40.0	19.0	0.0	3.0	0.0	0.0	64.0	145.0	77.0	98.0	197.0	0.0	0.0	209.0	194.0	0.0	0.0	303.0	0.0	29.0	5.0	27.0	16.0	0.0	0.0	80.0	39.0	12.0	0.0	2.0	19.0	7.0	0.0	2.0	0.0	0.0	148.0	0.0	6.0	34.0	0.0	20.0	20.0	13.0	3.0	0.0	0.0	0.0	0.0	14.0	0.0	25.0	0.0	0.0	0.0	0.0	0.0	0.0	0.0	10.0	0.0	0.0
