#SampleID	d__Bacteria;p__Proteobacteria;c__Gammaproteobacteria;o__Xanthomonadales	d__Bacteria;p__Patescibacteria;c__Saccharimonadia;o__Saccharimonadales	d__Bacteria;p__Planctomycetota;c__Phycisphaerae;o__Phycisphaerales	d__Bacteria;p__Planctomycetota;c__Planctomycetes;o__Pirellulales	d__Bacteria;p__Chloroflexi;c__Dehalococcoidia;o__S085	d__Bacteria;p__Proteobacteria;c__Alphaproteobacteria;o__Rhizobiales	d__Bacteria;p__Bdellovibrionota;c__Oligoflexia;o__0319-6G20	d__Bacteria;p__Cyanobacteria;c__Vampirivibrionia;o__Vampirovibrionales	d__Bacteria;p__Proteobacteria;c__Gammaproteobacteria;o__Legionellales	d__Bacteria;p__Bdellovibrionota;c__Oligoflexia;o__Oligoflexales	d__Bacteria;p__Actinobacteriota;c__Acidimicrobiia;o__Microtrichales	d__Bacteria;p__Verrucomicrobiota;c__Verrucomicrobiae;o__Verrucomicrobiales	d__Bacteria;p__Desulfobacterota;c__Desulfuromonadia;o__Geobacterales	d__Bacteria;p__Chloroflexi;c__Anaerolineae;o__Anaerolineales	d__Bacteria;p__Proteobacteria;c__Alphaproteobacteria;o__Sphingomonadales	d__Bacteria;p__Actinobacteriota;c__Thermoleophilia;o__Gaiellales	d__Bacteria;p__Firmicutes;c__Symbiobacteriia;o__Symbiobacteriales	d__Bacteria;p__Bdellovibrionota;c__Oligoflexia;o__053A03-B-DI-P58	d__Bacteria;p__Sumerlaeota;c__Sumerlaeia;o__Sumerlaeales	d__Bacteria;p__Acidobacteriota;c__Thermoanaerobaculia;o__Thermoanaerobaculales	d__Bacteria;p__Chloroflexi;c__OLB14;o__OLB14	d__Bacteria;p__Verrucomicrobiota;c__Verrucomicrobiae;o__Pedosphaerales	d__Bacteria;p__Proteobacteria;c__Alphaproteobacteria;o__Acetobacterales	d__Bacteria;p__Actinobacteriota;c__Actinobacteria;o__Frankiales	d__Bacteria;p__Planctomycetota;c__Planctomycetes;o__Gemmatales	d__Bacteria;p__Bdellovibrionota;c__Bdellovibrionia;o__Bacteriovoracales	d__Bacteria;p__Proteobacteria;c__Alphaproteobacteria;o__Caulobacterales	d__Bacteria;p__Proteobacteria;c__Alphaproteobacteria;o__Caedibacterales	d__Bacteria;p__Dependentiae;c__Babeliae;o__Babeliales	d__Bacteria;p__Cyanobacteria;c__Sericytochromatia;o__Sericytochromatia	d__Bacteria;p__Planctomycetota;c__Planctomycetes;o__Planctomycetales	d__Bacteria;p__Proteobacteria;c__Gammaproteobacteria;o__Burkholderiales	d__Bacteria;p__Gemmatimonadota;c__Gemmatimonadetes;o__Gemmatimonadales	d__Bacteria;p__Myxococcota;c__Polyangia;o__Blfdi19	d__Bacteria;p__Patescibacteria;c__Parcubacteria;o__Candidatus_Azambacteria	d__Bacteria;p__Patescibacteria;c__Parcubacteria;o__Candidatus_Kaiserbacteria	d__Bacteria;p__Bacteroidota;c__Bacteroidia;o__Chitinophagales	d__Bacteria;p__Proteobacteria;c__Alphaproteobacteria;o__Paracaedibacterales	d__Bacteria;p__Planctomycetota;c__Pla4_lineage;o__Pla4_lineage	d__Bacteria;p__Proteobacteria;c__Gammaproteobacteria;o__R7C24	d__Bacteria;p__Verrucomicrobiota;c__Chlamydiae;o__Chlamydiales	d__Bacteria;p__Actinobacteriota;c__Acidimicrobiia;o__uncultured	d__Bacteria;p__Bacteroidota;c__Bacteroidia;o__SM1A07	d__Bacteria;p__Proteobacteria;c__Gammaproteobacteria;o__F9P41300-M23	d__Bacteria;p__Verrucomicrobiota;c__Verrucomicrobiae;o__Chthoniobacterales	d__Bacteria;p__Firmicutes;c__Limnochordia;o__Limnochordia	d__Bacteria;p__Proteobacteria;c__Alphaproteobacteria;o__Rhodospirillales	d__Bacteria;p__Chloroflexi;c__Anaerolineae;o__Caldilineales	d__Bacteria;p__Planctomycetota;c__Planctomycetes;o__Isosphaerales	d__Bacteria;p__Proteobacteria;c__Gammaproteobacteria;o__Immundisolibacterales	d__Bacteria;p__Patescibacteria;c__Gracilibacteria;o__Candidatus_Peribacteria	d__Bacteria;p__Bdellovibrionota;c__Bdellovibrionia;o__Bdellovibrionales	d__Bacteria;p__Proteobacteria;c__Gammaproteobacteria;o__Coxiellales	d__Bacteria;p__Firmicutes;c__Bacilli;o__Bacillales	d__Bacteria;p__Chloroflexi;c__Anaerolineae;o__SBR1031	d__Bacteria;p__Proteobacteria;c__Alphaproteobacteria;o__Azospirillales	d__Bacteria;p__Armatimonadota;c__Fimbriimonadia;o__Fimbriimonadales	d__Bacteria;p__Patescibacteria;c__WWE3;o__WWE3	d__Bacteria;p__Verrucomicrobiota;c__Verrucomicrobiae;o__Opitutales	d__Bacteria;p__Myxococcota;c__Polyangia;o__Polyangiales	d__Bacteria;p__Actinobacteriota;c__Actinobacteria;o__Corynebacteriales	d__Bacteria;p__Proteobacteria;c__Gammaproteobacteria;o__Diplorickettsiales	d__Bacteria;p__Acidobacteriota;c__Vicinamibacteria;o__Vicinamibacterales	d__Bacteria;p__Proteobacteria;c__Gammaproteobacteria;o__Pseudomonadales	d__Bacteria;p__Actinobacteriota;c__Actinobacteria;o__Propionibacteriales	d__Bacteria;p__Proteobacteria;c__Alphaproteobacteria;o__AT-s3-44	d__Bacteria;p__Cyanobacteria;c__Vampirivibrionia;o__Obscuribacterales	d__Bacteria;p__Verrucomicrobiota;c__Kiritimatiellae;o__WCHB1-41	d__Bacteria;p__Actinobacteriota;c__Acidimicrobiia;o__IMCC26256	d__Bacteria;p__Actinobacteriota;c__Actinobacteria;o__Micromonosporales	d__Bacteria;p__Myxococcota;c__Myxococcia;o__Myxococcales	d__Bacteria;p__Proteobacteria;c__Alphaproteobacteria;o__Rickettsiales	d__Bacteria;p__Proteobacteria;c__Alphaproteobacteria;o__Micropepsales	d__Bacteria;p__Bacteroidota;c__Bacteroidia;o__Cytophagales	d__Bacteria;p__Armatimonadota;c__uncultured;o__uncultured	d__Bacteria;p__Elusimicrobiota;c__Lineage_IIa;o__Lineage_IIa	d__Bacteria;p__Patescibacteria;c__ABY1;o__Candidatus_Uhrbacteria	d__Bacteria;p__Actinobacteriota;c__Actinobacteria;o__Micrococcales	d__Bacteria;p__Acidobacteriota;c__Acidobacteriae;o__Bryobacterales	d__Bacteria;p__Bacteroidota;c__Bacteroidia;o__Flavobacteriales	d__Bacteria;p__Planctomycetota;c__vadinHA49;o__vadinHA49	d__Bacteria;p__Cyanobacteria;c__Cyanobacteriia;o__Cyanobacteriales	d__Bacteria;p__Chloroflexi;c__Anaerolineae;o__RBG-13-54-9	d__Bacteria;p__Proteobacteria;c__Alphaproteobacteria;o__Micavibrionales	d__Bacteria;p__Firmicutes;c__Bacilli;o__Brevibacillales	d__Bacteria;p__Firmicutes;c__Bacilli;o__Paenibacillales	d__Bacteria;p__Chloroflexi;c__AD3;o__AD3	d__Bacteria;p__Myxococcota;c__Polyangia;o__Haliangiales	d__Bacteria;p__Planctomycetota;c__Phycisphaerae;o__Tepidisphaerales	d__Bacteria;p__Elusimicrobiota;c__Elusimicrobia;o__Lineage_IV	d__Bacteria;p__Patescibacteria;c__Parcubacteria;o__Candidatus_Moranbacteria	d__Bacteria;p__Chloroflexi;c__Chloroflexia;o__Thermomicrobiales	d__Bacteria;p__Actinobacteriota;c__Actinobacteria;o__Streptomycetales	d__Bacteria;p__Patescibacteria;c__Parcubacteria;o__Candidatus_Zambryskibacteria	d__Bacteria;p__Patescibacteria;c__Parcubacteria;o__Parcubacteria	d__Bacteria;p__Desulfobacterota;c__Desulfuromonadia;o__PB19	d__Bacteria;p__Chloroflexi;c__TK10;o__TK10	d__Bacteria;p__Patescibacteria;c__ABY1;o__Candidatus_Magasanikbacteria	d__Bacteria;p__Bacteroidota;c__Bacteroidia;o__Sphingobacteriales	d__Bacteria;p__Acidobacteriota;c__Blastocatellia;o__Blastocatellales	d__Bacteria;p__Chloroflexi;c__KD4-96;o__KD4-96	d__Bacteria;p__Proteobacteria;c__Alphaproteobacteria;o__uncultured	d__Bacteria;p__Fibrobacterota;c__Fibrobacteria;o__Fibrobacterales	d__Bacteria;p__Armatimonadota;c__Armatimonadia;o__Armatimonadales	d__Bacteria;p__Planctomycetota;c__Planctomycetes;o__uncultured	d__Bacteria;p__Proteobacteria;c__Gammaproteobacteria;o__Gammaproteobacteria_Incertae_Sedis	d__Bacteria;p__Gemmatimonadota;c__S0134_terrestrial_group;o__S0134_terrestrial_group	d__Bacteria;p__Proteobacteria;c__Gammaproteobacteria;o__Steroidobacterales	d__Bacteria;p__Acidobacteriota;c__Acidobacteriae;o__Acidobacteriae	d__Bacteria;p__Firmicutes;c__Bacilli;o__Alicyclobacillales	d__Bacteria;p__Proteobacteria;c__Alphaproteobacteria;o__Dongiales	d__Bacteria;p__Planctomycetota;c__OM190;o__OM190	d__Bacteria;p__Proteobacteria;c__Gammaproteobacteria;o__Salinisphaerales	d__Bacteria;p__Elusimicrobiota;c__Lineage_IIb;o__Lineage_IIb	d__Bacteria;p__Actinobacteriota;c__Thermoleophilia;o__Solirubrobacterales	d__Bacteria;p__Elusimicrobiota;c__Lineage_IIc;o__Lineage_IIc	d__Bacteria;p__Acidobacteriota;c__Blastocatellia;o__11-24	d__Bacteria;p__Gemmatimonadota;c__Longimicrobia;o__Longimicrobiales	d__Bacteria;p__Methylomirabilota;c__Methylomirabilia;o__Rokubacteriales	d__Bacteria;p__Proteobacteria;c__Alphaproteobacteria;o__Defluviicoccales	d__Bacteria;p__Chloroflexi;c__JG30-KF-CM66;o__JG30-KF-CM66	d__Bacteria;p__Proteobacteria;c__Gammaproteobacteria;o__CCD24	d__Bacteria;p__Patescibacteria;c__Berkelbacteria;o__Berkelbacteria	d__Bacteria;p__WS2;c__WS2;o__WS2	d__Bacteria;p__Proteobacteria;c__Gammaproteobacteria;o__PLTA13	d__Bacteria;p__Proteobacteria;c__Alphaproteobacteria;o__Reyranellales	d__Bacteria;p__Bacteroidota;c__Rhodothermia;o__Rhodothermales	d__Bacteria;p__Chloroflexi;c__Chloroflexia;o__Chloroflexales	d__Bacteria;p__Firmicutes;c__Bacilli;o__Lactobacillales	d__Bacteria;p__Proteobacteria;c__Alphaproteobacteria;o__Rhodobacterales	d__Bacteria;p__Patescibacteria;c__Microgenomatia;o__Candidatus_Pacebacteria	d__Bacteria;p__Bdellovibrionota;c__Oligoflexia;o__Silvanigrellales	d__Bacteria;p__Planctomycetota;c__Phycisphaerae;o__Pla1_lineage	d__Bacteria;p__Chloroflexi;c__Gitt-GS-136;o__Gitt-GS-136	d__Bacteria;p__Chloroflexi;c__Anaerolineae;o__Ardenticatenales	d__Bacteria;p__Proteobacteria;c__Alphaproteobacteria;o__Holosporales	d__Bacteria;p__Gemmatimonadota;c__BD2-11_terrestrial_group;o__BD2-11_terrestrial_group	d__Bacteria;p__Proteobacteria;c__Alphaproteobacteria;o__Thalassobaculales	d__Bacteria;p__Verrucomicrobiota;c__Omnitrophia;o__Omnitrophales	d__Bacteria;p__Planctomycetota;c__BD7-11;o__BD7-11	d__Bacteria;p__Firmicutes;c__Clostridia;o__Clostridiales	d__Bacteria;p__Proteobacteria;c__Gammaproteobacteria;o__EV818SWSAP88	d__Bacteria;p__Abditibacteriota;c__Abditibacteria;o__Abditibacteriales	d__Bacteria;p__Bacteroidota;c__Ignavibacteria;o__SJA-28	d__Bacteria;p__Desulfobacterota;c__uncultured;o__uncultured	d__Bacteria;p__Proteobacteria;c__Gammaproteobacteria;o__Acidiferrobacterales	d__Bacteria;p__Patescibacteria;c__Gracilibacteria;o__Gracilibacteria	d__Bacteria;p__Acidobacteriota;c__Acidobacteriae;o__Subgroup_2	d__Bacteria;p__Firmicutes;c__Negativicutes;o__Veillonellales-Selenomonadales	d__Bacteria;p__Bacteroidota;c__Bacteroidia;o__Bacteroidales	d__Bacteria;p__Sumerlaeota;c__Sumerlaeia;o__uncultured	d__Bacteria;p__Myxococcota;c__Polyangia;o__VHS-B3-70	d__Bacteria;p__Proteobacteria;c__Gammaproteobacteria;o__JTB23	d__Bacteria;p__Cyanobacteria;c__Vampirivibrionia;o__Caenarcaniphilales	d__Bacteria;p__SAR324_clade(Marine_group_B);c__SAR324_clade(Marine_group_B);o__SAR324_clade(Marine_group_B)	d__Bacteria;p__Acidobacteriota;c__Subgroup_21;o__Subgroup_21	d__Bacteria;p__Patescibacteria;c__Parcubacteria;o__Candidatus_Nomurabacteria	d__Bacteria;p__Myxococcota;c__Polyangia;o__Nannocystales	d__Bacteria;p__Halanaerobiaeota;c__Halanaerobiia;o__Halanaerobiales	d__Bacteria;p__Elusimicrobiota;c__Elusimicrobia;o__MVP-88	d__Bacteria;p__Acidobacteriota;c__Vicinamibacteria;o__Subgroup_17	d__Bacteria;p__Acidobacteriota;c__Holophagae;o__Subgroup_7	d__Bacteria;p__Proteobacteria;c__Alphaproteobacteria;o__Kiloniellales	d__Bacteria;p__Acidobacteriota;c__Blastocatellia;o__DS-100	d__Bacteria;p__FCPU426;c__FCPU426;o__FCPU426	d__Bacteria;p__Firmicutes;c__Sulfobacillia;o__Sulfobacillales	d__Bacteria;p__Acidobacteriota;c__Acidobacteriae;o__Acidobacteriales	d__Bacteria;p__Bacteroidota;c__Kapabacteria;o__Kapabacteriales	d__Bacteria;p__Proteobacteria;c__Gammaproteobacteria;o__Enterobacterales	d__Bacteria;p__Patescibacteria;c__Microgenomatia;o__Candidatus_Collierbacteria	d__Bacteria;p__Actinobacteriota;c__Actinobacteria;o__Streptosporangiales	d__Bacteria;p__Actinobacteriota;c__Actinobacteria;o__Pseudonocardiales	d__Bacteria;p__Proteobacteria;c__Alphaproteobacteria;o__Sneathiellales	d__Bacteria;p__Chloroflexi;c__Ktedonobacteria;o__Ktedonobacterales	d__Bacteria;p__Proteobacteria;c__Alphaproteobacteria;o__Ferrovibrionales	d__Bacteria;p__Desulfobacterota;c__Desulfuromonadia;o__Bradymonadales	d__Bacteria;p__Firmicutes;c__Clostridia;o__Caldicoprobacterales	d__Bacteria;p__Patescibacteria;c__Parcubacteria;o__Candidatus_Vogelbacteria	d__Bacteria;p__WPS-2;c__WPS-2;o__WPS-2	d__Bacteria;p__Myxococcota;c__Polyangia;o__mle1-27	d__Bacteria;p__Hydrogenedentes;c__Hydrogenedentia;o__Hydrogenedentiales	d__Bacteria;p__Proteobacteria;c__Alphaproteobacteria;o__Elsterales	d__Bacteria;p__Acidobacteriota;c__Subgroup_22;o__Subgroup_22	d__Bacteria;p__Proteobacteria;c__Gammaproteobacteria;o__CCM19a	d__Bacteria;p__Latescibacterota;c__Latescibacterota;o__Latescibacterota	d__Bacteria;p__Chloroflexi;c__Anaerolineae;o__uncultured	d__Bacteria;p__Patescibacteria;c__Gracilibacteria;o__Absconditabacteriales_(SR1)	d__Bacteria;p__Bacteroidota;c__Ignavibacteria;o__Ignavibacteriales	d__Bacteria;p__Proteobacteria;c__Alphaproteobacteria;o__Puniceispirillales	d__Bacteria;p__Armatimonadota;c__Chthonomonadetes;o__Chthonomonadales	d__Bacteria;p__Proteobacteria;c__Alphaproteobacteria;o__Parvibaculales	d__Bacteria;p__Myxococcota;c__bacteriap25;o__bacteriap25	d__Bacteria;p__Chloroflexi;c__Chloroflexia;o__Kallotenuales	d__Bacteria;p__Acidobacteriota;c__Acidobacteriae;o__Solibacterales	d__Bacteria;p__NB1-j;c__NB1-j;o__NB1-j	d__Bacteria;p__Firmicutes;c__Limnochordia;o__Limnochordales	d__Bacteria;p__Deinococcota;c__Deinococci;o__Deinococcales	d__Bacteria;p__Actinobacteriota;c__Actinobacteria;o__PeM15	d__Bacteria;p__Proteobacteria;c__Alphaproteobacteria;o__Zavarziniales	d__Bacteria;p__Nitrospirota;c__Nitrospiria;o__Nitrospirales	d__Bacteria;p__Actinobacteriota;c__Actinobacteria;o__Catenulisporales	d__Bacteria;p__Spirochaetota;c__Leptospirae;o__Leptospirales	d__Bacteria;p__TX1A-33;c__TX1A-33;o__TX1A-33	d__Bacteria;p__Chloroflexi;c__N9D0;o__N9D0	d__Bacteria;p__Firmicutes;c__Clostridia;o__Peptostreptococcales-Tissierellales	d__Bacteria;p__Firmicutes;c__Clostridia;o__Oscillospirales	d__Bacteria;p__Acidobacteriota;c__Subgroup_5;o__Subgroup_5	d__Bacteria;p__Patescibacteria;c__Microgenomatia;o__Candidatus_Woesebacteria	d__Bacteria;p__Proteobacteria;c__Gammaproteobacteria;o__Ga0077536	d__Bacteria;p__Firmicutes;c__Dethiobacteria;o__Dethiobacterales	d__Bacteria;p__Verrucomicrobiota;c__Verrucomicrobiae;o__Methylacidiphilales	d__Bacteria;p__Firmicutes;c__Clostridia;o__Christensenellales	d__Bacteria;p__Actinobacteriota;c__Actinobacteria;o__Euzebyales	d__Bacteria;p__Acidobacteriota;c__Acidobacteriae;o__PAUC26f	d__Bacteria;p__Acidobacteriota;c__Acidobacteriae;o__Elev-16S-1166	d__Bacteria;p__Desulfobacterota;c__Desulfuromonadia;o__Desulfuromonadales	d__Bacteria;p__Verrucomicrobiota;c__Verrucomicrobiae;o__UA11	d__Bacteria;p__Acidobacteriota;c__Subgroup_11;o__Subgroup_11	d__Bacteria;p__Patescibacteria;c__Microgenomatia;o__Microgenomatia	d__Bacteria;p__Firmicutes;c__Clostridia;o__Lachnospirales	d__Bacteria;p__Firmicutes;c__Bacilli;o__Thermoactinomycetales	d__Bacteria;p__Firmicutes;c__Bacilli;o__Staphylococcales	d__Bacteria;p__Cyanobacteria;c__Cyanobacteriia;o__Geitlerinematales	d__Bacteria;p__Proteobacteria;c__Gammaproteobacteria;o__CHAB-XI-27	d__Bacteria;p__Patescibacteria;c__Gracilibacteria;o__Candidatus_Peregrinibacteria	d__Bacteria;p__Patescibacteria;c__Parcubacteria;o__Candidatus_Campbellbacteria	d__Bacteria;p__Actinobacteriota;c__Actinobacteria;o__Actinomycetales	d__Bacteria;p__Patescibacteria;c__Kazania;o__Kazania	d__Bacteria;p__Dadabacteria;c__Dadabacteriia;o__Dadabacteriales	d__Bacteria;p__Patescibacteria;c__Gracilibacteria;o__JGI_0000069-P22	d__Bacteria;p__Chloroflexi;c__Dehalococcoidia;o__SAR202_clade	d__Bacteria;p__Firmicutes;c__Desulfitobacteriia;o__Desulfitobacteriales	d__Bacteria;p__Patescibacteria;c__ABY1;o__Candidatus_Kerfeldbacteria	d__Bacteria;p__MBNT15;c__MBNT15;o__MBNT15	d__Bacteria;p__Patescibacteria;c__Microgenomatia;o__Candidatus_Daviesbacteria	d__Bacteria;p__Patescibacteria;c__Parcubacteria;o__Candidatus_Yanofskybacteria	d__Bacteria;p__Acidobacteriota;c__Blastocatellia;o__Pyrinomonadales	d__Bacteria;p__Patescibacteria;c__Microgenomatia;o__Candidatus_Chisholmbacteria	d__Bacteria;p__Proteobacteria;c__Alphaproteobacteria;o__Tistrellales	d__Bacteria;p__Patescibacteria;c__Microgenomatia;o__Candidatus_Curtissbacteria	d__Bacteria;p__Margulisbacteria;c__Margulisbacteria;o__Margulisbacteria	d__Bacteria;p__Firmicutes;c__Bacilli;o__Haloplasmatales	d__Bacteria;p__Firmicutes;c__Desulfotomaculia;o__Desulfotomaculales
ERR4837291	614.0	8.0	188.0	556.0	47.0	2835.0	6.0	15.0	0.0	8.0	105.0	191.0	0.0	620.0	486.0	9.0	0.0	0.0	27.0	290.0	28.0	531.0	53.0	56.0	95.0	36.0	2424.0	0.0	5.0	124.0	306.0	4160.0	1503.0	65.0	45.0	0.0	521.0	0.0	7.0	47.0	168.0	42.0	0.0	0.0	288.0	0.0	76.0	27.0	4.0	0.0	0.0	108.0	0.0	810.0	176.0	27.0	92.0	0.0	490.0	3012.0	0.0	138.0	2490.0	7006.0	0.0	0.0	3.0	0.0	11.0	540.0	158.0	23.0	80.0	1754.0	78.0	0.0	0.0	289.0	0.0	184.0	3.0	0.0	0.0	35.0	0.0	253.0	0.0	73.0	250.0	9.0	0.0	33.0	21.0	11.0	65.0	0.0	116.0	10.0	583.0	38.0	93.0	35.0	14.0	0.0	0.0	306.0	283.0	299.0	14.0	7.0	107.0	421.0	185.0	0.0	294.0	0.0	4.0	682.0	0.0	0.0	19.0	286.0	0.0	0.0	2.0	245.0	0.0	3.0	0.0	0.0	6.0	0.0	2.0	0.0	5.0	0.0	69.0	7.0	9.0	17.0	0.0	0.0	7.0	15.0	0.0	5.0	3.0	0.0	0.0	0.0	0.0	0.0	0.0	0.0	0.0	0.0	3.0	18.0	0.0	54.0	15.0	183.0	20.0	0.0	6.0	0.0	0.0	37.0	14.0	0.0	0.0	0.0	20.0	0.0	20.0	0.0	0.0	0.0	0.0	0.0	22.0	0.0	37.0	0.0	9.0	0.0	4.0	0.0	16.0	0.0	7.0	0.0	0.0	15.0	7.0	0.0	0.0	11.0	156.0	78.0	0.0	10.0	0.0	0.0	0.0	0.0	0.0	5.0	10.0	0.0	0.0	0.0	0.0	24.0	0.0	0.0	0.0	0.0	0.0	0.0	0.0	0.0	0.0	0.0	0.0	0.0	0.0	0.0	0.0	0.0	0.0	0.0	0.0	11.0	0.0	0.0	0.0	6.0	0.0	0.0	0.0	0.0	0.0
ERR4837292	615.0	26.0	139.0	902.0	47.0	1943.0	68.0	34.0	0.0	35.0	67.0	475.0	0.0	490.0	207.0	0.0	0.0	0.0	46.0	709.0	12.0	472.0	60.0	79.0	103.0	46.0	774.0	0.0	0.0	98.0	240.0	3272.0	681.0	13.0	10.0	0.0	479.0	4.0	20.0	67.0	68.0	60.0	6.0	0.0	239.0	3.0	14.0	51.0	0.0	0.0	17.0	59.0	5.0	1111.0	591.0	16.0	198.0	5.0	401.0	1970.0	0.0	5.0	1941.0	2148.0	23.0	8.0	0.0	5.0	14.0	1011.0	120.0	5.0	53.0	1544.0	14.0	17.0	0.0	668.0	24.0	34.0	4.0	0.0	0.0	69.0	0.0	339.0	0.0	32.0	217.0	14.0	0.0	16.0	37.0	0.0	85.0	0.0	61.0	0.0	435.0	75.0	211.0	35.0	0.0	12.0	9.0	201.0	49.0	313.0	0.0	145.0	22.0	245.0	52.0	29.0	325.0	0.0	0.0	106.0	0.0	5.0	35.0	253.0	0.0	8.0	0.0	176.0	0.0	8.0	0.0	18.0	6.0	0.0	0.0	0.0	12.0	0.0	27.0	0.0	19.0	23.0	4.0	6.0	0.0	16.0	0.0	15.0	32.0	0.0	0.0	0.0	0.0	15.0	0.0	0.0	3.0	0.0	2.0	12.0	0.0	41.0	26.0	327.0	15.0	0.0	0.0	0.0	0.0	11.0	0.0	0.0	0.0	0.0	0.0	0.0	0.0	0.0	0.0	0.0	0.0	0.0	0.0	0.0	0.0	3.0	0.0	20.0	0.0	0.0	0.0	13.0	11.0	0.0	9.0	20.0	2.0	0.0	0.0	0.0	0.0	47.0	0.0	0.0	0.0	0.0	4.0	0.0	0.0	0.0	0.0	0.0	0.0	0.0	0.0	21.0	0.0	0.0	0.0	0.0	0.0	0.0	0.0	0.0	37.0	0.0	0.0	0.0	0.0	0.0	0.0	0.0	0.0	0.0	0.0	7.0	0.0	0.0	0.0	0.0	0.0	0.0	0.0	0.0	0.0
ERR4837293	563.0	4.0	32.0	347.0	16.0	1628.0	64.0	44.0	4.0	64.0	39.0	96.0	0.0	1217.0	408.0	9.0	0.0	0.0	30.0	118.0	41.0	332.0	56.0	0.0	42.0	2.0	2528.0	0.0	4.0	47.0	220.0	2276.0	786.0	17.0	4.0	0.0	297.0	0.0	0.0	33.0	15.0	13.0	5.0	0.0	225.0	0.0	47.0	20.0	5.0	5.0	4.0	145.0	7.0	1184.0	207.0	2.0	42.0	0.0	217.0	1535.0	0.0	25.0	1831.0	3186.0	18.0	0.0	14.0	0.0	0.0	0.0	147.0	22.0	139.0	1070.0	35.0	7.0	0.0	66.0	16.0	159.0	0.0	0.0	0.0	54.0	10.0	218.0	0.0	28.0	122.0	6.0	0.0	31.0	24.0	0.0	75.0	6.0	83.0	3.0	1197.0	33.0	20.0	12.0	0.0	5.0	0.0	121.0	90.0	162.0	17.0	95.0	45.0	164.0	11.0	0.0	165.0	0.0	0.0	210.0	0.0	0.0	20.0	135.0	0.0	17.0	0.0	122.0	0.0	33.0	0.0	0.0	0.0	0.0	0.0	0.0	0.0	0.0	28.0	0.0	16.0	0.0	0.0	0.0	0.0	0.0	3.0	0.0	11.0	0.0	0.0	0.0	0.0	4.0	0.0	0.0	0.0	0.0	3.0	10.0	0.0	28.0	7.0	71.0	7.0	0.0	0.0	0.0	0.0	20.0	0.0	0.0	0.0	0.0	0.0	0.0	0.0	0.0	0.0	0.0	9.0	2.0	17.0	0.0	16.0	0.0	6.0	0.0	0.0	0.0	6.0	5.0	42.0	0.0	10.0	0.0	0.0	0.0	0.0	0.0	32.0	10.0	0.0	23.0	56.0	0.0	0.0	0.0	3.0	2.0	0.0	0.0	0.0	0.0	0.0	25.0	9.0	0.0	0.0	0.0	0.0	0.0	0.0	0.0	0.0	0.0	0.0	0.0	0.0	0.0	0.0	0.0	0.0	0.0	0.0	5.0	0.0	0.0	0.0	0.0	3.0	0.0	0.0	0.0	0.0
ERR4837294	565.0	0.0	64.0	671.0	80.0	1594.0	83.0	26.0	0.0	44.0	36.0	269.0	0.0	579.0	382.0	0.0	0.0	0.0	9.0	1113.0	12.0	370.0	57.0	25.0	74.0	9.0	1173.0	0.0	2.0	117.0	316.0	3122.0	693.0	24.0	29.0	0.0	369.0	0.0	0.0	25.0	44.0	43.0	8.0	0.0	215.0	3.0	84.0	81.0	5.0	0.0	9.0	123.0	0.0	791.0	543.0	18.0	80.0	0.0	308.0	1745.0	0.0	84.0	2683.0	3790.0	34.0	0.0	17.0	7.0	25.0	212.0	338.0	59.0	51.0	934.0	34.0	3.0	0.0	336.0	0.0	82.0	0.0	0.0	0.0	148.0	0.0	147.0	0.0	33.0	181.0	26.0	2.0	31.0	44.0	0.0	14.0	0.0	46.0	0.0	216.0	112.0	125.0	41.0	0.0	0.0	0.0	180.0	139.0	181.0	3.0	49.0	31.0	252.0	32.0	0.0	215.0	0.0	2.0	282.0	3.0	0.0	32.0	307.0	0.0	17.0	9.0	266.0	0.0	17.0	0.0	0.0	0.0	0.0	4.0	5.0	5.0	0.0	27.0	0.0	44.0	20.0	0.0	0.0	5.0	9.0	0.0	0.0	6.0	0.0	0.0	0.0	0.0	0.0	0.0	0.0	0.0	0.0	0.0	27.0	0.0	42.0	34.0	393.0	16.0	0.0	0.0	0.0	0.0	6.0	0.0	0.0	0.0	0.0	30.0	0.0	0.0	0.0	0.0	0.0	6.0	0.0	3.0	15.0	0.0	0.0	12.0	0.0	0.0	0.0	10.0	0.0	0.0	0.0	22.0	12.0	0.0	2.0	0.0	0.0	42.0	57.0	0.0	5.0	24.0	0.0	0.0	0.0	0.0	0.0	9.0	0.0	0.0	0.0	0.0	58.0	0.0	0.0	0.0	0.0	0.0	0.0	0.0	0.0	7.0	0.0	0.0	0.0	0.0	0.0	0.0	0.0	0.0	0.0	0.0	0.0	0.0	0.0	7.0	0.0	0.0	0.0	0.0	2.0	0.0
ERR4837295	529.0	5.0	62.0	591.0	100.0	2234.0	71.0	73.0	4.0	41.0	48.0	193.0	0.0	420.0	624.0	9.0	0.0	0.0	33.0	418.0	29.0	405.0	85.0	0.0	56.0	56.0	1454.0	0.0	13.0	230.0	322.0	3743.0	629.0	50.0	14.0	0.0	725.0	5.0	23.0	62.0	31.0	11.0	8.0	0.0	423.0	0.0	143.0	34.0	6.0	0.0	14.0	149.0	6.0	1612.0	263.0	10.0	40.0	0.0	323.0	2376.0	5.0	172.0	1649.0	6047.0	15.0	0.0	22.0	0.0	0.0	64.0	109.0	15.0	92.0	1483.0	55.0	0.0	0.0	124.0	34.0	172.0	0.0	2.0	0.0	34.0	0.0	143.0	0.0	82.0	140.0	16.0	0.0	24.0	32.0	3.0	31.0	5.0	79.0	12.0	612.0	69.0	67.0	50.0	11.0	0.0	6.0	354.0	157.0	333.0	0.0	41.0	90.0	164.0	49.0	17.0	155.0	0.0	0.0	304.0	0.0	0.0	39.0	328.0	0.0	16.0	30.0	315.0	23.0	21.0	0.0	0.0	0.0	3.0	0.0	0.0	0.0	0.0	106.0	0.0	7.0	4.0	0.0	0.0	0.0	42.0	3.0	14.0	19.0	0.0	0.0	0.0	3.0	6.0	0.0	0.0	0.0	0.0	0.0	7.0	0.0	62.0	30.0	256.0	0.0	0.0	7.0	0.0	0.0	10.0	0.0	0.0	0.0	0.0	40.0	0.0	10.0	0.0	0.0	0.0	7.0	0.0	10.0	0.0	20.0	0.0	25.0	0.0	4.0	0.0	9.0	0.0	18.0	4.0	10.0	0.0	0.0	0.0	0.0	0.0	189.0	22.0	0.0	17.0	32.0	0.0	0.0	0.0	0.0	9.0	14.0	0.0	0.0	0.0	0.0	67.0	0.0	0.0	7.0	0.0	0.0	0.0	0.0	0.0	0.0	0.0	0.0	0.0	0.0	0.0	0.0	0.0	2.0	0.0	0.0	7.0	0.0	0.0	0.0	0.0	0.0	0.0	2.0	0.0	0.0
ERR4837296	871.0	7.0	74.0	789.0	68.0	1778.0	63.0	37.0	6.0	65.0	61.0	282.0	0.0	438.0	505.0	9.0	0.0	0.0	14.0	1487.0	69.0	526.0	23.0	55.0	97.0	4.0	1087.0	4.0	16.0	185.0	426.0	2845.0	469.0	29.0	3.0	0.0	455.0	2.0	11.0	36.0	25.0	34.0	4.0	0.0	205.0	3.0	43.0	99.0	4.0	0.0	2.0	50.0	0.0	1208.0	935.0	15.0	43.0	0.0	342.0	2731.0	0.0	75.0	2252.0	4759.0	39.0	7.0	19.0	0.0	14.0	291.0	231.0	32.0	105.0	1140.0	19.0	8.0	0.0	305.0	43.0	81.0	4.0	0.0	0.0	106.0	0.0	172.0	0.0	62.0	134.0	20.0	0.0	33.0	72.0	0.0	13.0	3.0	91.0	4.0	356.0	118.0	85.0	28.0	3.0	6.0	7.0	338.0	144.0	187.0	0.0	57.0	31.0	175.0	46.0	19.0	199.0	0.0	0.0	139.0	0.0	5.0	45.0	405.0	4.0	21.0	29.0	306.0	6.0	10.0	0.0	0.0	0.0	0.0	0.0	0.0	0.0	0.0	33.0	0.0	17.0	3.0	0.0	2.0	11.0	20.0	10.0	0.0	11.0	0.0	0.0	0.0	0.0	0.0	0.0	0.0	0.0	0.0	0.0	34.0	0.0	56.0	24.0	164.0	24.0	0.0	2.0	0.0	0.0	7.0	0.0	0.0	0.0	0.0	14.0	0.0	10.0	0.0	0.0	0.0	16.0	5.0	0.0	5.0	23.0	0.0	7.0	0.0	0.0	0.0	0.0	0.0	0.0	0.0	8.0	26.0	0.0	0.0	0.0	0.0	55.0	43.0	0.0	0.0	16.0	0.0	0.0	0.0	15.0	0.0	8.0	0.0	0.0	0.0	0.0	11.0	13.0	0.0	4.0	0.0	0.0	0.0	0.0	0.0	257.0	0.0	0.0	0.0	0.0	0.0	0.0	0.0	0.0	0.0	0.0	25.0	0.0	0.0	0.0	0.0	0.0	0.0	0.0	0.0	0.0
ERR4837297	435.0	43.0	241.0	978.0	32.0	4424.0	182.0	31.0	0.0	111.0	282.0	435.0	0.0	55.0	723.0	14.0	56.0	0.0	200.0	0.0	24.0	1175.0	388.0	0.0	95.0	111.0	1298.0	7.0	36.0	79.0	531.0	4690.0	2498.0	108.0	68.0	0.0	1162.0	7.0	9.0	85.0	174.0	44.0	5.0	0.0	1402.0	0.0	228.0	81.0	16.0	0.0	101.0	191.0	0.0	2657.0	135.0	39.0	278.0	13.0	1483.0	1693.0	0.0	49.0	1919.0	1152.0	133.0	0.0	14.0	3.0	4.0	300.0	473.0	3.0	129.0	2809.0	156.0	3.0	2.0	625.0	63.0	239.0	59.0	0.0	0.0	177.0	96.0	1392.0	0.0	50.0	400.0	87.0	0.0	166.0	26.0	14.0	198.0	11.0	89.0	5.0	2170.0	38.0	89.0	22.0	66.0	0.0	0.0	43.0	228.0	609.0	82.0	1196.0	132.0	313.0	174.0	0.0	525.0	0.0	3.0	618.0	0.0	6.0	24.0	316.0	0.0	14.0	35.0	250.0	0.0	20.0	0.0	0.0	6.0	0.0	0.0	0.0	0.0	0.0	63.0	0.0	69.0	22.0	5.0	0.0	6.0	2.0	6.0	0.0	8.0	4.0	0.0	0.0	0.0	0.0	0.0	0.0	23.0	0.0	10.0	9.0	0.0	13.0	0.0	14.0	0.0	0.0	0.0	0.0	0.0	0.0	0.0	0.0	0.0	0.0	7.0	0.0	0.0	4.0	0.0	0.0	0.0	0.0	24.0	0.0	0.0	0.0	0.0	0.0	6.0	0.0	14.0	0.0	11.0	0.0	51.0	44.0	0.0	0.0	0.0	0.0	53.0	12.0	0.0	13.0	24.0	6.0	0.0	0.0	0.0	15.0	0.0	0.0	0.0	0.0	0.0	74.0	30.0	0.0	0.0	0.0	0.0	0.0	0.0	0.0	0.0	0.0	0.0	0.0	0.0	0.0	23.0	0.0	0.0	0.0	0.0	0.0	0.0	0.0	0.0	0.0	7.0	0.0	0.0	0.0	0.0
ERR4837298	337.0	29.0	75.0	1003.0	49.0	3905.0	131.0	98.0	0.0	67.0	119.0	318.0	0.0	146.0	446.0	5.0	23.0	0.0	35.0	0.0	24.0	464.0	327.0	36.0	131.0	46.0	1214.0	25.0	10.0	91.0	436.0	4176.0	1032.0	108.0	31.0	0.0	717.0	10.0	0.0	42.0	14.0	39.0	0.0	0.0	998.0	0.0	141.0	42.0	20.0	0.0	61.0	127.0	0.0	1864.0	182.0	82.0	228.0	0.0	681.0	2158.0	0.0	35.0	1260.0	799.0	139.0	0.0	0.0	6.0	0.0	26.0	267.0	4.0	69.0	1597.0	126.0	0.0	0.0	403.0	0.0	82.0	0.0	0.0	0.0	174.0	57.0	703.0	0.0	32.0	223.0	76.0	0.0	85.0	85.0	0.0	71.0	4.0	62.0	5.0	2028.0	37.0	79.0	0.0	23.0	9.0	0.0	32.0	109.0	513.0	11.0	568.0	31.0	234.0	46.0	0.0	430.0	0.0	0.0	648.0	0.0	9.0	54.0	397.0	0.0	0.0	26.0	349.0	3.0	16.0	0.0	21.0	0.0	0.0	0.0	0.0	0.0	5.0	53.0	0.0	75.0	28.0	0.0	0.0	0.0	0.0	0.0	0.0	7.0	0.0	0.0	0.0	0.0	0.0	0.0	0.0	2.0	0.0	4.0	3.0	0.0	31.0	0.0	5.0	7.0	0.0	9.0	0.0	0.0	5.0	0.0	0.0	0.0	0.0	15.0	0.0	7.0	0.0	0.0	0.0	0.0	15.0	14.0	0.0	7.0	0.0	0.0	0.0	3.0	0.0	5.0	3.0	30.0	0.0	36.0	0.0	0.0	0.0	0.0	0.0	51.0	12.0	0.0	0.0	42.0	0.0	0.0	0.0	0.0	0.0	0.0	0.0	0.0	0.0	0.0	67.0	0.0	0.0	0.0	0.0	0.0	0.0	0.0	0.0	4.0	0.0	0.0	0.0	0.0	0.0	0.0	0.0	0.0	0.0	0.0	0.0	0.0	0.0	0.0	0.0	10.0	0.0	0.0	0.0	0.0
ERR4837299	1412.0	23.0	347.0	818.0	102.0	3568.0	86.0	39.0	0.0	43.0	101.0	519.0	0.0	947.0	334.0	5.0	0.0	4.0	59.0	1110.0	28.0	1158.0	132.0	134.0	184.0	73.0	1831.0	0.0	23.0	87.0	443.0	6792.0	1801.0	86.0	29.0	2.0	1010.0	10.0	50.0	128.0	229.0	107.0	5.0	0.0	238.0	0.0	75.0	110.0	15.0	20.0	10.0	166.0	0.0	1227.0	660.0	18.0	144.0	0.0	854.0	3625.0	0.0	64.0	3154.0	4461.0	65.0	0.0	19.0	10.0	42.0	542.0	338.0	39.0	114.0	2402.0	20.0	14.0	0.0	1195.0	55.0	286.0	17.0	0.0	0.0	125.0	0.0	417.0	0.0	208.0	226.0	56.0	0.0	96.0	53.0	34.0	168.0	23.0	91.0	41.0	458.0	142.0	193.0	67.0	28.0	9.0	0.0	475.0	383.0	319.0	0.0	200.0	128.0	539.0	132.0	32.0	517.0	2.0	5.0	727.0	0.0	14.0	37.0	485.0	0.0	25.0	20.0	305.0	13.0	47.0	0.0	14.0	18.0	0.0	4.0	0.0	0.0	0.0	84.0	0.0	55.0	0.0	5.0	0.0	0.0	32.0	19.0	15.0	17.0	0.0	0.0	0.0	0.0	95.0	0.0	0.0	3.0	0.0	8.0	7.0	0.0	98.0	34.0	737.0	28.0	0.0	8.0	0.0	10.0	46.0	0.0	0.0	3.0	0.0	38.0	0.0	12.0	0.0	3.0	0.0	0.0	0.0	28.0	23.0	47.0	0.0	10.0	0.0	0.0	0.0	0.0	11.0	9.0	0.0	30.0	48.0	0.0	0.0	0.0	0.0	186.0	54.0	0.0	13.0	30.0	0.0	0.0	0.0	13.0	0.0	12.0	0.0	0.0	0.0	0.0	102.0	11.0	0.0	0.0	0.0	0.0	0.0	0.0	0.0	8.0	0.0	0.0	0.0	0.0	0.0	0.0	0.0	0.0	0.0	0.0	0.0	0.0	0.0	0.0	0.0	0.0	3.0	0.0	0.0	0.0
ERR4837300	748.0	0.0	84.0	825.0	77.0	2268.0	40.0	24.0	18.0	76.0	104.0	364.0	0.0	861.0	522.0	0.0	0.0	0.0	42.0	536.0	25.0	531.0	61.0	38.0	109.0	37.0	903.0	0.0	9.0	155.0	399.0	3579.0	755.0	97.0	19.0	0.0	611.0	0.0	22.0	84.0	64.0	42.0	10.0	0.0	252.0	5.0	87.0	76.0	0.0	0.0	0.0	86.0	0.0	1274.0	1054.0	45.0	63.0	0.0	430.0	3975.0	0.0	85.0	2623.0	2738.0	34.0	0.0	63.0	8.0	34.0	653.0	348.0	23.0	69.0	1376.0	36.0	17.0	0.0	379.0	17.0	113.0	0.0	0.0	0.0	157.0	0.0	338.0	0.0	111.0	122.0	26.0	0.0	34.0	39.0	0.0	14.0	3.0	78.0	3.0	470.0	133.0	183.0	56.0	0.0	6.0	12.0	522.0	139.0	374.0	0.0	48.0	84.0	164.0	67.0	36.0	190.0	5.0	0.0	292.0	0.0	0.0	32.0	257.0	3.0	48.0	28.0	210.0	8.0	45.0	0.0	0.0	0.0	0.0	0.0	0.0	0.0	0.0	39.0	0.0	52.0	19.0	0.0	0.0	0.0	23.0	0.0	15.0	5.0	0.0	0.0	0.0	0.0	20.0	0.0	0.0	2.0	0.0	0.0	59.0	0.0	164.0	48.0	283.0	16.0	2.0	0.0	0.0	0.0	18.0	0.0	0.0	0.0	0.0	28.0	0.0	9.0	0.0	4.0	0.0	11.0	3.0	17.0	0.0	30.0	0.0	16.0	0.0	0.0	0.0	10.0	10.0	11.0	0.0	6.0	14.0	0.0	0.0	0.0	0.0	89.0	32.0	0.0	21.0	26.0	0.0	0.0	3.0	15.0	0.0	0.0	2.0	0.0	0.0	0.0	66.0	0.0	0.0	0.0	0.0	0.0	0.0	0.0	0.0	3.0	0.0	0.0	0.0	0.0	0.0	0.0	0.0	0.0	0.0	0.0	10.0	0.0	0.0	0.0	0.0	0.0	0.0	0.0	0.0	0.0
ERR4837301	573.0	17.0	336.0	679.0	23.0	3387.0	56.0	10.0	12.0	60.0	99.0	353.0	0.0	516.0	268.0	20.0	0.0	0.0	60.0	378.0	18.0	718.0	124.0	41.0	118.0	41.0	1724.0	0.0	0.0	97.0	224.0	5735.0	2053.0	44.0	78.0	0.0	710.0	8.0	6.0	47.0	113.0	16.0	10.0	5.0	321.0	0.0	198.0	101.0	26.0	0.0	5.0	142.0	0.0	1266.0	275.0	37.0	205.0	0.0	721.0	3128.0	0.0	131.0	2621.0	5300.0	37.0	0.0	8.0	12.0	19.0	188.0	101.0	18.0	87.0	1992.0	108.0	11.0	0.0	359.0	65.0	125.0	22.0	0.0	0.0	56.0	0.0	342.0	0.0	101.0	280.0	71.0	0.0	102.0	59.0	14.0	112.0	11.0	110.0	32.0	1003.0	75.0	142.0	27.0	21.0	0.0	0.0	421.0	380.0	337.0	0.0	412.0	98.0	532.0	28.0	0.0	499.0	0.0	0.0	893.0	0.0	5.0	54.0	341.0	6.0	5.0	0.0	271.0	0.0	16.0	0.0	0.0	2.0	2.0	0.0	0.0	0.0	0.0	94.0	9.0	28.0	9.0	0.0	0.0	5.0	18.0	15.0	0.0	8.0	0.0	0.0	0.0	0.0	0.0	0.0	0.0	5.0	0.0	5.0	16.0	0.0	50.0	28.0	520.0	24.0	4.0	16.0	0.0	17.0	0.0	13.0	0.0	0.0	0.0	30.0	0.0	15.0	5.0	0.0	0.0	0.0	0.0	59.0	8.0	58.0	0.0	40.0	0.0	0.0	0.0	7.0	3.0	10.0	23.0	12.0	43.0	0.0	0.0	0.0	0.0	186.0	106.0	0.0	12.0	18.0	0.0	0.0	0.0	19.0	7.0	0.0	0.0	0.0	0.0	0.0	71.0	0.0	0.0	11.0	0.0	0.0	0.0	0.0	0.0	0.0	0.0	0.0	0.0	0.0	0.0	0.0	0.0	0.0	0.0	0.0	22.0	0.0	0.0	0.0	4.0	0.0	0.0	0.0	0.0	0.0
ERR4837302	963.0	9.0	111.0	923.0	56.0	2818.0	44.0	123.0	0.0	62.0	133.0	254.0	0.0	594.0	739.0	10.0	0.0	0.0	23.0	777.0	8.0	533.0	110.0	51.0	147.0	53.0	2604.0	0.0	16.0	135.0	405.0	4826.0	1115.0	44.0	21.0	0.0	799.0	3.0	3.0	93.0	44.0	18.0	4.0	5.0	411.0	2.0	81.0	28.0	0.0	0.0	12.0	236.0	9.0	788.0	698.0	21.0	78.0	0.0	345.0	2876.0	0.0	112.0	2458.0	5425.0	56.0	0.0	23.0	8.0	0.0	160.0	243.0	93.0	106.0	1604.0	63.0	0.0	0.0	153.0	12.0	120.0	3.0	0.0	7.0	97.0	0.0	184.0	0.0	119.0	225.0	14.0	0.0	55.0	14.0	2.0	76.0	27.0	86.0	5.0	696.0	115.0	196.0	50.0	0.0	8.0	2.0	426.0	126.0	287.0	6.0	85.0	93.0	655.0	33.0	16.0	241.0	0.0	4.0	276.0	0.0	8.0	21.0	314.0	0.0	41.0	27.0	235.0	36.0	29.0	0.0	0.0	0.0	0.0	3.0	0.0	0.0	3.0	72.0	0.0	20.0	13.0	3.0	0.0	4.0	25.0	4.0	4.0	22.0	0.0	0.0	5.0	0.0	20.0	0.0	0.0	0.0	0.0	0.0	22.0	0.0	89.0	51.0	255.0	41.0	0.0	5.0	0.0	0.0	53.0	8.0	0.0	0.0	0.0	28.0	0.0	10.0	0.0	0.0	0.0	0.0	6.0	22.0	5.0	41.0	0.0	17.0	0.0	0.0	0.0	0.0	0.0	0.0	7.0	11.0	0.0	0.0	0.0	0.0	0.0	36.0	58.0	0.0	3.0	23.0	0.0	3.0	0.0	0.0	5.0	0.0	0.0	0.0	0.0	0.0	76.0	0.0	0.0	10.0	0.0	0.0	0.0	0.0	0.0	0.0	0.0	5.0	0.0	0.0	0.0	0.0	0.0	0.0	0.0	0.0	0.0	0.0	0.0	0.0	0.0	5.0	0.0	0.0	0.0	0.0
ERR4837303	864.0	12.0	218.0	1400.0	132.0	4208.0	117.0	25.0	5.0	33.0	186.0	391.0	0.0	1001.0	683.0	13.0	0.0	0.0	39.0	1447.0	37.0	718.0	121.0	79.0	149.0	115.0	2643.0	3.0	6.0	104.0	494.0	5886.0	1827.0	143.0	40.0	0.0	805.0	5.0	11.0	102.0	123.0	76.0	6.0	0.0	345.0	3.0	126.0	85.0	5.0	0.0	12.0	124.0	8.0	1561.0	669.0	25.0	245.0	0.0	650.0	5933.0	0.0	136.0	3193.0	7093.0	82.0	0.0	34.0	0.0	25.0	727.0	484.0	61.0	136.0	2551.0	75.0	0.0	0.0	340.0	63.0	404.0	0.0	0.0	10.0	181.0	6.0	401.0	0.0	129.0	277.0	43.0	0.0	110.0	23.0	0.0	104.0	14.0	69.0	33.0	855.0	103.0	184.0	90.0	26.0	17.0	9.0	425.0	222.0	329.0	0.0	192.0	187.0	583.0	60.0	13.0	414.0	0.0	0.0	510.0	0.0	0.0	38.0	471.0	8.0	22.0	9.0	437.0	24.0	20.0	0.0	0.0	6.0	0.0	0.0	0.0	5.0	3.0	90.0	7.0	43.0	4.0	5.0	0.0	9.0	23.0	18.0	5.0	17.0	0.0	0.0	9.0	0.0	0.0	0.0	0.0	0.0	0.0	0.0	71.0	0.0	109.0	32.0	184.0	9.0	0.0	13.0	0.0	0.0	7.0	11.0	0.0	0.0	0.0	14.0	0.0	38.0	0.0	0.0	0.0	17.0	0.0	23.0	0.0	79.0	0.0	15.0	0.0	0.0	0.0	0.0	0.0	8.0	0.0	18.0	21.0	0.0	0.0	0.0	0.0	116.0	111.0	0.0	0.0	0.0	0.0	0.0	0.0	15.0	4.0	0.0	0.0	0.0	0.0	0.0	138.0	30.0	0.0	0.0	4.0	0.0	0.0	0.0	0.0	0.0	0.0	0.0	0.0	0.0	0.0	0.0	0.0	0.0	0.0	0.0	9.0	0.0	0.0	0.0	0.0	0.0	0.0	0.0	0.0	0.0
ERR4837304	489.0	21.0	237.0	1022.0	68.0	4800.0	85.0	68.0	15.0	91.0	314.0	224.0	0.0	0.0	707.0	4.0	31.0	0.0	45.0	0.0	24.0	538.0	505.0	0.0	125.0	15.0	1620.0	14.0	13.0	4.0	538.0	5050.0	1671.0	82.0	50.0	5.0	971.0	16.0	0.0	26.0	156.0	41.0	9.0	0.0	466.0	0.0	135.0	50.0	38.0	0.0	29.0	208.0	0.0	3038.0	93.0	112.0	188.0	0.0	724.0	1747.0	0.0	60.0	1430.0	992.0	177.0	0.0	16.0	0.0	2.0	18.0	245.0	21.0	97.0	2004.0	121.0	0.0	0.0	483.0	44.0	146.0	65.0	0.0	0.0	173.0	66.0	747.0	0.0	48.0	289.0	68.0	0.0	190.0	12.0	20.0	100.0	14.0	208.0	6.0	1974.0	42.0	65.0	9.0	64.0	14.0	0.0	6.0	378.0	460.0	88.0	289.0	33.0	141.0	63.0	0.0	580.0	0.0	0.0	706.0	0.0	0.0	43.0	169.0	6.0	6.0	23.0	230.0	0.0	68.0	0.0	10.0	10.0	0.0	0.0	0.0	0.0	0.0	28.0	0.0	54.0	45.0	0.0	0.0	6.0	0.0	0.0	0.0	0.0	0.0	0.0	0.0	0.0	0.0	0.0	0.0	4.0	0.0	6.0	26.0	0.0	6.0	0.0	0.0	41.0	0.0	0.0	0.0	5.0	33.0	0.0	0.0	0.0	0.0	0.0	0.0	5.0	0.0	0.0	0.0	0.0	0.0	0.0	0.0	0.0	0.0	0.0	0.0	5.0	0.0	14.0	0.0	10.0	0.0	90.0	0.0	0.0	0.0	0.0	0.0	50.0	14.0	0.0	20.0	94.0	0.0	0.0	0.0	0.0	0.0	0.0	0.0	0.0	0.0	0.0	42.0	0.0	0.0	0.0	0.0	0.0	0.0	0.0	0.0	0.0	0.0	0.0	0.0	0.0	0.0	19.0	0.0	0.0	0.0	0.0	0.0	0.0	0.0	0.0	0.0	15.0	0.0	0.0	0.0	0.0
ERR4837305	810.0	19.0	151.0	627.0	23.0	3242.0	98.0	6.0	14.0	63.0	65.0	303.0	0.0	993.0	582.0	8.0	0.0	0.0	38.0	352.0	95.0	513.0	76.0	33.0	64.0	45.0	1772.0	0.0	2.0	57.0	403.0	5007.0	1673.0	28.0	97.0	0.0	887.0	0.0	3.0	130.0	129.0	32.0	0.0	0.0	196.0	0.0	147.0	52.0	3.0	0.0	18.0	181.0	0.0	1399.0	107.0	13.0	99.0	0.0	693.0	3210.0	0.0	160.0	2085.0	4748.0	64.0	0.0	0.0	0.0	0.0	540.0	127.0	7.0	117.0	2183.0	97.0	0.0	0.0	181.0	56.0	580.0	9.0	0.0	0.0	86.0	0.0	279.0	0.0	42.0	231.0	40.0	5.0	36.0	0.0	19.0	118.0	14.0	86.0	31.0	846.0	25.0	60.0	37.0	51.0	0.0	0.0	183.0	403.0	316.0	17.0	215.0	202.0	246.0	54.0	6.0	485.0	0.0	0.0	819.0	0.0	7.0	69.0	251.0	0.0	12.0	0.0	209.0	30.0	0.0	0.0	0.0	0.0	3.0	0.0	0.0	0.0	7.0	55.0	0.0	13.0	19.0	4.0	0.0	2.0	81.0	7.0	11.0	8.0	0.0	0.0	8.0	8.0	0.0	0.0	0.0	0.0	0.0	3.0	0.0	0.0	113.0	8.0	340.0	20.0	0.0	12.0	0.0	0.0	24.0	0.0	0.0	0.0	0.0	22.0	0.0	0.0	0.0	0.0	0.0	16.0	0.0	53.0	0.0	39.0	0.0	20.0	0.0	0.0	0.0	0.0	0.0	42.0	0.0	38.0	27.0	0.0	0.0	0.0	0.0	177.0	43.0	0.0	46.0	0.0	0.0	0.0	0.0	0.0	0.0	13.0	0.0	10.0	0.0	0.0	42.0	0.0	0.0	0.0	3.0	0.0	0.0	0.0	0.0	0.0	0.0	0.0	0.0	0.0	3.0	0.0	3.0	0.0	0.0	2.0	0.0	0.0	0.0	0.0	11.0	0.0	0.0	0.0	0.0	0.0
ERR4837306	1353.0	21.0	240.0	527.0	0.0	4142.0	178.0	42.0	0.0	51.0	235.0	354.0	0.0	7.0	409.0	17.0	6.0	0.0	58.0	0.0	13.0	627.0	417.0	122.0	30.0	9.0	1439.0	12.0	2.0	75.0	211.0	3191.0	1442.0	83.0	8.0	4.0	810.0	0.0	6.0	52.0	142.0	75.0	4.0	0.0	752.0	0.0	70.0	23.0	10.0	0.0	23.0	84.0	0.0	2815.0	46.0	60.0	327.0	0.0	934.0	1454.0	0.0	156.0	1348.0	807.0	101.0	0.0	20.0	0.0	0.0	0.0	197.0	27.0	66.0	2197.0	110.0	0.0	0.0	970.0	46.0	184.0	29.0	0.0	0.0	61.0	55.0	681.0	0.0	54.0	251.0	71.0	0.0	175.0	78.0	0.0	172.0	6.0	109.0	0.0	1094.0	115.0	67.0	19.0	17.0	0.0	0.0	24.0	102.0	495.0	38.0	1629.0	151.0	333.0	7.0	0.0	633.0	0.0	0.0	78.0	0.0	13.0	29.0	251.0	13.0	15.0	0.0	197.0	0.0	0.0	0.0	18.0	2.0	0.0	0.0	0.0	0.0	0.0	43.0	0.0	34.0	6.0	14.0	0.0	0.0	0.0	0.0	0.0	0.0	0.0	0.0	0.0	0.0	0.0	0.0	0.0	23.0	0.0	2.0	0.0	0.0	36.0	0.0	4.0	0.0	0.0	0.0	0.0	0.0	28.0	32.0	0.0	0.0	0.0	0.0	0.0	0.0	0.0	0.0	0.0	0.0	0.0	41.0	0.0	9.0	0.0	0.0	0.0	0.0	0.0	0.0	0.0	0.0	0.0	21.0	0.0	0.0	0.0	0.0	0.0	65.0	35.0	0.0	0.0	47.0	6.0	0.0	0.0	6.0	2.0	0.0	0.0	0.0	0.0	0.0	64.0	24.0	0.0	0.0	0.0	0.0	0.0	0.0	0.0	0.0	0.0	0.0	0.0	0.0	0.0	17.0	0.0	0.0	0.0	0.0	0.0	0.0	0.0	0.0	0.0	15.0	0.0	0.0	0.0	0.0
ERR4837307	383.0	10.0	70.0	342.0	28.0	2055.0	180.0	44.0	0.0	33.0	94.0	243.0	0.0	4.0	419.0	0.0	12.0	0.0	41.0	0.0	37.0	583.0	190.0	16.0	74.0	47.0	702.0	4.0	4.0	33.0	204.0	2295.0	575.0	60.0	26.0	0.0	511.0	0.0	6.0	73.0	35.0	14.0	0.0	0.0	269.0	0.0	83.0	27.0	13.0	0.0	23.0	96.0	0.0	1624.0	76.0	39.0	127.0	0.0	422.0	1426.0	0.0	112.0	1257.0	355.0	53.0	0.0	15.0	0.0	0.0	6.0	100.0	30.0	25.0	1084.0	85.0	0.0	0.0	177.0	28.0	71.0	14.0	0.0	0.0	59.0	0.0	502.0	0.0	39.0	143.0	13.0	0.0	43.0	9.0	0.0	41.0	0.0	42.0	6.0	964.0	118.0	33.0	0.0	0.0	10.0	0.0	48.0	94.0	368.0	26.0	243.0	21.0	100.0	37.0	0.0	242.0	0.0	0.0	195.0	0.0	8.0	23.0	131.0	4.0	3.0	22.0	92.0	0.0	12.0	0.0	9.0	0.0	0.0	0.0	0.0	0.0	0.0	29.0	0.0	18.0	14.0	3.0	0.0	11.0	0.0	0.0	0.0	6.0	0.0	0.0	0.0	0.0	8.0	0.0	0.0	22.0	0.0	0.0	24.0	0.0	23.0	0.0	5.0	11.0	0.0	0.0	0.0	4.0	0.0	0.0	0.0	0.0	0.0	7.0	0.0	0.0	0.0	0.0	0.0	0.0	7.0	13.0	0.0	0.0	0.0	0.0	0.0	0.0	0.0	0.0	0.0	5.0	0.0	20.0	8.0	0.0	0.0	0.0	0.0	44.0	9.0	2.0	0.0	25.0	0.0	0.0	0.0	0.0	0.0	10.0	0.0	0.0	0.0	0.0	35.0	0.0	0.0	0.0	0.0	0.0	0.0	0.0	0.0	0.0	0.0	0.0	0.0	0.0	0.0	12.0	0.0	0.0	0.0	0.0	0.0	0.0	0.0	0.0	0.0	14.0	0.0	0.0	0.0	0.0
ERR4837308	1236.0	13.0	81.0	556.0	42.0	2191.0	144.0	10.0	14.0	23.0	100.0	156.0	3.0	69.0	277.0	0.0	8.0	0.0	43.0	0.0	14.0	373.0	182.0	9.0	80.0	33.0	816.0	32.0	14.0	193.0	172.0	2039.0	647.0	35.0	0.0	0.0	439.0	0.0	0.0	295.0	25.0	24.0	0.0	0.0	385.0	0.0	81.0	13.0	0.0	0.0	9.0	123.0	0.0	2256.0	10.0	35.0	131.0	0.0	579.0	1593.0	0.0	43.0	1132.0	748.0	21.0	0.0	14.0	0.0	0.0	0.0	77.0	21.0	102.0	1436.0	81.0	0.0	0.0	232.0	22.0	106.0	6.0	0.0	0.0	138.0	34.0	598.0	0.0	34.0	57.0	8.0	4.0	31.0	26.0	0.0	40.0	6.0	63.0	0.0	838.0	29.0	27.0	0.0	0.0	3.0	0.0	38.0	34.0	466.0	8.0	171.0	82.0	145.0	30.0	0.0	295.0	0.0	0.0	108.0	0.0	5.0	0.0	185.0	0.0	9.0	36.0	186.0	0.0	5.0	0.0	0.0	0.0	0.0	0.0	0.0	0.0	0.0	11.0	0.0	30.0	0.0	0.0	0.0	7.0	0.0	0.0	0.0	8.0	0.0	0.0	0.0	0.0	0.0	0.0	0.0	8.0	0.0	0.0	0.0	0.0	186.0	0.0	4.0	11.0	0.0	0.0	0.0	0.0	4.0	0.0	0.0	0.0	0.0	20.0	0.0	0.0	5.0	0.0	0.0	0.0	8.0	33.0	0.0	0.0	0.0	0.0	0.0	3.0	0.0	6.0	0.0	0.0	0.0	11.0	10.0	0.0	0.0	0.0	0.0	27.0	0.0	0.0	0.0	77.0	0.0	0.0	0.0	0.0	3.0	0.0	0.0	0.0	0.0	0.0	47.0	0.0	0.0	0.0	0.0	0.0	0.0	0.0	0.0	5.0	0.0	0.0	0.0	0.0	0.0	8.0	0.0	0.0	0.0	0.0	0.0	0.0	0.0	0.0	0.0	3.0	0.0	0.0	0.0	0.0
ERR4837309	432.0	0.0	39.0	437.0	71.0	1744.0	9.0	42.0	2.0	40.0	61.0	199.0	0.0	308.0	278.0	0.0	0.0	0.0	45.0	595.0	21.0	524.0	55.0	20.0	68.0	12.0	1007.0	0.0	5.0	129.0	365.0	3731.0	592.0	51.0	14.0	0.0	475.0	9.0	14.0	41.0	33.0	15.0	0.0	0.0	253.0	0.0	132.0	17.0	0.0	0.0	8.0	112.0	8.0	1456.0	182.0	15.0	106.0	0.0	307.0	2362.0	0.0	77.0	1814.0	6894.0	0.0	0.0	5.0	13.0	17.0	147.0	149.0	3.0	83.0	1480.0	18.0	7.0	0.0	101.0	36.0	94.0	0.0	0.0	0.0	49.0	5.0	172.0	0.0	41.0	100.0	0.0	0.0	0.0	0.0	4.0	11.0	7.0	60.0	0.0	413.0	19.0	25.0	43.0	0.0	5.0	0.0	416.0	142.0	332.0	0.0	0.0	80.0	265.0	79.0	11.0	135.0	2.0	6.0	224.0	0.0	0.0	8.0	282.0	0.0	3.0	21.0	213.0	0.0	0.0	0.0	0.0	0.0	0.0	0.0	0.0	0.0	0.0	65.0	0.0	37.0	4.0	0.0	0.0	4.0	12.0	0.0	0.0	11.0	0.0	0.0	0.0	2.0	6.0	0.0	0.0	0.0	0.0	0.0	9.0	0.0	90.0	25.0	142.0	8.0	0.0	8.0	0.0	0.0	12.0	2.0	0.0	0.0	0.0	32.0	0.0	0.0	0.0	0.0	0.0	12.0	0.0	17.0	5.0	24.0	0.0	15.0	0.0	0.0	0.0	0.0	0.0	3.0	0.0	9.0	15.0	0.0	0.0	0.0	0.0	134.0	33.0	0.0	21.0	40.0	0.0	0.0	0.0	0.0	9.0	20.0	0.0	0.0	0.0	0.0	66.0	0.0	0.0	3.0	0.0	0.0	0.0	0.0	0.0	5.0	0.0	0.0	0.0	0.0	0.0	0.0	0.0	0.0	0.0	0.0	10.0	0.0	0.0	0.0	0.0	0.0	0.0	0.0	0.0	0.0
ERR4837310	845.0	7.0	99.0	896.0	93.0	1983.0	59.0	37.0	11.0	54.0	160.0	485.0	0.0	632.0	584.0	0.0	0.0	0.0	61.0	583.0	54.0	694.0	51.0	65.0	136.0	48.0	1075.0	0.0	16.0	126.0	548.0	4356.0	655.0	55.0	13.0	0.0	663.0	7.0	4.0	36.0	45.0	32.0	8.0	0.0	307.0	0.0	68.0	39.0	18.0	0.0	32.0	158.0	0.0	1294.0	628.0	0.0	148.0	0.0	523.0	2081.0	0.0	77.0	2456.0	3691.0	23.0	0.0	17.0	0.0	29.0	205.0	167.0	30.0	73.0	1475.0	63.0	21.0	0.0	498.0	41.0	158.0	0.0	0.0	0.0	51.0	0.0	207.0	0.0	89.0	194.0	9.0	0.0	62.0	33.0	0.0	37.0	3.0	67.0	25.0	453.0	156.0	177.0	49.0	12.0	0.0	0.0	236.0	246.0	244.0	12.0	102.0	67.0	372.0	81.0	12.0	189.0	15.0	0.0	249.0	2.0	0.0	22.0	385.0	5.0	53.0	14.0	340.0	6.0	28.0	0.0	27.0	3.0	0.0	0.0	0.0	0.0	5.0	55.0	0.0	42.0	18.0	0.0	0.0	2.0	70.0	9.0	0.0	17.0	0.0	0.0	0.0	0.0	0.0	0.0	2.0	0.0	2.0	0.0	4.0	0.0	110.0	27.0	745.0	24.0	0.0	4.0	0.0	0.0	38.0	0.0	0.0	0.0	0.0	21.0	0.0	0.0	0.0	0.0	0.0	0.0	0.0	29.0	11.0	38.0	0.0	8.0	0.0	0.0	0.0	0.0	4.0	19.0	0.0	7.0	30.0	0.0	0.0	3.0	0.0	119.0	25.0	0.0	7.0	0.0	0.0	0.0	0.0	0.0	0.0	0.0	0.0	0.0	0.0	0.0	64.0	0.0	0.0	8.0	0.0	0.0	0.0	3.0	0.0	3.0	0.0	0.0	0.0	0.0	0.0	0.0	0.0	0.0	0.0	0.0	0.0	0.0	0.0	0.0	0.0	0.0	0.0	0.0	0.0	0.0
ERR4837311	432.0	7.0	129.0	568.0	88.0	2374.0	67.0	36.0	11.0	26.0	47.0	118.0	0.0	299.0	152.0	17.0	0.0	0.0	28.0	864.0	27.0	581.0	125.0	31.0	100.0	8.0	1662.0	0.0	4.0	94.0	310.0	3648.0	1095.0	50.0	17.0	0.0	527.0	0.0	5.0	0.0	75.0	40.0	6.0	0.0	272.0	0.0	93.0	40.0	6.0	0.0	0.0	66.0	0.0	1243.0	133.0	10.0	84.0	0.0	332.0	2010.0	0.0	120.0	2044.0	5945.0	55.0	0.0	5.0	0.0	0.0	167.0	120.0	12.0	54.0	2030.0	33.0	0.0	0.0	236.0	33.0	123.0	10.0	0.0	0.0	51.0	0.0	401.0	0.0	29.0	205.0	20.0	0.0	60.0	0.0	9.0	100.0	0.0	64.0	6.0	434.0	25.0	122.0	34.0	8.0	0.0	8.0	113.0	183.0	203.0	0.0	209.0	78.0	290.0	61.0	0.0	297.0	0.0	0.0	269.0	0.0	0.0	30.0	243.0	5.0	4.0	25.0	179.0	5.0	4.0	0.0	14.0	0.0	0.0	0.0	0.0	0.0	0.0	69.0	0.0	19.0	10.0	0.0	0.0	0.0	0.0	0.0	0.0	0.0	0.0	0.0	6.0	0.0	0.0	0.0	0.0	0.0	0.0	6.0	0.0	0.0	48.0	22.0	97.0	11.0	0.0	0.0	0.0	0.0	2.0	0.0	0.0	0.0	0.0	12.0	0.0	6.0	0.0	0.0	0.0	7.0	0.0	22.0	0.0	22.0	0.0	20.0	0.0	0.0	0.0	15.0	0.0	0.0	0.0	24.0	0.0	0.0	0.0	0.0	0.0	126.0	62.0	0.0	0.0	35.0	0.0	0.0	0.0	0.0	37.0	0.0	0.0	0.0	0.0	0.0	12.0	0.0	0.0	0.0	0.0	0.0	0.0	0.0	0.0	0.0	0.0	0.0	0.0	0.0	0.0	0.0	0.0	0.0	0.0	0.0	0.0	0.0	2.0	0.0	7.0	0.0	0.0	0.0	0.0	0.0
ERR4837312	457.0	25.0	158.0	865.0	60.0	4089.0	143.0	74.0	0.0	73.0	129.0	287.0	0.0	328.0	504.0	22.0	53.0	0.0	129.0	0.0	10.0	547.0	367.0	19.0	112.0	42.0	908.0	0.0	20.0	404.0	295.0	3780.0	1213.0	88.0	118.0	0.0	563.0	9.0	0.0	70.0	84.0	0.0	9.0	0.0	1178.0	0.0	149.0	57.0	14.0	0.0	31.0	113.0	0.0	2147.0	46.0	32.0	302.0	14.0	764.0	1692.0	0.0	84.0	987.0	1748.0	221.0	0.0	0.0	0.0	0.0	210.0	156.0	8.0	47.0	2792.0	152.0	0.0	0.0	589.0	16.0	252.0	27.0	0.0	0.0	116.0	85.0	761.0	0.0	65.0	230.0	106.0	0.0	118.0	105.0	13.0	96.0	4.0	70.0	0.0	1800.0	9.0	54.0	12.0	36.0	0.0	0.0	0.0	246.0	422.0	0.0	918.0	43.0	127.0	76.0	0.0	491.0	0.0	0.0	503.0	0.0	0.0	47.0	229.0	0.0	7.0	18.0	169.0	5.0	0.0	0.0	0.0	4.0	0.0	0.0	0.0	0.0	0.0	41.0	0.0	79.0	16.0	0.0	0.0	7.0	0.0	0.0	0.0	0.0	0.0	0.0	0.0	0.0	0.0	20.0	0.0	15.0	0.0	6.0	0.0	0.0	0.0	0.0	0.0	0.0	0.0	3.0	0.0	0.0	26.0	0.0	0.0	0.0	0.0	0.0	0.0	6.0	3.0	0.0	0.0	0.0	0.0	30.0	0.0	3.0	0.0	0.0	0.0	0.0	0.0	0.0	0.0	43.0	0.0	20.0	3.0	0.0	0.0	0.0	0.0	49.0	47.0	0.0	0.0	46.0	0.0	0.0	0.0	0.0	0.0	15.0	0.0	0.0	0.0	0.0	0.0	20.0	0.0	0.0	0.0	0.0	0.0	0.0	0.0	0.0	0.0	0.0	0.0	0.0	0.0	30.0	0.0	0.0	0.0	0.0	0.0	0.0	0.0	0.0	0.0	4.0	0.0	0.0	0.0	0.0
ERR4837313	310.0	0.0	44.0	409.0	55.0	1347.0	67.0	8.0	0.0	10.0	39.0	116.0	0.0	277.0	215.0	0.0	0.0	0.0	12.0	607.0	25.0	356.0	12.0	25.0	37.0	22.0	473.0	0.0	9.0	59.0	222.0	1750.0	406.0	29.0	0.0	0.0	270.0	0.0	0.0	36.0	28.0	3.0	0.0	0.0	102.0	0.0	24.0	8.0	11.0	0.0	0.0	42.0	3.0	790.0	707.0	6.0	41.0	0.0	259.0	2608.0	0.0	27.0	1714.0	1934.0	8.0	0.0	7.0	0.0	0.0	123.0	87.0	11.0	60.0	808.0	18.0	14.0	0.0	173.0	20.0	46.0	0.0	0.0	0.0	48.0	0.0	217.0	0.0	60.0	102.0	9.0	0.0	13.0	20.0	0.0	17.0	0.0	30.0	0.0	198.0	66.0	74.0	9.0	0.0	0.0	0.0	263.0	95.0	170.0	0.0	14.0	60.0	168.0	49.0	12.0	97.0	0.0	0.0	96.0	0.0	0.0	11.0	195.0	0.0	22.0	20.0	191.0	0.0	2.0	0.0	0.0	0.0	0.0	0.0	0.0	0.0	4.0	26.0	0.0	0.0	0.0	0.0	0.0	2.0	9.0	5.0	0.0	0.0	0.0	0.0	0.0	0.0	0.0	0.0	0.0	0.0	0.0	3.0	12.0	0.0	62.0	34.0	131.0	0.0	0.0	3.0	0.0	3.0	9.0	0.0	0.0	0.0	0.0	8.0	2.0	12.0	0.0	0.0	0.0	0.0	0.0	0.0	0.0	17.0	0.0	4.0	0.0	0.0	0.0	0.0	0.0	0.0	0.0	7.0	0.0	2.0	0.0	0.0	0.0	19.0	7.0	0.0	0.0	0.0	0.0	0.0	0.0	0.0	0.0	0.0	0.0	0.0	0.0	0.0	62.0	7.0	0.0	0.0	0.0	0.0	0.0	0.0	0.0	0.0	0.0	0.0	0.0	0.0	0.0	0.0	0.0	0.0	0.0	0.0	6.0	0.0	0.0	0.0	0.0	5.0	0.0	0.0	0.0	0.0
ERR4837314	227.0	0.0	45.0	288.0	33.0	950.0	37.0	26.0	0.0	8.0	36.0	90.0	0.0	139.0	121.0	0.0	0.0	0.0	0.0	376.0	8.0	148.0	25.0	25.0	24.0	6.0	539.0	0.0	11.0	71.0	170.0	2032.0	313.0	15.0	0.0	0.0	142.0	0.0	0.0	15.0	19.0	20.0	0.0	0.0	142.0	0.0	46.0	12.0	0.0	0.0	0.0	33.0	0.0	400.0	202.0	4.0	30.0	0.0	117.0	1823.0	0.0	21.0	862.0	1706.0	6.0	0.0	16.0	0.0	0.0	193.0	120.0	15.0	7.0	586.0	10.0	0.0	4.0	188.0	0.0	65.0	0.0	0.0	0.0	45.0	0.0	82.0	0.0	17.0	49.0	0.0	0.0	13.0	11.0	0.0	6.0	0.0	32.0	3.0	205.0	34.0	84.0	16.0	0.0	8.0	0.0	163.0	114.0	134.0	0.0	17.0	0.0	78.0	4.0	7.0	134.0	0.0	3.0	138.0	0.0	3.0	5.0	145.0	0.0	0.0	4.0	113.0	20.0	0.0	0.0	10.0	0.0	0.0	0.0	0.0	0.0	0.0	29.0	0.0	0.0	0.0	0.0	0.0	0.0	0.0	0.0	0.0	4.0	0.0	0.0	0.0	0.0	10.0	0.0	0.0	0.0	0.0	0.0	10.0	0.0	15.0	17.0	119.0	5.0	6.0	0.0	0.0	0.0	3.0	0.0	0.0	0.0	0.0	17.0	0.0	0.0	0.0	0.0	0.0	5.0	4.0	0.0	5.0	16.0	0.0	3.0	0.0	2.0	0.0	0.0	0.0	0.0	0.0	9.0	0.0	0.0	0.0	0.0	0.0	38.0	7.0	0.0	0.0	17.0	0.0	0.0	0.0	0.0	0.0	5.0	0.0	0.0	0.0	0.0	19.0	0.0	0.0	0.0	0.0	0.0	0.0	0.0	0.0	0.0	0.0	0.0	0.0	0.0	0.0	0.0	0.0	0.0	0.0	0.0	6.0	0.0	0.0	0.0	0.0	0.0	0.0	0.0	0.0	0.0
ERR4837315	749.0	28.0	171.0	435.0	0.0	2545.0	85.0	0.0	2.0	32.0	244.0	332.0	0.0	64.0	289.0	0.0	24.0	0.0	80.0	0.0	7.0	744.0	402.0	26.0	72.0	28.0	1008.0	15.0	18.0	49.0	185.0	2776.0	1064.0	53.0	3.0	0.0	589.0	0.0	20.0	108.0	270.0	79.0	10.0	0.0	395.0	0.0	86.0	7.0	9.0	0.0	0.0	66.0	0.0	2207.0	83.0	25.0	270.0	0.0	917.0	1712.0	0.0	93.0	1262.0	945.0	48.0	0.0	0.0	13.0	0.0	0.0	80.0	12.0	52.0	1234.0	85.0	9.0	3.0	771.0	62.0	153.0	17.0	0.0	0.0	13.0	0.0	760.0	0.0	4.0	114.0	43.0	0.0	123.0	24.0	11.0	136.0	5.0	85.0	5.0	837.0	48.0	79.0	13.0	10.0	0.0	0.0	24.0	39.0	374.0	24.0	552.0	109.0	245.0	23.0	0.0	477.0	0.0	0.0	106.0	0.0	0.0	31.0	209.0	12.0	15.0	18.0	160.0	0.0	0.0	0.0	0.0	0.0	0.0	0.0	0.0	0.0	0.0	43.0	0.0	36.0	0.0	0.0	0.0	10.0	0.0	0.0	0.0	9.0	0.0	0.0	8.0	0.0	0.0	0.0	0.0	0.0	0.0	0.0	15.0	0.0	17.0	0.0	14.0	18.0	0.0	0.0	0.0	0.0	4.0	0.0	0.0	0.0	0.0	18.0	0.0	0.0	0.0	0.0	0.0	0.0	11.0	48.0	0.0	34.0	0.0	0.0	0.0	0.0	0.0	0.0	0.0	12.0	0.0	17.0	43.0	0.0	0.0	0.0	0.0	23.0	11.0	0.0	6.0	40.0	0.0	0.0	2.0	0.0	7.0	23.0	0.0	0.0	0.0	0.0	0.0	22.0	0.0	0.0	0.0	0.0	0.0	0.0	0.0	18.0	0.0	0.0	0.0	0.0	0.0	13.0	0.0	0.0	0.0	0.0	0.0	0.0	0.0	0.0	0.0	0.0	0.0	0.0	0.0	0.0
ERR4837316	522.0	10.0	134.0	347.0	22.0	3630.0	88.0	27.0	25.0	69.0	170.0	213.0	0.0	6.0	610.0	9.0	14.0	0.0	107.0	0.0	16.0	893.0	457.0	0.0	104.0	30.0	1315.0	25.0	25.0	115.0	210.0	4022.0	2684.0	70.0	34.0	0.0	798.0	3.0	12.0	21.0	221.0	58.0	10.0	0.0	167.0	0.0	122.0	31.0	21.0	9.0	10.0	187.0	0.0	3128.0	155.0	65.0	265.0	0.0	706.0	2451.0	4.0	77.0	1431.0	802.0	120.0	0.0	0.0	0.0	0.0	0.0	249.0	5.0	146.0	1687.0	66.0	0.0	0.0	435.0	100.0	150.0	45.0	0.0	0.0	90.0	0.0	788.0	0.0	73.0	298.0	61.0	0.0	74.0	0.0	0.0	177.0	15.0	234.0	21.0	1608.0	34.0	74.0	38.0	26.0	16.0	0.0	61.0	168.0	324.0	20.0	292.0	120.0	281.0	21.0	0.0	1075.0	0.0	0.0	532.0	0.0	5.0	18.0	193.0	7.0	0.0	45.0	113.0	0.0	34.0	0.0	0.0	5.0	0.0	0.0	0.0	0.0	0.0	52.0	0.0	46.0	16.0	0.0	0.0	7.0	0.0	0.0	0.0	11.0	0.0	0.0	0.0	0.0	106.0	0.0	8.0	0.0	0.0	0.0	26.0	0.0	13.0	0.0	22.0	45.0	0.0	46.0	0.0	0.0	6.0	0.0	0.0	0.0	0.0	17.0	0.0	7.0	0.0	0.0	0.0	0.0	3.0	22.0	0.0	6.0	0.0	0.0	0.0	0.0	0.0	11.0	0.0	11.0	0.0	61.0	14.0	0.0	0.0	0.0	0.0	39.0	0.0	0.0	11.0	189.0	8.0	0.0	0.0	3.0	0.0	0.0	0.0	0.0	0.0	0.0	40.0	0.0	12.0	0.0	0.0	0.0	0.0	0.0	0.0	0.0	0.0	0.0	0.0	0.0	0.0	0.0	0.0	0.0	0.0	0.0	0.0	0.0	0.0	0.0	0.0	0.0	0.0	0.0	0.0	0.0
ERR4837317	587.0	15.0	239.0	706.0	122.0	3175.0	81.0	5.0	2.0	40.0	263.0	123.0	0.0	390.0	258.0	0.0	0.0	0.0	15.0	1584.0	81.0	635.0	116.0	55.0	111.0	44.0	1269.0	0.0	13.0	96.0	324.0	3284.0	1221.0	53.0	20.0	3.0	522.0	0.0	0.0	0.0	123.0	148.0	0.0	0.0	170.0	0.0	73.0	141.0	11.0	0.0	13.0	126.0	0.0	1112.0	331.0	0.0	108.0	0.0	405.0	3681.0	0.0	62.0	2622.0	3730.0	37.0	7.0	0.0	0.0	0.0	163.0	386.0	43.0	125.0	1746.0	41.0	17.0	0.0	590.0	23.0	81.0	0.0	0.0	0.0	45.0	0.0	379.0	0.0	22.0	142.0	16.0	5.0	68.0	61.0	0.0	72.0	18.0	95.0	5.0	432.0	83.0	102.0	34.0	0.0	4.0	8.0	153.0	387.0	348.0	0.0	419.0	98.0	281.0	12.0	6.0	447.0	0.0	0.0	294.0	0.0	0.0	6.0	218.0	6.0	9.0	12.0	279.0	29.0	41.0	0.0	0.0	0.0	0.0	0.0	9.0	0.0	4.0	62.0	0.0	7.0	0.0	0.0	0.0	6.0	3.0	0.0	0.0	7.0	0.0	0.0	3.0	2.0	0.0	0.0	0.0	0.0	0.0	0.0	18.0	0.0	29.0	21.0	304.0	0.0	7.0	0.0	0.0	0.0	0.0	0.0	0.0	0.0	0.0	23.0	0.0	14.0	0.0	0.0	0.0	3.0	3.0	18.0	15.0	20.0	0.0	5.0	0.0	0.0	22.0	4.0	2.0	8.0	0.0	12.0	42.0	0.0	0.0	0.0	0.0	59.0	59.0	0.0	0.0	0.0	0.0	0.0	0.0	11.0	6.0	0.0	0.0	0.0	0.0	0.0	87.0	33.0	0.0	0.0	2.0	0.0	0.0	0.0	0.0	0.0	0.0	0.0	0.0	0.0	0.0	0.0	0.0	0.0	0.0	2.0	8.0	0.0	0.0	0.0	4.0	0.0	0.0	0.0	0.0	0.0
ERR4837318	648.0	11.0	301.0	933.0	146.0	3187.0	94.0	15.0	0.0	61.0	140.0	216.0	0.0	504.0	272.0	0.0	0.0	0.0	15.0	2264.0	24.0	819.0	80.0	156.0	191.0	22.0	1047.0	0.0	6.0	52.0	397.0	3893.0	1212.0	75.0	11.0	0.0	760.0	3.0	11.0	102.0	139.0	74.0	0.0	0.0	298.0	0.0	125.0	105.0	30.0	0.0	5.0	140.0	6.0	1811.0	766.0	0.0	113.0	4.0	521.0	3390.0	0.0	50.0	2678.0	2823.0	21.0	0.0	21.0	0.0	71.0	477.0	279.0	41.0	134.0	1971.0	47.0	22.0	0.0	688.0	46.0	125.0	5.0	0.0	0.0	57.0	0.0	710.0	0.0	100.0	248.0	0.0	0.0	89.0	43.0	0.0	76.0	18.0	82.0	9.0	525.0	77.0	176.0	63.0	9.0	16.0	6.0	351.0	285.0	324.0	0.0	248.0	182.0	269.0	84.0	29.0	235.0	0.0	0.0	192.0	5.0	0.0	32.0	460.0	10.0	12.0	21.0	338.0	15.0	18.0	0.0	0.0	32.0	0.0	0.0	0.0	0.0	4.0	42.0	0.0	44.0	11.0	0.0	4.0	4.0	11.0	22.0	0.0	0.0	0.0	0.0	0.0	0.0	11.0	0.0	0.0	0.0	0.0	4.0	27.0	0.0	98.0	34.0	343.0	30.0	0.0	0.0	0.0	10.0	27.0	0.0	5.0	0.0	0.0	7.0	0.0	12.0	0.0	0.0	0.0	0.0	0.0	4.0	17.0	31.0	0.0	19.0	0.0	0.0	0.0	0.0	11.0	10.0	0.0	9.0	58.0	0.0	0.0	3.0	0.0	43.0	70.0	0.0	0.0	57.0	0.0	0.0	0.0	0.0	0.0	9.0	0.0	0.0	0.0	0.0	33.0	22.0	0.0	0.0	0.0	0.0	0.0	0.0	0.0	0.0	0.0	0.0	0.0	0.0	0.0	0.0	0.0	0.0	0.0	0.0	24.0	4.0	0.0	0.0	0.0	0.0	0.0	0.0	0.0	0.0
ERR4837319	540.0	0.0	213.0	141.0	42.0	1718.0	122.0	10.0	10.0	56.0	123.0	85.0	0.0	22.0	273.0	20.0	4.0	0.0	61.0	29.0	42.0	439.0	202.0	80.0	20.0	29.0	487.0	4.0	15.0	93.0	115.0	1927.0	719.0	139.0	28.0	11.0	621.0	0.0	7.0	56.0	175.0	8.0	17.0	0.0	236.0	0.0	182.0	9.0	5.0	0.0	5.0	141.0	0.0	1070.0	30.0	42.0	247.0	0.0	830.0	735.0	17.0	61.0	511.0	1230.0	42.0	0.0	13.0	0.0	0.0	6.0	161.0	38.0	32.0	1310.0	40.0	0.0	0.0	444.0	48.0	280.0	30.0	0.0	0.0	145.0	24.0	312.0	3.0	70.0	68.0	197.0	0.0	27.0	41.0	30.0	129.0	0.0	39.0	0.0	760.0	24.0	98.0	42.0	33.0	0.0	0.0	18.0	71.0	355.0	49.0	616.0	145.0	632.0	24.0	0.0	445.0	0.0	0.0	67.0	0.0	0.0	26.0	89.0	21.0	18.0	4.0	92.0	0.0	0.0	62.0	35.0	0.0	0.0	0.0	0.0	0.0	0.0	32.0	0.0	115.0	0.0	0.0	0.0	0.0	0.0	0.0	0.0	7.0	0.0	0.0	0.0	0.0	0.0	0.0	0.0	6.0	0.0	11.0	6.0	0.0	13.0	0.0	0.0	47.0	0.0	22.0	0.0	11.0	13.0	72.0	0.0	0.0	5.0	9.0	0.0	0.0	0.0	0.0	0.0	0.0	8.0	0.0	0.0	6.0	0.0	0.0	0.0	0.0	0.0	7.0	0.0	0.0	0.0	0.0	0.0	0.0	0.0	0.0	0.0	50.0	42.0	0.0	0.0	20.0	0.0	0.0	0.0	0.0	10.0	10.0	0.0	0.0	0.0	0.0	24.0	14.0	0.0	0.0	0.0	0.0	0.0	0.0	126.0	0.0	0.0	0.0	0.0	5.0	0.0	0.0	0.0	0.0	0.0	0.0	0.0	0.0	0.0	0.0	0.0	7.0	0.0	0.0	0.0	0.0
ERR4837320	185.0	0.0	156.0	243.0	42.0	953.0	59.0	0.0	11.0	42.0	252.0	89.0	0.0	366.0	374.0	21.0	0.0	0.0	20.0	373.0	16.0	517.0	43.0	51.0	17.0	102.0	1046.0	0.0	36.0	8.0	230.0	3064.0	903.0	41.0	21.0	24.0	316.0	0.0	0.0	52.0	155.0	20.0	0.0	10.0	98.0	0.0	168.0	24.0	12.0	7.0	6.0	138.0	16.0	103.0	132.0	8.0	117.0	0.0	819.0	2271.0	15.0	39.0	678.0	6362.0	63.0	0.0	15.0	0.0	14.0	42.0	125.0	56.0	62.0	1479.0	45.0	8.0	0.0	175.0	11.0	206.0	12.0	8.0	0.0	55.0	0.0	98.0	0.0	128.0	83.0	38.0	0.0	7.0	14.0	27.0	153.0	18.0	52.0	14.0	308.0	5.0	66.0	88.0	120.0	0.0	10.0	45.0	84.0	196.0	10.0	13.0	380.0	460.0	59.0	15.0	474.0	2.0	0.0	64.0	0.0	0.0	36.0	196.0	31.0	0.0	11.0	202.0	0.0	0.0	0.0	8.0	0.0	0.0	0.0	0.0	9.0	0.0	114.0	31.0	7.0	0.0	0.0	0.0	0.0	0.0	10.0	0.0	2.0	5.0	0.0	40.0	0.0	0.0	0.0	0.0	0.0	0.0	3.0	0.0	0.0	75.0	0.0	53.0	14.0	0.0	0.0	0.0	11.0	0.0	22.0	0.0	0.0	0.0	40.0	0.0	32.0	0.0	0.0	0.0	0.0	4.0	29.0	0.0	33.0	0.0	12.0	0.0	0.0	0.0	0.0	0.0	0.0	0.0	0.0	13.0	3.0	0.0	0.0	0.0	36.0	0.0	0.0	0.0	2.0	0.0	0.0	0.0	24.0	0.0	0.0	0.0	0.0	0.0	0.0	21.0	0.0	0.0	0.0	0.0	0.0	0.0	0.0	22.0	0.0	0.0	11.0	0.0	0.0	0.0	0.0	0.0	0.0	0.0	0.0	0.0	0.0	0.0	0.0	0.0	0.0	0.0	0.0	0.0	0.0
ERR4837321	466.0	0.0	187.0	200.0	50.0	1940.0	74.0	0.0	21.0	63.0	236.0	53.0	0.0	257.0	1021.0	87.0	0.0	0.0	0.0	434.0	32.0	480.0	104.0	201.0	122.0	62.0	597.0	0.0	0.0	3.0	245.0	3344.0	584.0	151.0	38.0	6.0	353.0	0.0	0.0	0.0	0.0	85.0	0.0	0.0	130.0	0.0	128.0	31.0	0.0	25.0	0.0	262.0	0.0	481.0	212.0	31.0	264.0	0.0	693.0	4596.0	49.0	64.0	804.0	3736.0	129.0	0.0	31.0	0.0	37.0	398.0	216.0	53.0	139.0	2603.0	47.0	18.0	0.0	245.0	19.0	179.0	26.0	0.0	0.0	124.0	0.0	95.0	0.0	90.0	0.0	32.0	8.0	8.0	154.0	29.0	69.0	60.0	0.0	36.0	362.0	44.0	48.0	38.0	57.0	0.0	0.0	45.0	650.0	118.0	0.0	111.0	259.0	548.0	42.0	22.0	431.0	0.0	25.0	596.0	0.0	0.0	0.0	304.0	0.0	0.0	30.0	182.0	347.0	23.0	43.0	0.0	16.0	0.0	0.0	0.0	0.0	0.0	39.0	61.0	59.0	83.0	0.0	0.0	0.0	0.0	0.0	0.0	0.0	0.0	0.0	0.0	0.0	0.0	0.0	0.0	32.0	0.0	16.0	55.0	0.0	68.0	0.0	97.0	35.0	0.0	0.0	0.0	30.0	0.0	0.0	0.0	15.0	55.0	0.0	0.0	49.0	0.0	0.0	0.0	0.0	0.0	20.0	27.0	0.0	0.0	0.0	0.0	0.0	0.0	0.0	0.0	0.0	41.0	49.0	0.0	0.0	0.0	0.0	0.0	73.0	0.0	0.0	0.0	0.0	0.0	0.0	0.0	0.0	0.0	0.0	0.0	0.0	0.0	0.0	17.0	0.0	0.0	0.0	0.0	14.0	0.0	0.0	99.0	0.0	0.0	0.0	0.0	0.0	0.0	0.0	0.0	0.0	0.0	0.0	0.0	0.0	0.0	0.0	0.0	0.0	0.0	0.0	0.0	0.0
ERR4837323	772.0	27.0	178.0	573.0	73.0	2806.0	56.0	0.0	0.0	34.0	149.0	144.0	0.0	198.0	408.0	12.0	0.0	0.0	5.0	1313.0	22.0	607.0	122.0	83.0	105.0	7.0	2002.0	0.0	4.0	132.0	301.0	4422.0	1128.0	53.0	16.0	0.0	602.0	0.0	0.0	44.0	66.0	207.0	0.0	0.0	305.0	2.0	77.0	66.0	7.0	0.0	0.0	110.0	0.0	833.0	299.0	5.0	62.0	0.0	584.0	3202.0	0.0	56.0	2725.0	5374.0	24.0	0.0	10.0	0.0	0.0	195.0	178.0	11.0	109.0	1765.0	122.0	0.0	0.0	548.0	55.0	158.0	15.0	0.0	2.0	32.0	9.0	220.0	0.0	74.0	324.0	19.0	4.0	89.0	113.0	6.0	111.0	9.0	133.0	23.0	634.0	56.0	146.0	32.0	6.0	0.0	3.0	236.0	69.0	326.0	18.0	121.0	126.0	500.0	111.0	14.0	616.0	0.0	0.0	216.0	0.0	0.0	36.0	226.0	4.0	0.0	19.0	241.0	0.0	8.0	0.0	0.0	3.0	0.0	0.0	0.0	0.0	0.0	67.0	14.0	5.0	4.0	0.0	0.0	6.0	10.0	0.0	0.0	13.0	0.0	0.0	0.0	0.0	17.0	0.0	0.0	0.0	0.0	0.0	19.0	0.0	24.0	18.0	165.0	16.0	0.0	0.0	0.0	0.0	29.0	0.0	0.0	0.0	0.0	0.0	0.0	10.0	0.0	0.0	0.0	0.0	5.0	18.0	0.0	0.0	0.0	4.0	0.0	2.0	0.0	13.0	7.0	0.0	6.0	11.0	0.0	0.0	0.0	0.0	0.0	53.0	24.0	0.0	0.0	43.0	0.0	0.0	0.0	16.0	0.0	10.0	0.0	0.0	0.0	0.0	90.0	0.0	0.0	0.0	0.0	0.0	0.0	0.0	0.0	7.0	0.0	0.0	0.0	0.0	0.0	0.0	0.0	0.0	0.0	0.0	0.0	0.0	0.0	0.0	17.0	0.0	0.0	0.0	0.0	0.0
ERR4837325	538.0	17.0	156.0	693.0	0.0	2581.0	63.0	7.0	0.0	13.0	433.0	285.0	0.0	44.0	304.0	0.0	67.0	0.0	57.0	0.0	19.0	452.0	365.0	0.0	77.0	0.0	725.0	23.0	9.0	59.0	536.0	3708.0	972.0	44.0	19.0	0.0	536.0	0.0	12.0	36.0	45.0	107.0	6.0	0.0	760.0	0.0	20.0	22.0	15.0	0.0	2.0	49.0	0.0	2272.0	153.0	8.0	112.0	0.0	744.0	1359.0	0.0	26.0	1283.0	243.0	157.0	0.0	0.0	0.0	0.0	46.0	93.0	9.0	33.0	1345.0	58.0	0.0	7.0	158.0	32.0	58.0	5.0	0.0	0.0	42.0	26.0	649.0	0.0	43.0	249.0	5.0	3.0	86.0	0.0	0.0	87.0	0.0	54.0	4.0	1224.0	101.0	106.0	0.0	8.0	33.0	0.0	15.0	109.0	161.0	34.0	294.0	62.0	79.0	22.0	0.0	549.0	0.0	0.0	147.0	0.0	0.0	13.0	185.0	0.0	0.0	23.0	92.0	0.0	51.0	0.0	2.0	0.0	0.0	0.0	0.0	0.0	0.0	5.0	0.0	21.0	18.0	0.0	0.0	0.0	0.0	0.0	0.0	0.0	0.0	0.0	0.0	0.0	0.0	0.0	0.0	10.0	0.0	0.0	0.0	0.0	27.0	0.0	0.0	0.0	0.0	0.0	0.0	0.0	20.0	0.0	0.0	0.0	0.0	0.0	0.0	0.0	0.0	0.0	0.0	0.0	0.0	14.0	0.0	2.0	0.0	0.0	0.0	0.0	0.0	0.0	0.0	0.0	0.0	66.0	10.0	0.0	0.0	0.0	0.0	0.0	0.0	0.0	0.0	0.0	0.0	0.0	0.0	0.0	6.0	0.0	0.0	0.0	0.0	0.0	35.0	0.0	0.0	0.0	0.0	0.0	0.0	0.0	0.0	0.0	0.0	0.0	0.0	0.0	0.0	0.0	0.0	0.0	0.0	0.0	0.0	0.0	0.0	0.0	0.0	0.0	0.0	0.0	3.0	0.0
ERR4837326	410.0	0.0	78.0	401.0	33.0	1495.0	20.0	4.0	0.0	35.0	93.0	74.0	0.0	454.0	316.0	7.0	0.0	0.0	16.0	561.0	27.0	431.0	15.0	33.0	64.0	28.0	581.0	0.0	8.0	59.0	186.0	2332.0	615.0	36.0	23.0	0.0	284.0	0.0	3.0	0.0	21.0	49.0	0.0	0.0	170.0	6.0	69.0	45.0	7.0	0.0	10.0	76.0	0.0	680.0	304.0	0.0	48.0	0.0	158.0	2709.0	0.0	43.0	1438.0	2652.0	14.0	0.0	5.0	0.0	0.0	56.0	196.0	36.0	50.0	952.0	0.0	7.0	0.0	235.0	4.0	37.0	0.0	0.0	3.0	31.0	8.0	105.0	0.0	23.0	55.0	9.0	0.0	33.0	28.0	0.0	17.0	5.0	23.0	0.0	274.0	48.0	98.0	30.0	0.0	6.0	0.0	135.0	223.0	216.0	0.0	40.0	40.0	218.0	21.0	7.0	224.0	2.0	0.0	186.0	0.0	2.0	28.0	166.0	6.0	11.0	9.0	162.0	11.0	13.0	0.0	0.0	2.0	0.0	0.0	0.0	0.0	0.0	50.0	0.0	23.0	0.0	0.0	0.0	0.0	8.0	4.0	5.0	13.0	0.0	0.0	0.0	0.0	0.0	0.0	0.0	0.0	0.0	0.0	6.0	0.0	37.0	21.0	162.0	9.0	0.0	0.0	0.0	4.0	0.0	0.0	0.0	0.0	0.0	10.0	0.0	7.0	0.0	0.0	0.0	8.0	5.0	0.0	0.0	9.0	0.0	6.0	0.0	0.0	0.0	0.0	0.0	0.0	0.0	0.0	0.0	0.0	0.0	0.0	0.0	23.0	25.0	0.0	0.0	22.0	0.0	3.0	0.0	0.0	0.0	0.0	0.0	0.0	0.0	3.0	31.0	18.0	0.0	5.0	0.0	0.0	0.0	0.0	0.0	0.0	0.0	0.0	0.0	0.0	0.0	0.0	0.0	0.0	0.0	0.0	5.0	0.0	0.0	0.0	0.0	4.0	0.0	0.0	0.0	0.0
ERR4837327	596.0	51.0	211.0	1046.0	60.0	4347.0	42.0	96.0	13.0	42.0	397.0	441.0	0.0	10.0	363.0	0.0	31.0	0.0	52.0	3.0	48.0	795.0	474.0	29.0	86.0	61.0	957.0	8.0	32.0	15.0	514.0	3819.0	1190.0	73.0	72.0	0.0	669.0	0.0	0.0	67.0	90.0	190.0	2.0	0.0	516.0	0.0	30.0	93.0	12.0	0.0	3.0	90.0	0.0	2282.0	125.0	27.0	160.0	0.0	756.0	3253.0	6.0	32.0	1214.0	676.0	363.0	0.0	9.0	0.0	0.0	8.0	143.0	4.0	82.0	1768.0	54.0	0.0	0.0	645.0	40.0	156.0	6.0	0.0	0.0	91.0	91.0	599.0	0.0	26.0	270.0	15.0	0.0	144.0	0.0	13.0	213.0	0.0	93.0	11.0	1487.0	101.0	80.0	0.0	16.0	14.0	0.0	17.0	193.0	303.0	28.0	564.0	0.0	98.0	28.0	0.0	871.0	0.0	0.0	316.0	0.0	0.0	15.0	153.0	3.0	0.0	20.0	98.0	0.0	0.0	0.0	11.0	0.0	0.0	0.0	0.0	0.0	0.0	12.0	0.0	37.0	12.0	0.0	10.0	0.0	0.0	0.0	0.0	0.0	0.0	0.0	0.0	0.0	0.0	0.0	0.0	0.0	0.0	0.0	0.0	0.0	24.0	0.0	0.0	14.0	0.0	0.0	0.0	0.0	0.0	0.0	0.0	0.0	0.0	10.0	0.0	4.0	0.0	0.0	0.0	0.0	0.0	15.0	0.0	0.0	0.0	0.0	0.0	0.0	0.0	8.0	0.0	10.0	0.0	69.0	0.0	0.0	0.0	0.0	0.0	36.0	0.0	0.0	0.0	92.0	0.0	0.0	0.0	0.0	0.0	0.0	0.0	0.0	0.0	0.0	39.0	13.0	0.0	0.0	0.0	0.0	0.0	0.0	0.0	3.0	0.0	0.0	0.0	0.0	0.0	3.0	0.0	0.0	0.0	0.0	0.0	0.0	0.0	0.0	0.0	0.0	0.0	0.0	0.0	0.0
ERR4837328	1067.0	4.0	95.0	902.0	36.0	2503.0	124.0	13.0	8.0	57.0	216.0	253.0	0.0	360.0	880.0	7.0	0.0	0.0	10.0	1109.0	54.0	607.0	48.0	25.0	102.0	31.0	1044.0	0.0	14.0	220.0	467.0	4037.0	778.0	60.0	5.0	0.0	706.0	0.0	3.0	82.0	42.0	72.0	0.0	0.0	246.0	0.0	75.0	76.0	19.0	0.0	15.0	273.0	2.0	1622.0	567.0	26.0	54.0	0.0	476.0	5158.0	0.0	43.0	1758.0	3128.0	44.0	0.0	8.0	0.0	27.0	478.0	234.0	14.0	67.0	1380.0	26.0	16.0	0.0	327.0	40.0	103.0	4.0	0.0	0.0	35.0	0.0	237.0	0.0	63.0	149.0	9.0	0.0	31.0	67.0	6.0	22.0	0.0	101.0	0.0	687.0	91.0	124.0	17.0	32.0	0.0	5.0	171.0	143.0	518.0	13.0	56.0	38.0	136.0	56.0	0.0	389.0	0.0	0.0	182.0	0.0	8.0	34.0	326.0	0.0	9.0	23.0	295.0	5.0	8.0	0.0	15.0	8.0	0.0	0.0	0.0	0.0	0.0	58.0	0.0	32.0	0.0	0.0	5.0	3.0	16.0	0.0	4.0	0.0	0.0	0.0	0.0	0.0	0.0	0.0	0.0	4.0	0.0	0.0	48.0	0.0	31.0	11.0	155.0	16.0	0.0	0.0	0.0	0.0	8.0	0.0	0.0	0.0	0.0	19.0	0.0	13.0	0.0	0.0	3.0	10.0	10.0	11.0	8.0	0.0	0.0	3.0	0.0	0.0	0.0	13.0	0.0	17.0	0.0	16.0	17.0	0.0	0.0	0.0	0.0	44.0	24.0	0.0	0.0	28.0	0.0	3.0	0.0	0.0	0.0	14.0	0.0	0.0	0.0	0.0	44.0	33.0	0.0	4.0	0.0	0.0	0.0	0.0	0.0	10.0	0.0	0.0	0.0	0.0	0.0	0.0	0.0	0.0	0.0	0.0	12.0	0.0	0.0	0.0	0.0	0.0	0.0	0.0	0.0	0.0
ERR4837329	1611.0	9.0	37.0	569.0	39.0	4092.0	328.0	35.0	17.0	33.0	155.0	210.0	0.0	0.0	954.0	0.0	25.0	0.0	49.0	0.0	24.0	736.0	410.0	10.0	101.0	12.0	1006.0	12.0	11.0	247.0	412.0	3125.0	781.0	124.0	28.0	0.0	765.0	0.0	10.0	24.0	21.0	44.0	4.0	0.0	1355.0	0.0	116.0	40.0	5.0	0.0	0.0	167.0	0.0	3052.0	79.0	67.0	167.0	0.0	680.0	1587.0	7.0	70.0	1486.0	1325.0	75.0	3.0	17.0	0.0	0.0	30.0	162.0	15.0	127.0	1913.0	435.0	0.0	0.0	287.0	35.0	78.0	10.0	0.0	0.0	152.0	83.0	1026.0	0.0	63.0	176.0	7.0	0.0	74.0	13.0	0.0	32.0	5.0	102.0	2.0	2053.0	68.0	54.0	3.0	16.0	13.0	0.0	11.0	124.0	408.0	10.0	530.0	56.0	161.0	43.0	0.0	409.0	0.0	0.0	199.0	0.0	4.0	5.0	234.0	0.0	6.0	22.0	111.0	0.0	0.0	0.0	10.0	3.0	0.0	0.0	0.0	0.0	0.0	21.0	0.0	16.0	0.0	0.0	0.0	3.0	0.0	0.0	0.0	0.0	0.0	0.0	0.0	0.0	0.0	0.0	0.0	0.0	0.0	0.0	4.0	0.0	11.0	0.0	0.0	0.0	0.0	0.0	0.0	0.0	21.0	0.0	0.0	0.0	0.0	7.0	0.0	0.0	0.0	0.0	0.0	0.0	0.0	0.0	0.0	0.0	0.0	0.0	0.0	7.0	0.0	5.0	0.0	7.0	0.0	44.0	8.0	0.0	0.0	0.0	0.0	50.0	0.0	0.0	0.0	58.0	7.0	0.0	0.0	0.0	0.0	19.0	0.0	0.0	0.0	0.0	24.0	0.0	0.0	0.0	0.0	0.0	0.0	0.0	0.0	0.0	0.0	0.0	0.0	0.0	0.0	19.0	0.0	0.0	0.0	0.0	0.0	0.0	0.0	0.0	0.0	9.0	0.0	0.0	0.0	0.0
ERR4837330	428.0	0.0	56.0	346.0	26.0	1370.0	76.0	0.0	6.0	24.0	67.0	98.0	0.0	486.0	253.0	0.0	0.0	0.0	11.0	526.0	27.0	323.0	5.0	27.0	75.0	25.0	653.0	0.0	0.0	49.0	207.0	1610.0	380.0	16.0	4.0	0.0	234.0	0.0	0.0	11.0	16.0	29.0	0.0	0.0	168.0	0.0	42.0	59.0	0.0	0.0	10.0	51.0	0.0	938.0	536.0	19.0	30.0	0.0	219.0	1155.0	0.0	40.0	1952.0	2704.0	8.0	6.0	4.0	0.0	0.0	283.0	88.0	14.0	71.0	945.0	15.0	0.0	4.0	143.0	13.0	52.0	0.0	0.0	0.0	11.0	0.0	143.0	0.0	7.0	111.0	0.0	0.0	0.0	43.0	0.0	33.0	4.0	15.0	0.0	287.0	94.0	61.0	34.0	11.0	0.0	0.0	117.0	90.0	149.0	0.0	0.0	22.0	74.0	26.0	0.0	148.0	0.0	0.0	83.0	0.0	0.0	0.0	154.0	0.0	14.0	5.0	137.0	7.0	6.0	0.0	16.0	2.0	0.0	0.0	0.0	0.0	0.0	25.0	0.0	0.0	10.0	0.0	0.0	0.0	6.0	0.0	0.0	0.0	0.0	0.0	0.0	0.0	0.0	0.0	0.0	0.0	0.0	8.0	7.0	0.0	47.0	22.0	132.0	9.0	0.0	0.0	0.0	0.0	0.0	0.0	0.0	0.0	0.0	8.0	0.0	0.0	0.0	0.0	0.0	3.0	4.0	13.0	0.0	15.0	0.0	0.0	0.0	0.0	0.0	0.0	0.0	0.0	0.0	7.0	17.0	0.0	0.0	0.0	0.0	0.0	15.0	0.0	0.0	41.0	0.0	0.0	0.0	0.0	0.0	4.0	0.0	0.0	0.0	0.0	60.0	9.0	0.0	0.0	0.0	0.0	0.0	0.0	0.0	0.0	0.0	0.0	0.0	0.0	0.0	0.0	0.0	0.0	0.0	0.0	5.0	0.0	0.0	0.0	0.0	0.0	0.0	0.0	0.0	0.0
ERR4837331	849.0	0.0	185.0	750.0	26.0	3273.0	105.0	2.0	0.0	23.0	292.0	170.0	0.0	0.0	306.0	0.0	79.0	0.0	104.0	0.0	0.0	608.0	343.0	19.0	114.0	45.0	1093.0	6.0	0.0	179.0	345.0	3776.0	1165.0	96.0	66.0	0.0	450.0	0.0	10.0	90.0	32.0	58.0	0.0	5.0	1144.0	0.0	32.0	83.0	12.0	0.0	17.0	109.0	4.0	1762.0	52.0	32.0	84.0	0.0	1797.0	1680.0	11.0	17.0	994.0	521.0	157.0	0.0	9.0	0.0	0.0	0.0	155.0	23.0	12.0	2391.0	82.0	0.0	0.0	765.0	30.0	210.0	16.0	0.0	0.0	44.0	117.0	673.0	0.0	40.0	310.0	16.0	0.0	59.0	105.0	8.0	151.0	14.0	84.0	0.0	1806.0	29.0	69.0	8.0	29.0	7.0	0.0	20.0	205.0	333.0	24.0	698.0	12.0	108.0	26.0	0.0	533.0	0.0	0.0	199.0	0.0	6.0	0.0	164.0	4.0	0.0	0.0	109.0	0.0	13.0	0.0	0.0	0.0	0.0	3.0	0.0	0.0	0.0	22.0	0.0	53.0	0.0	0.0	0.0	2.0	0.0	0.0	0.0	0.0	0.0	0.0	0.0	0.0	0.0	0.0	0.0	3.0	0.0	0.0	6.0	0.0	0.0	0.0	0.0	26.0	0.0	0.0	0.0	0.0	21.0	9.0	0.0	0.0	0.0	0.0	0.0	0.0	0.0	0.0	0.0	0.0	0.0	27.0	0.0	0.0	0.0	0.0	0.0	0.0	0.0	0.0	0.0	0.0	0.0	15.0	0.0	0.0	0.0	0.0	0.0	42.0	0.0	0.0	0.0	73.0	0.0	0.0	0.0	0.0	0.0	0.0	0.0	0.0	0.0	0.0	0.0	0.0	0.0	0.0	0.0	0.0	0.0	0.0	0.0	0.0	0.0	0.0	0.0	0.0	0.0	9.0	0.0	0.0	0.0	0.0	0.0	0.0	0.0	0.0	0.0	0.0	0.0	0.0	0.0	0.0
ERR4837333	694.0	29.0	233.0	488.0	37.0	3055.0	89.0	5.0	10.0	56.0	217.0	122.0	0.0	382.0	317.0	0.0	0.0	0.0	9.0	529.0	32.0	319.0	147.0	30.0	84.0	57.0	1006.0	0.0	7.0	53.0	341.0	4222.0	1219.0	124.0	12.0	0.0	486.0	4.0	0.0	57.0	87.0	40.0	0.0	0.0	147.0	3.0	23.0	165.0	29.0	0.0	7.0	103.0	3.0	1205.0	258.0	20.0	174.0	0.0	754.0	4702.0	0.0	21.0	1886.0	3077.0	123.0	0.0	0.0	0.0	0.0	1220.0	50.0	10.0	165.0	2322.0	45.0	0.0	0.0	514.0	7.0	115.0	0.0	0.0	0.0	80.0	0.0	297.0	0.0	59.0	69.0	0.0	0.0	108.0	43.0	3.0	75.0	13.0	60.0	10.0	360.0	58.0	163.0	39.0	0.0	0.0	0.0	190.0	475.0	298.0	0.0	292.0	123.0	556.0	0.0	0.0	354.0	0.0	0.0	599.0	0.0	7.0	39.0	330.0	0.0	8.0	0.0	201.0	381.0	13.0	0.0	0.0	24.0	0.0	0.0	0.0	0.0	0.0	54.0	49.0	13.0	11.0	12.0	0.0	0.0	12.0	0.0	0.0	0.0	0.0	5.0	7.0	2.0	0.0	0.0	0.0	0.0	0.0	2.0	19.0	0.0	0.0	11.0	277.0	0.0	0.0	0.0	0.0	0.0	0.0	0.0	0.0	0.0	0.0	10.0	0.0	19.0	0.0	0.0	0.0	4.0	8.0	18.0	0.0	0.0	0.0	3.0	0.0	0.0	0.0	0.0	0.0	30.0	0.0	16.0	29.0	0.0	0.0	0.0	0.0	45.0	27.0	0.0	0.0	21.0	0.0	0.0	0.0	0.0	0.0	0.0	0.0	0.0	0.0	0.0	55.0	54.0	0.0	4.0	0.0	0.0	0.0	2.0	0.0	0.0	0.0	0.0	0.0	0.0	0.0	0.0	0.0	0.0	0.0	0.0	0.0	0.0	0.0	0.0	4.0	0.0	0.0	0.0	6.0	0.0
ERR4837334	1217.0	24.0	97.0	807.0	74.0	3952.0	165.0	73.0	6.0	127.0	253.0	281.0	0.0	365.0	1116.0	11.0	18.0	0.0	57.0	0.0	57.0	627.0	385.0	0.0	128.0	105.0	1077.0	7.0	44.0	87.0	419.0	3679.0	764.0	91.0	19.0	0.0	829.0	0.0	5.0	69.0	39.0	65.0	0.0	0.0	865.0	0.0	219.0	54.0	28.0	0.0	19.0	322.0	0.0	4584.0	374.0	47.0	173.0	0.0	923.0	3832.0	6.0	51.0	1075.0	1510.0	143.0	0.0	8.0	0.0	3.0	0.0	327.0	32.0	154.0	1650.0	57.0	0.0	3.0	257.0	30.0	163.0	0.0	0.0	0.0	236.0	79.0	790.0	0.0	66.0	231.0	35.0	4.0	142.0	30.0	0.0	67.0	6.0	120.0	13.0	1537.0	82.0	66.0	13.0	4.0	9.0	0.0	46.0	142.0	826.0	15.0	294.0	37.0	238.0	67.0	0.0	381.0	0.0	0.0	222.0	0.0	4.0	18.0	225.0	16.0	0.0	53.0	417.0	0.0	11.0	0.0	15.0	0.0	0.0	0.0	0.0	0.0	0.0	13.0	0.0	62.0	9.0	6.0	0.0	7.0	0.0	0.0	0.0	8.0	0.0	0.0	8.0	0.0	7.0	0.0	0.0	31.0	0.0	0.0	7.0	0.0	38.0	0.0	6.0	24.0	0.0	0.0	0.0	0.0	9.0	7.0	0.0	0.0	0.0	15.0	0.0	0.0	0.0	0.0	0.0	8.0	27.0	12.0	0.0	0.0	0.0	0.0	0.0	0.0	0.0	6.0	0.0	60.0	0.0	36.0	22.0	0.0	0.0	0.0	0.0	42.0	0.0	0.0	0.0	80.0	0.0	0.0	0.0	0.0	5.0	16.0	0.0	0.0	6.0	0.0	0.0	12.0	0.0	6.0	0.0	0.0	0.0	0.0	0.0	0.0	0.0	0.0	0.0	0.0	0.0	4.0	0.0	0.0	0.0	0.0	0.0	0.0	0.0	0.0	0.0	16.0	0.0	0.0	0.0	0.0
ERR4837335	650.0	13.0	214.0	451.0	31.0	3342.0	78.0	3.0	0.0	9.0	259.0	168.0	0.0	0.0	468.0	0.0	28.0	0.0	55.0	0.0	0.0	492.0	307.0	0.0	114.0	24.0	1268.0	13.0	31.0	32.0	419.0	3706.0	1324.0	45.0	56.0	0.0	619.0	0.0	8.0	232.0	14.0	47.0	2.0	0.0	550.0	0.0	56.0	14.0	3.0	0.0	7.0	99.0	0.0	1274.0	102.0	0.0	49.0	0.0	810.0	1869.0	0.0	51.0	1148.0	1476.0	128.0	0.0	6.0	0.0	0.0	0.0	110.0	10.0	74.0	2168.0	122.0	0.0	0.0	425.0	24.0	333.0	18.0	0.0	0.0	100.0	67.0	720.0	0.0	45.0	226.0	5.0	0.0	134.0	0.0	25.0	79.0	4.0	60.0	3.0	989.0	60.0	31.0	13.0	24.0	9.0	0.0	38.0	272.0	382.0	9.0	375.0	101.0	34.0	32.0	0.0	317.0	0.0	0.0	715.0	0.0	0.0	4.0	282.0	0.0	0.0	24.0	81.0	0.0	0.0	0.0	9.0	4.0	5.0	0.0	0.0	0.0	0.0	32.0	0.0	8.0	16.0	21.0	0.0	5.0	0.0	0.0	0.0	7.0	0.0	0.0	12.0	0.0	0.0	7.0	0.0	0.0	0.0	2.0	0.0	0.0	0.0	0.0	0.0	14.0	0.0	0.0	0.0	0.0	26.0	5.0	0.0	0.0	0.0	0.0	0.0	10.0	0.0	0.0	0.0	0.0	0.0	3.0	0.0	0.0	0.0	0.0	0.0	0.0	0.0	0.0	0.0	6.0	0.0	45.0	0.0	0.0	0.0	0.0	0.0	0.0	0.0	0.0	0.0	53.0	0.0	0.0	0.0	0.0	0.0	12.0	0.0	0.0	0.0	0.0	13.0	0.0	0.0	0.0	0.0	0.0	0.0	0.0	0.0	0.0	0.0	0.0	0.0	0.0	0.0	0.0	0.0	0.0	0.0	0.0	0.0	0.0	0.0	0.0	0.0	0.0	0.0	0.0	0.0	0.0
ERR4837336	688.0	42.0	207.0	737.0	33.0	3753.0	105.0	15.0	0.0	44.0	378.0	230.0	0.0	541.0	322.0	13.0	0.0	0.0	7.0	1104.0	62.0	909.0	163.0	63.0	94.0	28.0	2138.0	0.0	0.0	82.0	406.0	4963.0	1358.0	70.0	39.0	3.0	734.0	0.0	5.0	74.0	126.0	224.0	0.0	0.0	379.0	0.0	90.0	113.0	12.0	0.0	2.0	203.0	0.0	1994.0	258.0	15.0	84.0	0.0	445.0	2768.0	9.0	61.0	2847.0	7155.0	101.0	0.0	0.0	0.0	44.0	102.0	186.0	13.0	93.0	1930.0	116.0	0.0	0.0	418.0	71.0	227.0	11.0	0.0	0.0	53.0	15.0	460.0	0.0	55.0	357.0	27.0	0.0	57.0	41.0	0.0	216.0	3.0	155.0	13.0	749.0	54.0	139.0	54.0	3.0	8.0	0.0	123.0	68.0	266.0	11.0	345.0	129.0	376.0	120.0	8.0	551.0	0.0	0.0	115.0	0.0	12.0	38.0	264.0	0.0	17.0	45.0	251.0	0.0	50.0	0.0	0.0	3.0	0.0	0.0	0.0	0.0	0.0	66.0	0.0	0.0	4.0	0.0	0.0	0.0	15.0	0.0	0.0	10.0	0.0	0.0	0.0	0.0	0.0	0.0	0.0	0.0	0.0	0.0	15.0	0.0	31.0	0.0	164.0	23.0	0.0	0.0	0.0	0.0	42.0	17.0	0.0	0.0	0.0	23.0	0.0	18.0	0.0	0.0	0.0	7.0	0.0	20.0	0.0	18.0	0.0	6.0	0.0	0.0	0.0	0.0	0.0	12.0	0.0	37.0	42.0	0.0	0.0	0.0	0.0	17.0	82.0	0.0	0.0	29.0	0.0	0.0	0.0	11.0	25.0	15.0	0.0	0.0	0.0	0.0	116.0	0.0	0.0	0.0	0.0	0.0	0.0	0.0	0.0	0.0	0.0	0.0	0.0	0.0	0.0	0.0	0.0	0.0	0.0	0.0	0.0	0.0	0.0	0.0	16.0	0.0	0.0	0.0	0.0	0.0
ERR4837337	551.0	10.0	136.0	1174.0	93.0	2685.0	47.0	12.0	16.0	42.0	261.0	162.0	0.0	481.0	490.0	0.0	0.0	0.0	18.0	1525.0	45.0	611.0	75.0	78.0	167.0	36.0	1487.0	0.0	21.0	116.0	649.0	4436.0	1003.0	49.0	5.0	0.0	480.0	0.0	3.0	28.0	12.0	81.0	0.0	0.0	355.0	0.0	78.0	71.0	31.0	0.0	0.0	95.0	0.0	879.0	638.0	4.0	89.0	0.0	470.0	2188.0	12.0	39.0	2553.0	3624.0	71.0	3.0	0.0	4.0	31.0	332.0	358.0	16.0	45.0	1694.0	30.0	9.0	0.0	364.0	13.0	99.0	0.0	0.0	5.0	90.0	0.0	266.0	0.0	67.0	283.0	31.0	0.0	62.0	87.0	0.0	42.0	11.0	35.0	4.0	499.0	117.0	196.0	44.0	8.0	0.0	2.0	161.0	183.0	254.0	10.0	89.0	47.0	203.0	66.0	12.0	323.0	0.0	0.0	294.0	0.0	0.0	32.0	401.0	3.0	23.0	11.0	319.0	7.0	10.0	0.0	0.0	0.0	0.0	3.0	0.0	0.0	0.0	43.0	0.0	22.0	9.0	0.0	0.0	5.0	13.0	7.0	0.0	42.0	0.0	0.0	0.0	0.0	0.0	18.0	2.0	0.0	0.0	5.0	28.0	0.0	92.0	10.0	147.0	23.0	3.0	0.0	0.0	14.0	0.0	4.0	0.0	0.0	0.0	19.0	0.0	0.0	0.0	0.0	0.0	6.0	9.0	24.0	14.0	22.0	0.0	0.0	0.0	0.0	0.0	11.0	0.0	5.0	0.0	22.0	17.0	0.0	0.0	0.0	0.0	0.0	75.0	0.0	0.0	21.0	3.0	0.0	2.0	0.0	0.0	13.0	0.0	0.0	0.0	5.0	89.0	11.0	0.0	5.0	0.0	0.0	0.0	0.0	0.0	0.0	0.0	0.0	0.0	0.0	0.0	0.0	0.0	0.0	0.0	0.0	0.0	0.0	0.0	0.0	0.0	0.0	0.0	0.0	0.0	0.0
ERR4837338	367.0	2.0	53.0	371.0	55.0	1469.0	59.0	3.0	9.0	45.0	49.0	105.0	0.0	521.0	318.0	4.0	0.0	0.0	5.0	519.0	9.0	436.0	57.0	15.0	50.0	30.0	947.0	0.0	18.0	96.0	314.0	2215.0	562.0	38.0	0.0	0.0	375.0	0.0	0.0	34.0	21.0	61.0	0.0	0.0	147.0	0.0	43.0	53.0	9.0	0.0	8.0	103.0	5.0	957.0	145.0	3.0	31.0	0.0	223.0	1224.0	0.0	78.0	1173.0	3731.0	0.0	5.0	0.0	0.0	0.0	47.0	59.0	0.0	53.0	977.0	17.0	0.0	0.0	72.0	27.0	147.0	0.0	0.0	0.0	31.0	0.0	119.0	0.0	17.0	81.0	0.0	0.0	17.0	0.0	0.0	17.0	5.0	62.0	6.0	428.0	39.0	63.0	14.0	3.0	0.0	2.0	96.0	55.0	107.0	23.0	39.0	57.0	85.0	39.0	0.0	139.0	0.0	0.0	88.0	0.0	0.0	23.0	195.0	4.0	8.0	18.0	222.0	0.0	4.0	0.0	4.0	0.0	0.0	0.0	0.0	0.0	0.0	42.0	0.0	9.0	6.0	5.0	0.0	4.0	0.0	0.0	10.0	7.0	0.0	0.0	23.0	0.0	6.0	0.0	0.0	4.0	0.0	0.0	0.0	0.0	12.0	5.0	73.0	7.0	0.0	0.0	0.0	0.0	12.0	0.0	0.0	0.0	0.0	5.0	0.0	8.0	0.0	0.0	0.0	14.0	0.0	8.0	0.0	14.0	0.0	5.0	0.0	0.0	0.0	0.0	0.0	3.0	0.0	17.0	0.0	0.0	0.0	0.0	0.0	55.0	9.0	0.0	0.0	13.0	0.0	0.0	0.0	0.0	0.0	9.0	0.0	0.0	0.0	0.0	46.0	0.0	0.0	0.0	0.0	0.0	5.0	0.0	0.0	0.0	0.0	0.0	0.0	0.0	0.0	0.0	0.0	0.0	0.0	0.0	0.0	0.0	0.0	0.0	0.0	0.0	0.0	0.0	0.0	0.0
ERR4837339	1621.0	26.0	206.0	938.0	16.0	4945.0	142.0	6.0	27.0	72.0	471.0	474.0	0.0	0.0	453.0	0.0	29.0	0.0	68.0	0.0	64.0	2699.0	669.0	24.0	219.0	86.0	1221.0	63.0	17.0	312.0	654.0	4897.0	2654.0	177.0	15.0	7.0	1833.0	0.0	0.0	81.0	142.0	206.0	0.0	0.0	495.0	0.0	130.0	32.0	15.0	0.0	0.0	245.0	0.0	4102.0	110.0	118.0	239.0	0.0	998.0	2559.0	13.0	27.0	1835.0	1458.0	103.0	0.0	39.0	0.0	0.0	21.0	148.0	39.0	116.0	3214.0	125.0	0.0	0.0	768.0	112.0	640.0	21.0	0.0	0.0	77.0	44.0	1069.0	0.0	108.0	387.0	14.0	15.0	202.0	0.0	43.0	105.0	17.0	148.0	0.0	1449.0	36.0	92.0	0.0	36.0	0.0	0.0	0.0	119.0	678.0	92.0	834.0	314.0	179.0	41.0	0.0	663.0	0.0	0.0	141.0	0.0	20.0	19.0	208.0	43.0	11.0	131.0	482.0	0.0	0.0	0.0	0.0	8.0	0.0	0.0	0.0	0.0	0.0	27.0	0.0	12.0	15.0	97.0	0.0	16.0	3.0	0.0	0.0	7.0	0.0	0.0	0.0	0.0	0.0	0.0	2.0	9.0	0.0	0.0	0.0	3.0	0.0	0.0	0.0	24.0	0.0	0.0	0.0	0.0	13.0	10.0	0.0	0.0	0.0	0.0	0.0	0.0	0.0	0.0	0.0	0.0	0.0	11.0	0.0	0.0	0.0	0.0	0.0	4.0	0.0	0.0	0.0	34.0	0.0	69.0	30.0	0.0	0.0	0.0	0.0	86.0	0.0	0.0	0.0	136.0	0.0	22.0	0.0	0.0	6.0	45.0	0.0	0.0	0.0	0.0	60.0	14.0	0.0	0.0	0.0	0.0	0.0	0.0	0.0	0.0	0.0	0.0	0.0	0.0	0.0	13.0	0.0	0.0	4.0	0.0	0.0	0.0	0.0	0.0	0.0	0.0	0.0	0.0	5.0	8.0
ERR4837340	1624.0	24.0	243.0	599.0	0.0	3112.0	63.0	9.0	12.0	41.0	452.0	203.0	4.0	162.0	462.0	0.0	16.0	0.0	104.0	0.0	28.0	1378.0	560.0	73.0	80.0	28.0	915.0	9.0	30.0	154.0	558.0	4315.0	1261.0	30.0	32.0	0.0	1074.0	0.0	5.0	11.0	56.0	139.0	0.0	0.0	548.0	0.0	49.0	35.0	54.0	0.0	6.0	203.0	0.0	2410.0	92.0	74.0	194.0	9.0	1081.0	2157.0	16.0	12.0	1130.0	794.0	173.0	0.0	11.0	0.0	0.0	0.0	100.0	24.0	67.0	1988.0	133.0	0.0	0.0	837.0	76.0	532.0	32.0	0.0	0.0	97.0	62.0	898.0	0.0	65.0	213.0	0.0	11.0	133.0	31.0	7.0	118.0	22.0	112.0	10.0	1048.0	45.0	56.0	0.0	0.0	0.0	0.0	10.0	89.0	449.0	33.0	1043.0	58.0	57.0	6.0	0.0	332.0	0.0	0.0	139.0	0.0	0.0	20.0	116.0	12.0	12.0	5.0	100.0	0.0	0.0	0.0	0.0	9.0	0.0	0.0	0.0	0.0	5.0	29.0	0.0	0.0	32.0	31.0	6.0	0.0	0.0	0.0	0.0	0.0	0.0	0.0	37.0	0.0	0.0	0.0	0.0	0.0	0.0	2.0	0.0	0.0	0.0	0.0	0.0	22.0	0.0	0.0	0.0	0.0	0.0	0.0	0.0	0.0	0.0	0.0	0.0	0.0	0.0	0.0	0.0	0.0	0.0	0.0	0.0	0.0	0.0	0.0	0.0	0.0	0.0	16.0	0.0	22.0	0.0	45.0	9.0	0.0	0.0	0.0	0.0	32.0	0.0	0.0	0.0	57.0	0.0	0.0	0.0	0.0	13.0	18.0	0.0	0.0	4.0	0.0	36.0	0.0	0.0	0.0	0.0	0.0	0.0	0.0	0.0	0.0	0.0	0.0	0.0	0.0	0.0	10.0	0.0	0.0	0.0	0.0	0.0	0.0	0.0	0.0	0.0	0.0	0.0	0.0	7.0	0.0
ERR4837341	413.0	11.0	272.0	755.0	73.0	3070.0	75.0	16.0	2.0	45.0	231.0	128.0	0.0	879.0	267.0	25.0	0.0	0.0	22.0	589.0	35.0	806.0	154.0	99.0	78.0	55.0	1126.0	2.0	13.0	39.0	358.0	3487.0	1172.0	27.0	24.0	0.0	465.0	0.0	3.0	57.0	86.0	230.0	0.0	0.0	259.0	0.0	34.0	104.0	27.0	0.0	17.0	217.0	0.0	2107.0	230.0	35.0	353.0	0.0	428.0	2797.0	0.0	45.0	1687.0	3493.0	32.0	0.0	10.0	4.0	15.0	957.0	166.0	11.0	59.0	2481.0	16.0	9.0	0.0	744.0	72.0	114.0	16.0	0.0	0.0	45.0	12.0	459.0	0.0	82.0	169.0	30.0	0.0	93.0	31.0	16.0	67.0	0.0	51.0	3.0	483.0	35.0	134.0	63.0	16.0	4.0	3.0	83.0	127.0	759.0	7.0	500.0	136.0	491.0	134.0	10.0	608.0	0.0	0.0	74.0	0.0	9.0	54.0	256.0	0.0	4.0	21.0	240.0	4.0	44.0	0.0	0.0	25.0	0.0	0.0	4.0	2.0	0.0	37.0	0.0	51.0	0.0	0.0	0.0	0.0	8.0	3.0	0.0	0.0	3.0	0.0	0.0	0.0	0.0	0.0	0.0	0.0	0.0	0.0	112.0	0.0	95.0	0.0	91.0	21.0	0.0	0.0	0.0	0.0	16.0	0.0	0.0	0.0	0.0	17.0	0.0	0.0	0.0	0.0	0.0	0.0	0.0	10.0	0.0	26.0	0.0	0.0	0.0	0.0	0.0	4.0	0.0	28.0	0.0	9.0	53.0	0.0	0.0	0.0	0.0	31.0	24.0	0.0	0.0	29.0	0.0	0.0	0.0	8.0	0.0	17.0	0.0	0.0	0.0	0.0	80.0	32.0	0.0	0.0	0.0	0.0	0.0	0.0	0.0	0.0	0.0	0.0	10.0	0.0	0.0	0.0	0.0	0.0	0.0	0.0	5.0	0.0	0.0	0.0	0.0	11.0	0.0	0.0	0.0	0.0
ERR4837342	752.0	20.0	82.0	790.0	62.0	3286.0	68.0	19.0	4.0	66.0	144.0	251.0	0.0	773.0	685.0	5.0	0.0	0.0	7.0	698.0	65.0	761.0	96.0	0.0	74.0	70.0	1793.0	0.0	11.0	190.0	480.0	4134.0	895.0	80.0	34.0	0.0	587.0	0.0	0.0	30.0	49.0	54.0	0.0	0.0	299.0	0.0	63.0	78.0	5.0	0.0	7.0	289.0	0.0	1768.0	288.0	11.0	75.0	0.0	395.0	1949.0	0.0	178.0	2460.0	7810.0	54.0	0.0	8.0	0.0	7.0	27.0	63.0	10.0	116.0	1521.0	57.0	3.0	0.0	154.0	13.0	166.0	0.0	0.0	0.0	102.0	0.0	381.0	0.0	67.0	121.0	5.0	0.0	49.0	0.0	0.0	32.0	0.0	126.0	0.0	1002.0	91.0	100.0	21.0	22.0	0.0	5.0	123.0	195.0	264.0	24.0	67.0	116.0	314.0	48.0	0.0	285.0	0.0	0.0	266.0	0.0	0.0	11.0	240.0	4.0	9.0	0.0	307.0	0.0	22.0	0.0	0.0	0.0	0.0	0.0	0.0	0.0	0.0	55.0	7.0	7.0	0.0	17.0	0.0	3.0	13.0	7.0	6.0	0.0	0.0	0.0	3.0	0.0	5.0	0.0	0.0	2.0	0.0	0.0	0.0	0.0	114.0	13.0	82.0	23.0	0.0	0.0	0.0	0.0	26.0	11.0	0.0	0.0	0.0	16.0	0.0	10.0	0.0	0.0	0.0	6.0	0.0	0.0	0.0	0.0	0.0	6.0	0.0	0.0	0.0	8.0	0.0	57.0	0.0	12.0	0.0	0.0	0.0	0.0	0.0	50.0	0.0	0.0	0.0	50.0	0.0	0.0	0.0	0.0	0.0	16.0	0.0	0.0	0.0	0.0	66.0	9.0	0.0	4.0	0.0	0.0	0.0	0.0	0.0	0.0	0.0	0.0	0.0	0.0	0.0	0.0	0.0	0.0	0.0	0.0	14.0	0.0	0.0	0.0	3.0	0.0	0.0	0.0	0.0	0.0
ERR4837343	672.0	17.0	131.0	460.0	0.0	2832.0	0.0	0.0	0.0	29.0	283.0	133.0	0.0	376.0	159.0	4.0	0.0	0.0	13.0	684.0	27.0	572.0	185.0	33.0	56.0	52.0	1265.0	0.0	11.0	33.0	186.0	3183.0	1312.0	76.0	4.0	0.0	448.0	0.0	0.0	74.0	64.0	182.0	10.0	0.0	206.0	0.0	12.0	104.0	11.0	0.0	4.0	116.0	0.0	1143.0	147.0	0.0	66.0	0.0	509.0	1985.0	28.0	30.0	1860.0	3664.0	94.0	0.0	6.0	0.0	0.0	292.0	82.0	11.0	59.0	1348.0	177.0	0.0	0.0	612.0	46.0	114.0	6.0	0.0	0.0	9.0	20.0	471.0	0.0	37.0	151.0	0.0	0.0	78.0	24.0	0.0	85.0	0.0	46.0	0.0	539.0	17.0	142.0	20.0	0.0	0.0	3.0	108.0	117.0	319.0	0.0	495.0	103.0	306.0	47.0	0.0	611.0	0.0	0.0	262.0	0.0	4.0	30.0	201.0	0.0	0.0	9.0	202.0	0.0	11.0	0.0	0.0	0.0	0.0	0.0	0.0	0.0	5.0	50.0	0.0	6.0	0.0	2.0	0.0	2.0	0.0	0.0	0.0	3.0	0.0	0.0	0.0	0.0	0.0	0.0	0.0	0.0	0.0	0.0	5.0	0.0	20.0	0.0	34.0	7.0	0.0	0.0	0.0	0.0	36.0	0.0	0.0	0.0	0.0	13.0	0.0	0.0	0.0	0.0	0.0	0.0	0.0	9.0	0.0	0.0	0.0	10.0	0.0	0.0	0.0	0.0	0.0	19.0	0.0	25.0	0.0	0.0	0.0	0.0	0.0	64.0	0.0	0.0	0.0	114.0	0.0	0.0	0.0	0.0	0.0	25.0	0.0	0.0	0.0	0.0	58.0	22.0	0.0	0.0	0.0	0.0	0.0	0.0	0.0	0.0	0.0	0.0	0.0	0.0	0.0	0.0	0.0	0.0	0.0	0.0	6.0	0.0	0.0	0.0	0.0	0.0	0.0	0.0	0.0	0.0
ERR4837344	1022.0	9.0	92.0	636.0	55.0	4243.0	189.0	5.0	26.0	84.0	316.0	324.0	0.0	15.0	744.0	2.0	35.0	0.0	68.0	0.0	65.0	543.0	629.0	92.0	53.0	63.0	872.0	8.0	34.0	582.0	828.0	3527.0	1058.0	184.0	19.0	0.0	938.0	0.0	15.0	95.0	32.0	98.0	8.0	5.0	2014.0	0.0	97.0	24.0	11.0	0.0	3.0	175.0	0.0	2361.0	45.0	70.0	107.0	0.0	740.0	1494.0	7.0	23.0	1629.0	421.0	100.0	0.0	12.0	0.0	0.0	0.0	891.0	29.0	69.0	2644.0	111.0	0.0	0.0	526.0	23.0	112.0	0.0	0.0	0.0	147.0	136.0	762.0	0.0	63.0	416.0	0.0	4.0	56.0	58.0	0.0	6.0	0.0	85.0	0.0	1599.0	118.0	52.0	0.0	17.0	11.0	0.0	31.0	166.0	616.0	21.0	1260.0	13.0	102.0	10.0	0.0	390.0	0.0	0.0	265.0	2.0	12.0	49.0	250.0	14.0	2.0	33.0	154.0	0.0	0.0	0.0	13.0	0.0	0.0	0.0	0.0	0.0	0.0	40.0	0.0	4.0	13.0	0.0	0.0	0.0	0.0	0.0	0.0	0.0	0.0	0.0	0.0	0.0	0.0	0.0	0.0	0.0	0.0	0.0	0.0	0.0	2.0	0.0	0.0	0.0	0.0	0.0	0.0	0.0	55.0	2.0	0.0	0.0	0.0	0.0	0.0	7.0	0.0	0.0	0.0	0.0	0.0	13.0	4.0	0.0	0.0	0.0	0.0	0.0	0.0	0.0	0.0	30.0	0.0	33.0	0.0	0.0	0.0	0.0	0.0	35.0	4.0	0.0	0.0	37.0	0.0	0.0	0.0	0.0	0.0	9.0	0.0	0.0	0.0	0.0	65.0	0.0	0.0	0.0	0.0	0.0	0.0	0.0	0.0	0.0	0.0	0.0	0.0	0.0	0.0	9.0	0.0	0.0	0.0	0.0	0.0	0.0	0.0	0.0	0.0	22.0	0.0	0.0	0.0	0.0
ERR4837345	906.0	9.0	93.0	970.0	20.0	2883.0	111.0	24.0	6.0	61.0	181.0	190.0	0.0	538.0	849.0	0.0	0.0	0.0	6.0	727.0	31.0	594.0	56.0	170.0	96.0	32.0	1213.0	0.0	14.0	139.0	340.0	3694.0	836.0	94.0	0.0	0.0	745.0	2.0	5.0	81.0	39.0	50.0	2.0	0.0	310.0	10.0	85.0	88.0	10.0	0.0	8.0	197.0	3.0	2643.0	600.0	44.0	84.0	0.0	647.0	2429.0	0.0	70.0	1767.0	5543.0	48.0	0.0	17.0	0.0	14.0	429.0	211.0	27.0	70.0	1809.0	40.0	19.0	0.0	800.0	14.0	162.0	3.0	0.0	5.0	115.0	0.0	298.0	0.0	80.0	142.0	10.0	2.0	108.0	15.0	0.0	40.0	9.0	77.0	0.0	610.0	98.0	197.0	63.0	0.0	0.0	9.0	211.0	209.0	234.0	9.0	164.0	102.0	194.0	70.0	0.0	405.0	0.0	0.0	303.0	0.0	7.0	29.0	341.0	5.0	27.0	19.0	278.0	16.0	25.0	0.0	0.0	0.0	0.0	0.0	0.0	3.0	0.0	80.0	0.0	39.0	12.0	0.0	0.0	2.0	19.0	7.0	0.0	17.0	0.0	0.0	0.0	0.0	16.0	0.0	0.0	2.0	0.0	0.0	16.0	0.0	54.0	0.0	148.0	21.0	0.0	0.0	6.0	0.0	34.0	5.0	0.0	0.0	0.0	19.0	0.0	26.0	0.0	0.0	0.0	20.0	0.0	20.0	0.0	13.0	0.0	3.0	0.0	0.0	0.0	0.0	0.0	27.0	0.0	12.0	12.0	0.0	0.0	0.0	0.0	0.0	14.0	0.0	0.0	25.0	0.0	0.0	0.0	0.0	0.0	7.0	0.0	0.0	0.0	0.0	31.0	13.0	0.0	0.0	0.0	0.0	0.0	0.0	0.0	0.0	2.0	0.0	0.0	0.0	0.0	0.0	0.0	0.0	0.0	0.0	10.0	0.0	0.0	0.0	0.0	0.0	0.0	0.0	0.0	0.0
