#SampleID	d__Bacteria;p__Proteobacteria	d__Bacteria;p__Patescibacteria	d__Bacteria;p__Planctomycetota	d__Bacteria;p__Chloroflexi	d__Bacteria;p__Bdellovibrionota	d__Bacteria;p__Cyanobacteria	d__Bacteria;p__Actinobacteriota	d__Bacteria;p__Verrucomicrobiota	d__Bacteria;p__Desulfobacterota	d__Bacteria;p__Firmicutes	d__Bacteria;p__Sumerlaeota	d__Bacteria;p__Acidobacteriota	d__Bacteria;p__Dependentiae	d__Bacteria;p__Gemmatimonadota	d__Bacteria;p__Myxococcota	d__Bacteria;p__Bacteroidota	d__Bacteria;p__Armatimonadota	d__Bacteria;p__Elusimicrobiota	d__Bacteria;p__Fibrobacterota	d__Bacteria;p__Methylomirabilota	d__Bacteria;p__WS2	d__Bacteria;p__Abditibacteriota	d__Bacteria;p__SAR324_clade(Marine_group_B)	d__Bacteria;p__Halanaerobiaeota	d__Bacteria;p__FCPU426	d__Bacteria;p__WPS-2	d__Bacteria;p__Hydrogenedentes	d__Bacteria;p__Latescibacterota	d__Bacteria;p__NB1-j	d__Bacteria;p__Deinococcota	d__Bacteria;p__Nitrospirota	d__Bacteria;p__Spirochaetota	d__Bacteria;p__TX1A-33	d__Bacteria;p__Dadabacteria	d__Bacteria;p__MBNT15	d__Bacteria;p__Margulisbacteria
ERR4837291	19924.0	255.0	1888.0	1323.0	158.0	142.0	1435.0	1681.0	233.0	1077.0	27.0	3267.0	5.0	2537.0	3328.0	3121.0	170.0	63.0	14.0	0.0	0.0	7.0	0.0	0.0	6.0	0.0	22.0	9.0	7.0	0.0	78.0	10.0	0.0	0.0	11.0	0.0
ERR4837292	10507.0	197.0	1914.0	1705.0	208.0	169.0	2336.0	1679.0	250.0	1606.0	46.0	3165.0	0.0	863.0	2172.0	2525.0	237.0	101.0	0.0	0.0	8.0	0.0	3.0	0.0	0.0	0.0	0.0	0.0	2.0	0.0	47.0	0.0	0.0	0.0	7.0	0.0
ERR4837293	11833.0	145.0	932.0	1761.0	275.0	105.0	336.0	901.0	180.0	1507.0	30.0	2174.0	4.0	1114.0	1743.0	2753.0	87.0	41.0	0.0	0.0	17.0	0.0	0.0	0.0	0.0	9.0	17.0	6.0	0.0	0.0	10.0	23.0	56.0	0.0	5.0	0.0
ERR4837294	12498.0	111.0	1587.0	1641.0	259.0	167.0	1034.0	1257.0	327.0	994.0	9.0	4437.0	2.0	1141.0	2167.0	1628.0	114.0	71.0	0.0	3.0	17.0	5.0	0.0	0.0	0.0	6.0	3.0	12.0	0.0	0.0	57.0	5.0	24.0	0.0	0.0	0.0
ERR4837295	17339.0	167.0	1387.0	1195.0	320.0	327.0	498.0	1389.0	273.0	1796.0	36.0	2586.0	13.0	1200.0	2676.0	3096.0	95.0	95.0	11.0	0.0	16.0	0.0	0.0	0.0	7.0	7.0	10.0	25.0	0.0	0.0	22.0	17.0	32.0	0.0	7.0	2.0
ERR4837296	13921.0	50.0	1724.0	1966.0	182.0	498.0	1175.0	1401.0	492.0	1440.0	14.0	4186.0	16.0	785.0	3095.0	2084.0	68.0	103.0	3.0	0.0	21.0	11.0	0.0	0.0	2.0	16.0	0.0	7.0	0.0	0.0	43.0	0.0	16.0	0.0	25.0	0.0
ERR4837297	15819.0	536.0	2664.0	900.0	595.0	124.0	2040.0	4741.0	740.0	5402.0	200.0	2317.0	36.0	3407.0	2333.0	6484.0	434.0	103.0	66.0	0.0	14.0	6.0	23.0	0.0	0.0	0.0	24.0	0.0	0.0	0.0	12.0	13.0	24.0	23.0	0.0	0.0
ERR4837298	13528.0	356.0	2152.0	844.0	371.0	193.0	1300.0	2556.0	278.0	3247.0	35.0	1430.0	10.0	1842.0	2585.0	4498.0	366.0	107.0	23.0	0.0	0.0	0.0	2.0	0.0	9.0	0.0	14.0	0.0	0.0	0.0	12.0	0.0	42.0	0.0	0.0	0.0
ERR4837299	21688.0	436.0	2648.0	2625.0	372.0	153.0	2949.0	3063.0	670.0	1852.0	59.0	5508.0	23.0	2995.0	4362.0	4265.0	184.0	202.0	28.0	0.0	25.0	0.0	3.0	0.0	8.0	0.0	28.0	10.0	0.0	0.0	54.0	13.0	30.0	0.0	0.0	0.0
ERR4837300	13445.0	68.0	1756.0	2631.0	239.0	245.0	1595.0	1701.0	380.0	1674.0	42.0	3774.0	9.0	1225.0	4619.0	2647.0	115.0	248.0	0.0	0.0	48.0	0.0	2.0	0.0	0.0	11.0	17.0	16.0	0.0	0.0	32.0	21.0	26.0	0.0	10.0	0.0
ERR4837301	19776.0	354.0	2406.0	1605.0	301.0	115.0	1366.0	2277.0	407.0	2025.0	60.0	4240.0	0.0	3420.0	3423.0	3869.0	316.0	132.0	21.0	0.0	5.0	5.0	5.0	0.0	16.0	0.0	59.0	40.0	0.0	0.0	106.0	12.0	18.0	0.0	22.0	0.0
ERR4837302	19863.0	182.0	2526.0	2029.0	395.0	281.0	867.0	1625.0	244.0	1065.0	23.0	3912.0	16.0	1589.0	3340.0	3361.0	149.0	119.0	0.0	0.0	41.0	4.0	0.0	0.0	5.0	0.0	22.0	17.0	0.0	0.0	58.0	3.0	23.0	0.0	0.0	0.0
ERR4837303	24802.0	330.0	3210.0	2596.0	389.0	163.0	2084.0	2270.0	452.0	2168.0	39.0	5312.0	6.0	2649.0	6760.0	4763.0	337.0	165.0	26.0	0.0	22.0	9.0	0.0	0.0	13.0	17.0	23.0	15.0	0.0	0.0	111.0	0.0	0.0	0.0	9.0	0.0
ERR4837304	16199.0	386.0	2503.0	1018.0	402.0	88.0	1697.0	2162.0	354.0	4171.0	45.0	1705.0	13.0	2783.0	2148.0	5243.0	323.0	74.0	64.0	0.0	6.0	6.0	4.0	0.0	0.0	0.0	0.0	0.0	0.0	0.0	14.0	20.0	94.0	19.0	0.0	0.0
ERR4837305	18658.0	442.0	1763.0	1714.0	390.0	63.0	1427.0	1857.0	331.0	1897.0	46.0	3009.0	2.0	2950.0	3407.0	4650.0	196.0	159.0	51.0	0.0	12.0	2.0	0.0	0.0	12.0	16.0	53.0	20.0	0.0	0.0	43.0	46.0	0.0	0.0	0.0	0.0
ERR4837306	13846.0	608.0	1643.0	619.0	322.0	137.0	2372.0	2843.0	801.0	5200.0	58.0	1771.0	2.0	1665.0	1788.0	4364.0	437.0	107.0	17.0	0.0	15.0	0.0	23.0	0.0	0.0	0.0	41.0	0.0	0.0	0.0	35.0	0.0	47.0	17.0	0.0	0.0
ERR4837307	7757.0	147.0	980.0	387.0	356.0	92.0	648.0	1570.0	348.0	2384.0	41.0	1481.0	4.0	893.0	1664.0	2677.0	222.0	36.0	0.0	0.0	3.0	11.0	22.0	0.0	0.0	0.0	13.0	0.0	0.0	0.0	9.0	0.0	25.0	12.0	0.0	0.0
ERR4837308	9581.0	98.0	1097.0	319.0	323.0	222.0	760.0	1548.0	389.0	3067.0	43.0	1320.0	14.0	800.0	1747.0	2851.0	215.0	194.0	0.0	0.0	9.0	7.0	8.0	0.0	0.0	0.0	33.0	0.0	0.0	0.0	0.0	0.0	77.0	8.0	0.0	0.0
ERR4837309	16371.0	92.0	1297.0	785.0	173.0	181.0	559.0	1369.0	311.0	1633.0	47.0	2797.0	5.0	1023.0	2622.0	2507.0	129.0	110.0	0.0	0.0	3.0	4.0	0.0	0.0	8.0	12.0	17.0	15.0	0.0	0.0	33.0	21.0	40.0	0.0	10.0	0.0
ERR4837310	14776.0	156.0	2287.0	2027.0	319.0	185.0	1284.0	2104.0	546.0	1610.0	61.0	4165.0	16.0	1205.0	2400.0	2878.0	215.0	167.0	12.0	2.0	53.0	2.0	0.0	0.0	4.0	0.0	29.0	8.0	0.0	3.0	25.0	7.0	0.0	0.0	0.0	0.0
ERR4837311	15967.0	274.0	1693.0	1069.0	167.0	135.0	950.0	1397.0	334.0	1853.0	28.0	3155.0	4.0	1616.0	2209.0	3168.0	117.0	68.0	8.0	0.0	4.0	0.0	0.0	0.0	0.0	7.0	22.0	20.0	0.0	0.0	62.0	0.0	35.0	0.0	0.0	0.0
ERR4837312	13759.0	395.0	1844.0	921.0	371.0	478.0	1805.0	2939.0	169.0	4023.0	129.0	1098.0	20.0	2003.0	2001.0	5526.0	454.0	106.0	36.0	0.0	7.0	7.0	15.0	0.0	3.0	0.0	30.0	0.0	0.0	0.0	47.0	0.0	46.0	30.0	0.0	0.0
ERR4837313	7385.0	34.0	993.0	1279.0	141.0	74.0	514.0	861.0	234.0	1021.0	12.0	2669.0	9.0	623.0	2796.0	1357.0	59.0	97.0	0.0	0.0	22.0	2.0	0.0	0.0	3.0	0.0	0.0	4.0	2.0	0.0	7.0	0.0	0.0	0.0	6.0	0.0
ERR4837314	6456.0	21.0	662.0	593.0	84.0	113.0	692.0	516.0	110.0	499.0	2.0	1455.0	11.0	594.0	1999.0	1028.0	48.0	22.0	0.0	0.0	0.0	0.0	0.0	0.0	0.0	5.0	0.0	3.0	0.0	0.0	7.0	0.0	17.0	0.0	6.0	0.0
ERR4837315	10372.0	430.0	1270.0	642.0	211.0	67.0	1741.0	2709.0	730.0	3545.0	80.0	1599.0	18.0	1252.0	1875.0	2860.0	355.0	69.0	10.0	0.0	15.0	10.0	0.0	0.0	0.0	0.0	48.0	0.0	0.0	0.0	11.0	6.0	40.0	13.0	0.0	0.0
ERR4837316	13237.0	332.0	1468.0	894.0	374.0	150.0	1926.0	2248.0	539.0	4222.0	107.0	1670.0	25.0	3436.0	2978.0	4259.0	347.0	74.0	26.0	0.0	0.0	7.0	0.0	0.0	46.0	0.0	22.0	0.0	0.0	0.0	0.0	11.0	189.0	0.0	0.0	0.0
ERR4837317	14165.0	171.0	1831.0	1532.0	291.0	101.0	1879.0	1463.0	429.0	1910.0	17.0	4839.0	13.0	1964.0	4167.0	2865.0	155.0	68.0	0.0	0.0	9.0	6.0	0.0	0.0	0.0	3.0	18.0	5.0	0.0	0.0	59.0	0.0	0.0	0.0	8.0	0.0
ERR4837318	14749.0	254.0	2407.0	2167.0	321.0	88.0	1977.0	2037.0	491.0	2769.0	15.0	5609.0	6.0	1731.0	3882.0	3469.0	187.0	149.0	9.0	5.0	12.0	4.0	0.0	0.0	0.0	0.0	4.0	19.0	0.0	3.0	70.0	0.0	57.0	0.0	24.0	0.0
ERR4837319	8258.0	604.0	1231.0	389.0	348.0	116.0	1312.0	1880.0	455.0	2214.0	61.0	829.0	15.0	889.0	1119.0	3062.0	287.0	210.0	33.0	0.0	18.0	0.0	6.0	0.0	22.0	0.0	0.0	0.0	0.0	0.0	42.0	0.0	20.0	0.0	0.0	0.0
ERR4837320	14126.0	570.0	1223.0	943.0	341.0	31.0	1158.0	1685.0	132.0	236.0	20.0	1265.0	36.0	1165.0	2569.0	2405.0	162.0	138.0	120.0	0.0	0.0	0.0	0.0	0.0	0.0	0.0	29.0	12.0	3.0	0.0	0.0	0.0	2.0	0.0	0.0	0.0
ERR4837321	13149.0	287.0	1411.0	933.0	461.0	34.0	2223.0	1415.0	263.0	829.0	0.0	1470.0	0.0	1869.0	5149.0	3884.0	311.0	140.0	57.0	0.0	0.0	0.0	32.0	0.0	0.0	0.0	20.0	0.0	0.0	0.0	0.0	0.0	0.0	0.0	0.0	0.0
ERR4837323	17798.0	280.0	2016.0	1271.0	207.0	149.0	2010.0	1711.0	259.0	1185.0	5.0	4565.0	4.0	1480.0	3557.0	3204.0	191.0	57.0	6.0	0.0	0.0	6.0	0.0	0.0	0.0	0.0	18.0	4.0	0.0	0.0	24.0	0.0	43.0	0.0	0.0	0.0
ERR4837325	9289.0	161.0	1840.0	727.0	125.0	66.0	1576.0	2307.0	216.0	3311.0	57.0	1523.0	9.0	1233.0	1539.0	3242.0	203.0	32.0	8.0	0.0	0.0	0.0	10.0	0.0	0.0	0.0	14.0	0.0	0.0	0.0	0.0	0.0	0.0	0.0	0.0	0.0
ERR4837326	8955.0	71.0	1012.0	1116.0	159.0	68.0	800.0	882.0	227.0	842.0	16.0	2296.0	8.0	1074.0	2989.0	1574.0	54.0	62.0	0.0	0.0	11.0	0.0	0.0	0.0	0.0	8.0	0.0	6.0	0.0	0.0	25.0	0.0	22.0	0.0	5.0	0.0
ERR4837327	12458.0	406.0	2255.0	872.0	235.0	123.0	2600.0	2635.0	210.0	3567.0	52.0	1491.0	32.0	1711.0	3495.0	4139.0	228.0	39.0	16.0	0.0	0.0	0.0	0.0	0.0	0.0	0.0	15.0	0.0	0.0	0.0	0.0	0.0	92.0	3.0	0.0	0.0
ERR4837328	14827.0	106.0	1882.0	1527.0	485.0	251.0	1844.0	1660.0	471.0	1970.0	10.0	3279.0	14.0	1161.0	5573.0	2926.0	80.0	56.0	32.0	0.0	9.0	3.0	4.0	0.0	0.0	10.0	11.0	3.0	0.0	0.0	24.0	0.0	28.0	0.0	12.0	0.0
ERR4837329	14465.0	96.0	1481.0	532.0	540.0	299.0	1079.0	3018.0	325.0	4764.0	49.0	1654.0	11.0	1125.0	1940.0	4858.0	615.0	18.0	16.0	0.0	6.0	3.0	0.0	0.0	0.0	0.0	0.0	0.0	0.0	0.0	0.0	0.0	58.0	19.0	0.0	0.0
ERR4837330	8056.0	65.0	879.0	1275.0	176.0	53.0	771.0	824.0	210.0	1081.0	11.0	2840.0	0.0	578.0	1277.0	1543.0	45.0	47.0	11.0	0.0	14.0	0.0	0.0	0.0	0.0	3.0	13.0	0.0	0.0	0.0	15.0	0.0	41.0	0.0	5.0	0.0
ERR4837331	11226.0	308.0	1853.0	522.0	282.0	190.0	1976.0	3804.0	360.0	3333.0	104.0	1137.0	0.0	1591.0	1977.0	4895.0	173.0	16.0	29.0	0.0	0.0	2.0	3.0	0.0	0.0	0.0	27.0	0.0	0.0	0.0	0.0	0.0	73.0	9.0	0.0	0.0
ERR4837333	14387.0	194.0	1816.0	1413.0	305.0	58.0	2627.0	1446.0	405.0	1822.0	11.0	2927.0	7.0	2347.0	4970.0	3711.0	219.0	0.0	0.0	0.0	8.0	0.0	0.0	0.0	0.0	4.0	18.0	3.0	0.0	0.0	27.0	0.0	21.0	0.0	0.0	0.0
ERR4837334	15860.0	243.0	1962.0	1414.0	719.0	168.0	1252.0	2803.0	308.0	5822.0	57.0	1269.0	44.0	1141.0	4357.0	4248.0	239.0	73.0	4.0	0.0	0.0	7.0	31.0	0.0	0.0	8.0	12.0	0.0	0.0	0.0	0.0	0.0	80.0	4.0	0.0	0.0
ERR4837335	12933.0	224.0	1503.0	471.0	215.0	41.0	1188.0	2042.0	173.0	2488.0	55.0	1274.0	31.0	2345.0	2069.0	4235.0	180.0	5.0	24.0	0.0	0.0	5.0	0.0	0.0	0.0	0.0	3.0	0.0	0.0	0.0	0.0	0.0	53.0	0.0	0.0	0.0
ERR4837336	21173.0	461.0	2218.0	1706.0	380.0	97.0	2078.0	2089.0	482.0	2848.0	7.0	4575.0	0.0	1607.0	3100.0	3700.0	208.0	66.0	3.0	0.0	17.0	0.0	0.0	0.0	0.0	7.0	20.0	6.0	0.0	0.0	82.0	0.0	29.0	0.0	0.0	0.0
ERR4837337	15245.0	113.0	2665.0	1873.0	220.0	130.0	1779.0	1641.0	369.0	1268.0	18.0	4537.0	21.0	1523.0	2699.0	2826.0	119.0	144.0	8.0	0.0	23.0	5.0	0.0	0.0	0.0	6.0	24.0	0.0	0.0	0.0	75.0	0.0	21.0	0.0	0.0	0.0
ERR4837338	10323.0	129.0	971.0	1029.0	237.0	99.0	405.0	941.0	333.0	1125.0	5.0	1958.0	18.0	747.0	1344.0	1964.0	48.0	12.0	3.0	0.0	8.0	4.0	4.0	0.0	0.0	14.0	8.0	5.0	0.0	0.0	9.0	0.0	13.0	0.0	0.0	0.0
ERR4837339	18205.0	469.0	2634.0	940.0	545.0	359.0	2358.0	4820.0	1054.0	6216.0	68.0	2321.0	17.0	2941.0	2992.0	7348.0	364.0	14.0	36.0	0.0	11.0	16.0	9.0	3.0	0.0	0.0	11.0	0.0	0.0	0.0	0.0	0.0	136.0	13.0	0.0	0.0
ERR4837340	13080.0	310.0	1873.0	840.0	335.0	174.0	2240.0	3266.0	779.0	4471.0	104.0	1467.0	30.0	1518.0	2352.0	4691.0	327.0	0.0	0.0	0.0	12.0	0.0	0.0	0.0	0.0	0.0	0.0	0.0	0.0	0.0	0.0	0.0	57.0	10.0	0.0	0.0
ERR4837341	14398.0	242.0	2181.0	1864.0	392.0	65.0	3083.0	1762.0	408.0	3078.0	22.0	2704.0	13.0	1410.0	3184.0	3603.0	373.0	144.0	16.0	0.0	4.0	0.0	0.0	0.0	0.0	0.0	10.0	0.0	0.0	0.0	24.0	0.0	29.0	0.0	5.0	0.0
ERR4837342	20533.0	285.0	1871.0	1658.0	493.0	217.0	800.0	1766.0	633.0	2233.0	7.0	3531.0	11.0	1411.0	2166.0	3331.0	132.0	122.0	22.0	0.0	9.0	3.0	2.0	0.0	0.0	6.0	0.0	6.0	0.0	0.0	0.0	0.0	50.0	0.0	14.0	0.0
ERR4837343	13433.0	158.0	1310.0	1149.0	197.0	39.0	2324.0	1490.0	321.0	2135.0	13.0	2815.0	11.0	1741.0	2192.0	2501.0	243.0	20.0	0.0	0.0	0.0	2.0	0.0	0.0	0.0	0.0	9.0	10.0	0.0	0.0	0.0	0.0	114.0	0.0	6.0	0.0
ERR4837344	13428.0	76.0	2169.0	531.0	511.0	599.0	1712.0	3657.0	273.0	4554.0	68.0	1935.0	34.0	1529.0	2632.0	5384.0	229.0	2.0	17.0	2.0	2.0	0.0	0.0	0.0	0.0	0.0	13.0	0.0	0.0	0.0	4.0	0.0	37.0	9.0	0.0	0.0
ERR4837345	17336.0	109.0	1876.0	1909.0	401.0	180.0	2278.0	1819.0	384.0	3121.0	6.0	2838.0	14.0	1428.0	2846.0	3407.0	124.0	83.0	0.0	0.0	27.0	2.0	2.0	0.0	0.0	20.0	20.0	3.0	0.0	0.0	14.0	0.0	25.0	0.0	10.0	0.0
