#SampleID	d__Bacteria;p__Planctomycetota	d__Bacteria;p__Armatimonadota	d__Bacteria;p__Elusimicrobiota	d__Bacteria;p__Actinobacteriota	d__Bacteria;p__Myxococcota	d__Bacteria;p__Proteobacteria	d__Bacteria;p__Bacteroidota	d__Bacteria;p__Patescibacteria	d__Bacteria;p__Acidobacteriota	d__Bacteria;p__Chloroflexi	d__Bacteria;p__Zixibacteria	d__Bacteria;p__Latescibacterota	d__Bacteria;p__Dependentiae	d__Bacteria;p__Hydrogenedentes	d__Bacteria;p__Verrucomicrobiota	d__Bacteria;p__Bdellovibrionota	d__Bacteria;p__Firmicutes	d__Bacteria;p__Dadabacteria	d__Bacteria;p__GAL15	d__Bacteria;p__Spirochaetota	d__Bacteria;p__Gemmatimonadota	d__Bacteria;p__Desulfobacterota	d__Bacteria;p__Cyanobacteria	d__Bacteria;p__WPS-2	d__Bacteria;p__Abditibacteriota	d__Bacteria;p__NB1-j	d__Bacteria;p__Sumerlaeota	d__Bacteria;p__Methylomirabilota	d__Bacteria;p__Fibrobacterota	d__Bacteria;p__FCPU426	d__Bacteria;p__SAR324_clade(Marine_group_B)	d__Bacteria;p__Entotheonellaeota	d__Bacteria;p__WS2	d__Bacteria;p__Nitrospirota	d__Bacteria;p__MBNT15	d__Bacteria;p__RCP2-54	d__Bacteria;p__Deferrisomatota	d__Bacteria;p__Nitrospinota	d__Bacteria;p__Margulisbacteria	d__Bacteria;p__Fusobacteriota	d__Bacteria;p__Cloacimonadota	d__Bacteria;p__Deinococcota	d__Bacteria;p__WS4	d__Bacteria;p__PAUC34f	d__Bacteria;p__DTB120	d__Bacteria;p__Campylobacterota	d__Bacteria;p__FW113
SRR6439542	221.0	64.0	20.0	1176.0	457.0	6213.0	791.0	103.0	1725.0	638.0	0.0	124.0	0.0	0.0	635.0	22.0	15.0	0.0	0.0	26.0	382.0	18.0	91.0	0.0	0.0	21.0	16.0	164.0	0.0	0.0	0.0	6.0	8.0	0.0	0.0	0.0	0.0	0.0	0.0	0.0	0.0	0.0	0.0	0.0	0.0	0.0	0.0
SRR6439550	625.0	141.0	26.0	4978.0	1221.0	15975.0	2976.0	98.0	565.0	950.0	0.0	0.0	4.0	4.0	984.0	695.0	590.0	0.0	0.0	218.0	112.0	75.0	128.0	0.0	0.0	11.0	0.0	27.0	727.0	0.0	0.0	7.0	7.0	0.0	0.0	0.0	0.0	0.0	0.0	0.0	0.0	0.0	0.0	0.0	0.0	0.0	0.0
SRR6439551	181.0	123.0	4.0	1874.0	869.0	11773.0	4858.0	89.0	506.0	574.0	0.0	2.0	0.0	0.0	597.0	44.0	128.0	0.0	0.0	69.0	34.0	0.0	324.0	0.0	0.0	8.0	0.0	14.0	0.0	0.0	0.0	0.0	0.0	0.0	0.0	0.0	0.0	0.0	0.0	0.0	0.0	0.0	0.0	0.0	0.0	0.0	0.0
SRR6439552	110.0	45.0	9.0	1652.0	656.0	7072.0	2510.0	27.0	265.0	391.0	0.0	0.0	2.0	0.0	356.0	37.0	31.0	0.0	0.0	17.0	15.0	50.0	48.0	0.0	0.0	0.0	0.0	11.0	0.0	0.0	0.0	0.0	0.0	0.0	0.0	0.0	0.0	0.0	0.0	0.0	0.0	0.0	0.0	0.0	0.0	0.0	0.0
SRR6439553	66.0	69.0	9.0	391.0	451.0	20960.0	1537.0	51.0	119.0	139.0	0.0	4.0	5.0	0.0	348.0	42.0	506.0	0.0	0.0	87.0	35.0	7.0	36.0	0.0	0.0	0.0	0.0	9.0	3.0	0.0	3.0	0.0	0.0	0.0	0.0	0.0	0.0	0.0	0.0	0.0	0.0	0.0	0.0	0.0	0.0	0.0	0.0
SRR6439554	220.0	189.0	9.0	10917.0	1456.0	5081.0	2539.0	14.0	171.0	100.0	0.0	0.0	2.0	0.0	149.0	34.0	9.0	0.0	0.0	0.0	46.0	9.0	40.0	0.0	0.0	0.0	0.0	0.0	292.0	0.0	0.0	0.0	0.0	0.0	0.0	0.0	0.0	0.0	0.0	0.0	0.0	0.0	0.0	0.0	0.0	0.0	0.0
SRR6439555	232.0	18.0	9.0	2181.0	1034.0	5423.0	713.0	50.0	430.0	345.0	0.0	0.0	4.0	0.0	373.0	82.0	110.0	0.0	0.0	108.0	26.0	50.0	37.0	0.0	0.0	4.0	0.0	31.0	300.0	0.0	0.0	0.0	9.0	0.0	0.0	0.0	0.0	0.0	0.0	0.0	0.0	0.0	0.0	0.0	0.0	0.0	0.0
SRR6439556	209.0	53.0	25.0	6732.0	2311.0	10800.0	2248.0	93.0	261.0	380.0	0.0	0.0	0.0	0.0	318.0	30.0	89.0	0.0	0.0	238.0	27.0	0.0	153.0	0.0	0.0	0.0	0.0	0.0	1464.0	10.0	0.0	0.0	0.0	0.0	0.0	0.0	0.0	0.0	0.0	0.0	0.0	0.0	0.0	0.0	0.0	0.0	0.0
SRR6439558	56.0	35.0	0.0	393.0	227.0	14530.0	996.0	34.0	185.0	170.0	0.0	2.0	0.0	0.0	716.0	19.0	838.0	0.0	0.0	38.0	0.0	228.0	47.0	0.0	0.0	0.0	0.0	0.0	0.0	0.0	0.0	0.0	0.0	0.0	0.0	0.0	0.0	0.0	0.0	0.0	0.0	0.0	0.0	0.0	0.0	0.0	0.0
SRR6439570	128.0	59.0	0.0	10214.0	786.0	8387.0	3298.0	250.0	136.0	189.0	0.0	0.0	0.0	0.0	267.0	82.0	120.0	0.0	0.0	4.0	38.0	10.0	67.0	0.0	0.0	0.0	0.0	7.0	36.0	0.0	0.0	0.0	0.0	0.0	0.0	0.0	0.0	0.0	0.0	0.0	0.0	9.0	0.0	0.0	0.0	0.0	0.0
SRR6439571	191.0	61.0	0.0	9534.0	663.0	8616.0	1041.0	17.0	316.0	274.0	0.0	0.0	2.0	0.0	213.0	52.0	109.0	0.0	0.0	0.0	53.0	28.0	61.0	0.0	0.0	0.0	0.0	15.0	69.0	0.0	0.0	0.0	0.0	0.0	0.0	0.0	0.0	0.0	0.0	0.0	0.0	0.0	0.0	0.0	0.0	0.0	0.0
SRR6439573	312.0	58.0	4.0	3297.0	2222.0	7835.0	2411.0	36.0	155.0	416.0	0.0	0.0	2.0	0.0	1727.0	30.0	483.0	0.0	0.0	355.0	44.0	80.0	0.0	0.0	0.0	0.0	0.0	0.0	0.0	40.0	0.0	0.0	0.0	0.0	0.0	0.0	0.0	0.0	0.0	0.0	0.0	2.0	0.0	0.0	0.0	0.0	0.0
SRR6439575	263.0	103.0	10.0	10412.0	945.0	8481.0	5420.0	14.0	100.0	259.0	0.0	0.0	0.0	0.0	228.0	45.0	0.0	0.0	0.0	85.0	28.0	0.0	27.0	0.0	0.0	0.0	0.0	0.0	0.0	0.0	0.0	0.0	0.0	0.0	0.0	0.0	0.0	0.0	0.0	0.0	0.0	0.0	0.0	0.0	0.0	0.0	0.0
SRR6439582	18.0	27.0	0.0	474.0	109.0	37528.0	569.0	6.0	66.0	84.0	0.0	0.0	0.0	2.0	76.0	17.0	0.0	0.0	0.0	0.0	6.0	0.0	5.0	0.0	0.0	0.0	0.0	0.0	0.0	0.0	0.0	0.0	0.0	0.0	0.0	0.0	0.0	0.0	0.0	0.0	0.0	0.0	0.0	0.0	0.0	0.0	0.0
SRR6439583	94.0	30.0	0.0	1471.0	293.0	31857.0	1559.0	31.0	141.0	337.0	0.0	0.0	0.0	0.0	338.0	25.0	28.0	0.0	0.0	0.0	22.0	15.0	6.0	0.0	0.0	0.0	0.0	6.0	0.0	0.0	0.0	0.0	0.0	0.0	0.0	0.0	0.0	0.0	0.0	0.0	0.0	0.0	0.0	0.0	0.0	0.0	0.0
SRR6439594	252.0	45.0	0.0	2947.0	1057.0	6239.0	2750.0	16.0	329.0	628.0	0.0	3.0	2.0	0.0	614.0	33.0	397.0	0.0	0.0	166.0	19.0	0.0	369.0	0.0	0.0	0.0	0.0	0.0	3.0	0.0	0.0	0.0	3.0	3.0	0.0	0.0	0.0	0.0	0.0	0.0	0.0	0.0	0.0	0.0	0.0	0.0	0.0
SRR6439606	335.0	70.0	17.0	969.0	415.0	3906.0	527.0	43.0	2436.0	542.0	0.0	189.0	0.0	22.0	579.0	13.0	4.0	0.0	0.0	0.0	637.0	24.0	32.0	0.0	0.0	68.0	6.0	259.0	0.0	0.0	0.0	12.0	9.0	0.0	35.0	0.0	0.0	0.0	0.0	0.0	0.0	0.0	0.0	0.0	0.0	0.0	0.0
SRR6439610	25.0	15.0	0.0	10919.0	847.0	3237.0	951.0	0.0	36.0	142.0	0.0	0.0	0.0	0.0	163.0	12.0	122.0	0.0	0.0	14.0	6.0	42.0	17.0	0.0	0.0	0.0	0.0	0.0	0.0	0.0	0.0	0.0	0.0	0.0	0.0	0.0	0.0	0.0	0.0	0.0	0.0	0.0	0.0	0.0	0.0	0.0	0.0
SRR6439612	94.0	14.0	9.0	9651.0	1953.0	5109.0	1938.0	2.0	62.0	324.0	0.0	0.0	0.0	0.0	281.0	10.0	6.0	0.0	0.0	85.0	11.0	0.0	73.0	0.0	0.0	0.0	0.0	0.0	0.0	0.0	0.0	0.0	0.0	0.0	0.0	0.0	0.0	0.0	0.0	0.0	0.0	0.0	0.0	0.0	0.0	0.0	0.0
SRR6439613	360.0	30.0	0.0	1379.0	1499.0	5525.0	1434.0	102.0	281.0	709.0	0.0	0.0	0.0	2.0	450.0	94.0	0.0	0.0	0.0	99.0	33.0	0.0	0.0	0.0	0.0	0.0	0.0	0.0	0.0	10.0	0.0	0.0	0.0	0.0	0.0	0.0	0.0	0.0	0.0	0.0	0.0	0.0	0.0	0.0	0.0	0.0	0.0
SRR6439615	280.0	0.0	0.0	674.0	1109.0	7241.0	862.0	57.0	102.0	206.0	0.0	0.0	3.0	5.0	679.0	161.0	17.0	0.0	0.0	42.0	10.0	31.0	4.0	0.0	0.0	0.0	0.0	0.0	0.0	0.0	0.0	0.0	0.0	0.0	0.0	0.0	0.0	0.0	0.0	0.0	0.0	0.0	0.0	0.0	0.0	0.0	0.0
SRR6439622	232.0	32.0	3.0	9189.0	1043.0	6266.0	1821.0	80.0	190.0	319.0	0.0	6.0	0.0	0.0	239.0	26.0	125.0	0.0	0.0	18.0	23.0	0.0	39.0	0.0	0.0	0.0	0.0	15.0	6.0	0.0	0.0	0.0	0.0	0.0	0.0	0.0	0.0	0.0	0.0	0.0	0.0	0.0	0.0	0.0	0.0	0.0	0.0
SRR6439625	330.0	79.0	10.0	791.0	996.0	10432.0	1608.0	62.0	63.0	222.0	0.0	0.0	2.0	0.0	905.0	131.0	89.0	0.0	0.0	388.0	4.0	0.0	5.0	0.0	0.0	6.0	0.0	0.0	0.0	5.0	0.0	0.0	0.0	0.0	0.0	0.0	0.0	0.0	0.0	0.0	0.0	0.0	0.0	0.0	0.0	0.0	0.0
SRR6439627	150.0	60.0	0.0	1994.0	1150.0	6013.0	3628.0	49.0	179.0	515.0	0.0	0.0	0.0	0.0	617.0	41.0	688.0	0.0	0.0	152.0	31.0	0.0	5.0	0.0	0.0	2.0	0.0	0.0	0.0	0.0	0.0	0.0	0.0	0.0	0.0	0.0	0.0	0.0	0.0	0.0	0.0	0.0	0.0	0.0	0.0	0.0	0.0
SRR6439643	289.0	98.0	0.0	4788.0	1853.0	12949.0	3893.0	76.0	494.0	352.0	0.0	2.0	0.0	0.0	737.0	145.0	9.0	0.0	0.0	36.0	62.0	0.0	8.0	0.0	0.0	0.0	0.0	32.0	310.0	0.0	0.0	2.0	4.0	0.0	0.0	0.0	0.0	0.0	0.0	0.0	0.0	0.0	0.0	0.0	0.0	0.0	0.0
SRR6439649	78.0	27.0	2.0	2267.0	932.0	9680.0	2055.0	0.0	96.0	134.0	0.0	0.0	0.0	0.0	153.0	43.0	0.0	0.0	0.0	0.0	82.0	0.0	31.0	0.0	0.0	0.0	0.0	0.0	0.0	0.0	0.0	0.0	0.0	0.0	0.0	0.0	0.0	0.0	0.0	0.0	0.0	30.0	0.0	0.0	0.0	0.0	0.0
SRR6439651	260.0	67.0	26.0	770.0	440.0	4332.0	422.0	33.0	1687.0	552.0	0.0	94.0	2.0	11.0	740.0	28.0	30.0	0.0	0.0	23.0	428.0	80.0	39.0	0.0	0.0	57.0	0.0	193.0	0.0	0.0	0.0	3.0	14.0	34.0	42.0	0.0	0.0	0.0	0.0	0.0	0.0	0.0	0.0	0.0	0.0	0.0	0.0
SRR6439656	251.0	102.0	0.0	888.0	553.0	6349.0	724.0	50.0	1714.0	669.0	8.0	81.0	6.0	9.0	851.0	18.0	8.0	0.0	0.0	36.0	416.0	121.0	39.0	0.0	0.0	45.0	0.0	170.0	6.0	0.0	0.0	4.0	0.0	22.0	0.0	0.0	0.0	0.0	0.0	0.0	0.0	0.0	0.0	0.0	0.0	0.0	0.0
SRR6439670	249.0	83.0	13.0	513.0	307.0	5292.0	697.0	90.0	1413.0	418.0	0.0	77.0	0.0	0.0	564.0	39.0	24.0	0.0	0.0	10.0	279.0	92.0	36.0	0.0	0.0	39.0	0.0	91.0	16.0	0.0	0.0	17.0	5.0	15.0	27.0	0.0	0.0	0.0	0.0	0.0	0.0	0.0	0.0	0.0	0.0	0.0	0.0
SRR6439674	906.0	530.0	60.0	1755.0	1912.0	25190.0	6968.0	390.0	411.0	1003.0	0.0	0.0	0.0	0.0	3764.0	142.0	814.0	0.0	0.0	642.0	128.0	3.0	9.0	8.0	0.0	66.0	0.0	8.0	5.0	18.0	6.0	0.0	0.0	0.0	0.0	0.0	0.0	0.0	0.0	0.0	0.0	0.0	0.0	0.0	0.0	0.0	0.0
SRR6439675	117.0	93.0	0.0	918.0	764.0	6809.0	1726.0	71.0	228.0	592.0	0.0	0.0	2.0	0.0	1139.0	21.0	222.0	0.0	0.0	135.0	14.0	0.0	9.0	0.0	0.0	17.0	0.0	0.0	3.0	0.0	0.0	0.0	0.0	0.0	0.0	0.0	0.0	0.0	0.0	0.0	0.0	0.0	0.0	0.0	0.0	0.0	0.0
SRR6439676	84.0	73.0	3.0	1669.0	606.0	7261.0	2422.0	132.0	52.0	206.0	0.0	0.0	0.0	0.0	501.0	36.0	206.0	0.0	0.0	176.0	2.0	0.0	31.0	0.0	0.0	4.0	0.0	0.0	0.0	0.0	2.0	0.0	0.0	0.0	0.0	0.0	0.0	0.0	0.0	0.0	0.0	0.0	0.0	0.0	0.0	0.0	0.0
SRR6439677	122.0	62.0	0.0	1206.0	722.0	6302.0	1990.0	120.0	157.0	382.0	0.0	0.0	0.0	0.0	975.0	57.0	165.0	0.0	0.0	620.0	17.0	28.0	0.0	0.0	0.0	0.0	0.0	0.0	0.0	0.0	0.0	0.0	0.0	0.0	0.0	0.0	0.0	0.0	0.0	0.0	0.0	0.0	0.0	0.0	0.0	0.0	0.0
SRR6439680	153.0	39.0	15.0	896.0	182.0	16592.0	1078.0	59.0	149.0	169.0	0.0	0.0	2.0	0.0	676.0	38.0	85.0	0.0	0.0	0.0	12.0	0.0	0.0	0.0	0.0	0.0	0.0	10.0	0.0	0.0	0.0	0.0	0.0	0.0	0.0	0.0	0.0	0.0	0.0	0.0	0.0	0.0	0.0	0.0	0.0	0.0	0.0
SRR6439681	27.0	32.0	4.0	711.0	132.0	34060.0	862.0	10.0	60.0	195.0	0.0	0.0	2.0	0.0	225.0	5.0	71.0	0.0	0.0	0.0	0.0	0.0	0.0	0.0	0.0	0.0	0.0	0.0	0.0	0.0	0.0	0.0	0.0	0.0	0.0	0.0	0.0	0.0	0.0	0.0	0.0	0.0	0.0	0.0	0.0	0.0	0.0
SRR6439683	502.0	48.0	41.0	1895.0	1406.0	5577.0	1179.0	40.0	178.0	438.0	0.0	0.0	3.0	0.0	526.0	58.0	0.0	0.0	0.0	52.0	10.0	0.0	43.0	0.0	0.0	0.0	0.0	0.0	0.0	21.0	0.0	0.0	2.0	0.0	0.0	0.0	0.0	0.0	0.0	0.0	0.0	0.0	0.0	0.0	0.0	0.0	0.0
SRR6439685	76.0	11.0	29.0	3387.0	1026.0	3477.0	2278.0	14.0	63.0	190.0	0.0	0.0	0.0	0.0	218.0	34.0	9.0	0.0	0.0	29.0	17.0	10.0	0.0	0.0	0.0	0.0	0.0	0.0	0.0	0.0	0.0	0.0	0.0	0.0	0.0	0.0	0.0	0.0	0.0	0.0	0.0	0.0	0.0	0.0	0.0	0.0	0.0
SRR6439686	210.0	372.0	8.0	2135.0	852.0	19956.0	2657.0	52.0	589.0	441.0	0.0	0.0	6.0	0.0	861.0	64.0	76.0	0.0	0.0	30.0	168.0	0.0	306.0	0.0	6.0	9.0	0.0	26.0	5.0	0.0	0.0	0.0	0.0	0.0	0.0	0.0	0.0	0.0	0.0	0.0	0.0	0.0	0.0	0.0	0.0	0.0	0.0
SRR6439698	164.0	163.0	8.0	701.0	769.0	5658.0	974.0	63.0	711.0	352.0	0.0	11.0	12.0	5.0	549.0	8.0	0.0	0.0	0.0	10.0	298.0	41.0	46.0	0.0	0.0	6.0	0.0	45.0	0.0	0.0	0.0	0.0	0.0	0.0	0.0	0.0	0.0	0.0	0.0	0.0	0.0	0.0	0.0	0.0	0.0	0.0	0.0
SRR6439708	250.0	38.0	0.0	346.0	835.0	6230.0	1066.0	41.0	108.0	200.0	0.0	0.0	0.0	0.0	1661.0	26.0	115.0	0.0	0.0	382.0	26.0	5.0	13.0	0.0	0.0	0.0	0.0	0.0	5.0	11.0	0.0	0.0	0.0	0.0	0.0	0.0	0.0	0.0	0.0	0.0	0.0	0.0	0.0	0.0	0.0	0.0	0.0
SRR6439709	215.0	0.0	13.0	2451.0	717.0	6038.0	1394.0	170.0	73.0	136.0	0.0	0.0	0.0	0.0	993.0	86.0	432.0	0.0	0.0	298.0	0.0	60.0	90.0	0.0	0.0	0.0	0.0	0.0	0.0	17.0	3.0	0.0	0.0	0.0	0.0	0.0	0.0	0.0	0.0	0.0	0.0	0.0	0.0	0.0	0.0	0.0	0.0
SRR6439710	266.0	53.0	7.0	16714.0	1250.0	6513.0	4521.0	235.0	217.0	477.0	0.0	0.0	0.0	0.0	654.0	63.0	740.0	0.0	0.0	174.0	30.0	0.0	64.0	0.0	0.0	0.0	0.0	0.0	0.0	0.0	0.0	0.0	0.0	0.0	0.0	0.0	0.0	0.0	0.0	0.0	0.0	0.0	0.0	0.0	0.0	0.0	0.0
SRR6439715	153.0	128.0	16.0	679.0	231.0	4908.0	795.0	62.0	1556.0	436.0	4.0	142.0	0.0	0.0	466.0	24.0	0.0	0.0	0.0	0.0	380.0	20.0	97.0	0.0	0.0	27.0	0.0	125.0	23.0	0.0	4.0	0.0	9.0	18.0	0.0	0.0	0.0	0.0	0.0	0.0	0.0	0.0	0.0	0.0	0.0	0.0	0.0
SRR6439717	416.0	58.0	30.0	427.0	604.0	4492.0	543.0	28.0	2568.0	1021.0	0.0	175.0	15.0	13.0	694.0	35.0	14.0	0.0	0.0	12.0	288.0	639.0	31.0	0.0	0.0	117.0	0.0	288.0	78.0	6.0	0.0	12.0	0.0	57.0	73.0	0.0	0.0	0.0	0.0	0.0	0.0	0.0	0.0	0.0	0.0	0.0	0.0
SRR6439718	141.0	8.0	0.0	120.0	831.0	34353.0	1126.0	203.0	117.0	95.0	0.0	0.0	0.0	0.0	498.0	6.0	32.0	0.0	0.0	235.0	7.0	47.0	22.0	0.0	0.0	0.0	0.0	0.0	0.0	0.0	0.0	0.0	0.0	0.0	0.0	0.0	0.0	0.0	0.0	0.0	0.0	0.0	0.0	0.0	0.0	0.0	0.0
SRR6439720	110.0	7.0	0.0	657.0	202.0	20509.0	1731.0	40.0	17.0	147.0	0.0	0.0	0.0	0.0	127.0	9.0	182.0	0.0	0.0	37.0	5.0	0.0	6.0	3.0	0.0	0.0	0.0	0.0	0.0	0.0	0.0	0.0	0.0	0.0	0.0	0.0	0.0	0.0	0.0	0.0	0.0	0.0	0.0	0.0	0.0	0.0	0.0
SRR6439721	106.0	31.0	0.0	3950.0	1234.0	9099.0	5298.0	6.0	159.0	585.0	0.0	0.0	0.0	0.0	202.0	6.0	671.0	0.0	0.0	25.0	7.0	0.0	4.0	0.0	0.0	0.0	0.0	3.0	0.0	0.0	0.0	0.0	0.0	0.0	0.0	0.0	0.0	0.0	0.0	0.0	0.0	0.0	0.0	0.0	0.0	0.0	0.0
SRR6440285	2438.0	353.0	131.0	3931.0	3273.0	25725.0	3796.0	308.0	6233.0	3055.0	0.0	190.0	29.0	32.0	3391.0	186.0	125.0	0.0	0.0	114.0	738.0	209.0	405.0	48.0	87.0	169.0	8.0	404.0	61.0	97.0	13.0	27.0	39.0	82.0	67.0	0.0	0.0	0.0	0.0	0.0	0.0	0.0	0.0	0.0	0.0	0.0	0.0
SRR6440286	1698.0	772.0	44.0	6413.0	3830.0	70166.0	13900.0	380.0	7309.0	3450.0	4.0	317.0	5.0	9.0	4085.0	237.0	105.0	6.0	16.0	45.0	1744.0	136.0	1018.0	15.0	5.0	174.0	0.0	426.0	20.0	0.0	5.0	25.0	19.0	96.0	41.0	0.0	0.0	0.0	0.0	0.0	0.0	0.0	0.0	0.0	0.0	0.0	0.0
SRR6440287	594.0	120.0	37.0	1721.0	636.0	6826.0	810.0	150.0	3177.0	1247.0	8.0	117.0	26.0	16.0	1022.0	43.0	14.0	0.0	0.0	56.0	490.0	708.0	41.0	0.0	0.0	66.0	0.0	268.0	0.0	9.0	7.0	15.0	20.0	39.0	61.0	0.0	0.0	0.0	0.0	0.0	0.0	0.0	0.0	0.0	0.0	0.0	0.0
SRR6440288	2588.0	481.0	133.0	3980.0	3718.0	33029.0	5491.0	307.0	9448.0	3843.0	0.0	503.0	32.0	34.0	4702.0	335.0	95.0	0.0	10.0	229.0	1802.0	3262.0	349.0	25.0	6.0	344.0	5.0	833.0	52.0	92.0	8.0	62.0	24.0	167.0	74.0	0.0	0.0	0.0	0.0	0.0	0.0	0.0	0.0	0.0	0.0	0.0	0.0
SRR6440293	1270.0	469.0	37.0	5573.0	1368.0	91084.0	4909.0	408.0	7460.0	2570.0	31.0	652.0	60.0	4.0	3135.0	204.0	217.0	20.0	18.0	14.0	2255.0	330.0	151.0	0.0	6.0	265.0	0.0	698.0	13.0	0.0	0.0	24.0	12.0	138.0	94.0	0.0	0.0	0.0	0.0	0.0	0.0	0.0	0.0	0.0	0.0	0.0	0.0
SRR6440294	546.0	382.0	0.0	2371.0	710.0	20841.0	4003.0	70.0	1451.0	781.0	0.0	32.0	4.0	0.0	1057.0	46.0	166.0	0.0	0.0	0.0	594.0	10.0	39.0	0.0	6.0	33.0	0.0	138.0	0.0	0.0	0.0	0.0	0.0	27.0	0.0	0.0	0.0	0.0	0.0	0.0	0.0	0.0	0.0	0.0	0.0	0.0	0.0
SRR6440295	444.0	183.0	4.0	1923.0	263.0	13452.0	2308.0	104.0	1400.0	549.0	0.0	40.0	7.0	11.0	964.0	78.0	91.0	0.0	0.0	13.0	370.0	10.0	162.0	5.0	30.0	0.0	0.0	56.0	40.0	0.0	0.0	0.0	24.0	0.0	0.0	0.0	0.0	0.0	0.0	0.0	0.0	0.0	0.0	0.0	0.0	0.0	0.0
SRR6440296	2542.0	413.0	62.0	4008.0	2505.0	20755.0	2418.0	401.0	10121.0	3538.0	11.0	596.0	60.0	36.0	3833.0	153.0	161.0	0.0	17.0	24.0	1619.0	967.0	522.0	11.0	0.0	365.0	14.0	1249.0	26.0	43.0	14.0	99.0	52.0	223.0	167.0	0.0	0.0	0.0	0.0	0.0	0.0	0.0	0.0	0.0	0.0	0.0	0.0
SRR6440298	755.0	135.0	3.0	3277.0	626.0	11984.0	1224.0	185.0	2311.0	1184.0	0.0	101.0	5.0	2.0	830.0	54.0	19.0	0.0	4.0	4.0	671.0	29.0	107.0	8.0	0.0	103.0	0.0	194.0	32.0	0.0	0.0	13.0	26.0	38.0	42.0	0.0	0.0	0.0	0.0	0.0	0.0	0.0	0.0	0.0	0.0	0.0	0.0
SRR6440299	1648.0	414.0	28.0	5824.0	1455.0	19469.0	2711.0	233.0	9750.0	4827.0	31.0	916.0	3.0	28.0	2520.0	191.0	157.0	12.0	15.0	16.0	3364.0	904.0	103.0	0.0	0.0	343.0	33.0	1214.0	30.0	11.0	0.0	34.0	0.0	187.0	143.0	5.0	35.0	19.0	0.0	0.0	0.0	0.0	0.0	0.0	0.0	0.0	0.0
SRR6440300	1015.0	165.0	65.0	1853.0	1118.0	9505.0	1418.0	198.0	4220.0	1480.0	0.0	193.0	29.0	15.0	1261.0	85.0	0.0	5.0	0.0	46.0	569.0	67.0	183.0	6.0	7.0	94.0	3.0	502.0	14.0	24.0	0.0	28.0	6.0	0.0	36.0	0.0	0.0	0.0	0.0	0.0	0.0	0.0	0.0	0.0	0.0	0.0	0.0
SRR6440301	1948.0	614.0	70.0	3119.0	2104.0	33836.0	2777.0	234.0	8007.0	3775.0	25.0	619.0	49.0	44.0	3993.0	190.0	89.0	6.0	13.0	48.0	1235.0	1570.0	530.0	36.0	3.0	374.0	6.0	821.0	26.0	20.0	0.0	61.0	27.0	122.0	100.0	0.0	7.0	0.0	0.0	0.0	0.0	0.0	0.0	3.0	0.0	0.0	0.0
SRR6440302	598.0	116.0	18.0	1771.0	955.0	6368.0	911.0	212.0	1922.0	1290.0	0.0	80.0	2.0	4.0	640.0	71.0	39.0	0.0	0.0	32.0	541.0	4.0	121.0	0.0	14.0	31.0	0.0	188.0	16.0	4.0	3.0	12.0	21.0	24.0	0.0	0.0	0.0	0.0	0.0	0.0	0.0	0.0	0.0	0.0	0.0	0.0	0.0
SRR6440304	1059.0	149.0	35.0	2787.0	1205.0	14639.0	1333.0	242.0	4148.0	1999.0	6.0	237.0	14.0	11.0	1631.0	79.0	87.0	0.0	0.0	50.0	658.0	1059.0	215.0	10.0	25.0	162.0	0.0	415.0	27.0	3.0	0.0	24.0	0.0	57.0	70.0	0.0	0.0	0.0	0.0	0.0	0.0	0.0	0.0	0.0	0.0	0.0	0.0
SRR6440305	1642.0	410.0	25.0	6533.0	1429.0	28008.0	4198.0	434.0	4486.0	2199.0	0.0	187.0	22.0	12.0	2604.0	208.0	268.0	0.0	12.0	37.0	803.0	169.0	566.0	14.0	39.0	134.0	3.0	439.0	174.0	0.0	5.0	32.0	23.0	30.0	73.0	0.0	0.0	0.0	0.0	0.0	0.0	0.0	0.0	0.0	0.0	2.0	0.0
SRR6440306	1664.0	331.0	4.0	2098.0	3642.0	52346.0	5406.0	151.0	2981.0	1249.0	0.0	199.0	22.0	5.0	2306.0	382.0	49.0	0.0	0.0	57.0	746.0	73.0	201.0	0.0	16.0	84.0	3.0	151.0	28.0	0.0	0.0	7.0	0.0	21.0	46.0	0.0	0.0	0.0	0.0	0.0	0.0	0.0	0.0	0.0	0.0	0.0	0.0
SRR6440307	1206.0	170.0	35.0	3247.0	1070.0	9794.0	850.0	67.0	5575.0	1898.0	4.0	194.0	3.0	25.0	1407.0	48.0	51.0	6.0	0.0	22.0	735.0	384.0	152.0	0.0	0.0	218.0	0.0	497.0	0.0	31.0	0.0	44.0	31.0	50.0	88.0	0.0	0.0	0.0	0.0	0.0	0.0	0.0	0.0	0.0	0.0	0.0	0.0
SRR6440309	467.0	95.0	99.0	3227.0	7330.0	24572.0	5514.0	41.0	187.0	1109.0	0.0	0.0	0.0	0.0	628.0	128.0	11.0	0.0	0.0	1419.0	22.0	54.0	75.0	0.0	0.0	42.0	0.0	0.0	3478.0	11.0	0.0	0.0	0.0	0.0	0.0	0.0	0.0	0.0	2.0	0.0	0.0	0.0	0.0	0.0	0.0	0.0	0.0
SRR6440313	63.0	8.0	0.0	8566.0	529.0	2671.0	2052.0	83.0	98.0	228.0	0.0	6.0	5.0	0.0	161.0	5.0	217.0	0.0	0.0	16.0	3.0	0.0	8.0	0.0	0.0	0.0	0.0	5.0	0.0	0.0	0.0	0.0	0.0	0.0	0.0	0.0	0.0	0.0	0.0	0.0	0.0	6.0	0.0	0.0	0.0	0.0	0.0
SRR6440314	217.0	90.0	39.0	2660.0	1560.0	7059.0	2000.0	172.0	180.0	274.0	0.0	0.0	3.0	2.0	872.0	29.0	695.0	0.0	0.0	162.0	4.0	0.0	25.0	0.0	0.0	26.0	0.0	0.0	8.0	5.0	0.0	0.0	0.0	0.0	0.0	0.0	0.0	0.0	0.0	0.0	0.0	0.0	0.0	0.0	0.0	0.0	0.0
SRR6440315	311.0	61.0	19.0	2811.0	1988.0	9090.0	1773.0	453.0	350.0	379.0	0.0	0.0	3.0	0.0	1043.0	32.0	4336.0	0.0	0.0	349.0	8.0	6.0	90.0	0.0	0.0	0.0	0.0	4.0	0.0	22.0	0.0	0.0	0.0	0.0	0.0	0.0	0.0	0.0	0.0	0.0	0.0	0.0	0.0	0.0	0.0	0.0	0.0
SRR6440317	230.0	68.0	45.0	3257.0	1560.0	7095.0	2100.0	621.0	306.0	459.0	0.0	0.0	2.0	0.0	740.0	43.0	6008.0	0.0	0.0	408.0	3.0	8.0	249.0	4.0	0.0	0.0	0.0	0.0	5.0	17.0	0.0	0.0	0.0	0.0	0.0	0.0	0.0	0.0	0.0	0.0	0.0	0.0	0.0	0.0	0.0	0.0	0.0
SRR6440318	1089.0	144.0	7.0	6017.0	4099.0	30522.0	4601.0	1919.0	692.0	1374.0	0.0	0.0	7.0	0.0	4084.0	112.0	8281.0	0.0	0.0	912.0	26.0	43.0	518.0	0.0	0.0	28.0	0.0	0.0	0.0	7.0	0.0	0.0	0.0	0.0	0.0	0.0	0.0	0.0	0.0	3.0	0.0	0.0	0.0	0.0	0.0	0.0	0.0
SRR6440319	1317.0	224.0	93.0	2414.0	1263.0	9140.0	1685.0	87.0	5767.0	1883.0	0.0	404.0	71.0	32.0	1403.0	79.0	43.0	7.0	0.0	49.0	1041.0	419.0	100.0	0.0	0.0	276.0	4.0	838.0	6.0	33.0	4.0	62.0	0.0	127.0	93.0	0.0	0.0	0.0	0.0	0.0	0.0	0.0	0.0	0.0	0.0	0.0	0.0
SRR6440320	862.0	291.0	51.0	1718.0	800.0	19973.0	3441.0	427.0	2412.0	1176.0	0.0	135.0	6.0	6.0	1350.0	172.0	44.0	3.0	0.0	42.0	602.0	193.0	214.0	8.0	0.0	56.0	8.0	140.0	13.0	0.0	0.0	14.0	0.0	15.0	37.0	0.0	0.0	0.0	3.0	0.0	0.0	0.0	0.0	0.0	0.0	0.0	0.0
SRR6440321	880.0	295.0	27.0	10066.0	889.0	62383.0	5681.0	198.0	3753.0	1434.0	10.0	212.0	17.0	0.0	1875.0	154.0	234.0	0.0	0.0	11.0	1369.0	99.0	286.0	0.0	0.0	96.0	0.0	406.0	0.0	0.0	0.0	0.0	9.0	43.0	26.0	0.0	0.0	0.0	0.0	0.0	0.0	0.0	0.0	0.0	0.0	0.0	0.0
SRR6440322	3544.0	470.0	132.0	4966.0	3695.0	29533.0	4606.0	373.0	12685.0	4208.0	23.0	623.0	58.0	71.0	4410.0	385.0	146.0	6.0	21.0	228.0	2492.0	2383.0	164.0	37.0	5.0	588.0	0.0	1204.0	98.0	98.0	27.0	124.0	23.0	253.0	198.0	11.0	8.0	8.0	0.0	0.0	0.0	0.0	0.0	8.0	0.0	0.0	0.0
SRR6440323	1677.0	391.0	61.0	3247.0	2151.0	24519.0	2599.0	185.0	7661.0	2774.0	7.0	417.0	34.0	32.0	2556.0	233.0	64.0	0.0	12.0	29.0	1249.0	1258.0	271.0	51.0	7.0	302.0	0.0	966.0	22.0	39.0	3.0	69.0	34.0	143.0	89.0	0.0	0.0	0.0	0.0	0.0	0.0	0.0	0.0	0.0	0.0	0.0	0.0
SRR6440324	3110.0	351.0	143.0	4152.0	2635.0	24228.0	2934.0	223.0	11387.0	3595.0	16.0	776.0	60.0	89.0	3539.0	154.0	50.0	0.0	17.0	61.0	1688.0	1902.0	378.0	46.0	0.0	535.0	16.0	1573.0	33.0	35.0	0.0	135.0	66.0	230.0	146.0	0.0	0.0	0.0	0.0	0.0	0.0	0.0	0.0	0.0	0.0	0.0	0.0
SRR6440325	2305.0	326.0	17.0	7456.0	1638.0	12592.0	2407.0	270.0	7119.0	4169.0	27.0	1114.0	54.0	25.0	1453.0	210.0	36.0	0.0	9.0	10.0	2142.0	323.0	49.0	0.0	0.0	333.0	0.0	787.0	19.0	5.0	9.0	58.0	35.0	57.0	79.0	0.0	0.0	0.0	0.0	0.0	0.0	0.0	0.0	0.0	0.0	0.0	0.0
SRR6440326	2165.0	188.0	43.0	4098.0	1918.0	15934.0	3060.0	203.0	8745.0	2650.0	32.0	798.0	4.0	26.0	1918.0	149.0	1058.0	9.0	7.0	8.0	2513.0	1070.0	97.0	0.0	0.0	477.0	28.0	709.0	100.0	0.0	0.0	58.0	0.0	66.0	102.0	0.0	37.0	0.0	3.0	0.0	0.0	0.0	0.0	0.0	0.0	0.0	0.0
SRR6440327	2169.0	447.0	27.0	12839.0	1499.0	18789.0	2655.0	448.0	6246.0	4345.0	10.0	459.0	0.0	2.0	1748.0	265.0	406.0	3.0	0.0	15.0	5326.0	411.0	332.0	0.0	21.0	171.0	31.0	754.0	11.0	0.0	0.0	24.0	0.0	106.0	22.0	0.0	0.0	0.0	0.0	0.0	4.0	0.0	0.0	0.0	0.0	3.0	0.0
SRR6440328	6052.0	793.0	77.0	15867.0	3623.0	34698.0	5579.0	527.0	10746.0	7583.0	23.0	3224.0	24.0	44.0	2785.0	270.0	74.0	11.0	0.0	11.0	6484.0	71.0	518.0	0.0	34.0	1241.0	31.0	1151.0	35.0	0.0	11.0	172.0	33.0	81.0	169.0	0.0	0.0	0.0	0.0	0.0	0.0	19.0	0.0	0.0	0.0	0.0	0.0
SRR6440329	621.0	199.0	13.0	64600.0	3559.0	25024.0	4984.0	66.0	1024.0	888.0	0.0	0.0	9.0	0.0	1257.0	118.0	125.0	0.0	0.0	2.0	591.0	8.0	93.0	0.0	0.0	15.0	0.0	22.0	967.0	0.0	0.0	0.0	0.0	0.0	0.0	0.0	0.0	0.0	0.0	0.0	0.0	0.0	0.0	0.0	0.0	0.0	0.0
SRR6440330	81.0	23.0	0.0	4424.0	322.0	7147.0	1040.0	51.0	98.0	64.0	0.0	0.0	0.0	0.0	103.0	20.0	29.0	0.0	0.0	10.0	4.0	0.0	9.0	0.0	0.0	0.0	0.0	0.0	0.0	0.0	0.0	0.0	0.0	0.0	0.0	0.0	0.0	0.0	0.0	0.0	0.0	0.0	0.0	0.0	0.0	0.0	0.0
SRR6440332	315.0	82.0	2.0	4699.0	872.0	12938.0	3011.0	80.0	231.0	634.0	0.0	0.0	5.0	0.0	996.0	131.0	20.0	0.0	0.0	79.0	27.0	0.0	120.0	0.0	0.0	4.0	0.0	7.0	0.0	0.0	0.0	0.0	0.0	0.0	0.0	0.0	0.0	0.0	0.0	0.0	0.0	0.0	0.0	0.0	0.0	0.0	0.0
SRR6440333	61.0	34.0	0.0	6293.0	547.0	4297.0	1420.0	40.0	119.0	335.0	0.0	0.0	0.0	0.0	198.0	20.0	514.0	0.0	0.0	5.0	9.0	0.0	18.0	0.0	0.0	14.0	0.0	0.0	0.0	0.0	0.0	0.0	0.0	0.0	0.0	0.0	0.0	0.0	0.0	0.0	0.0	0.0	0.0	0.0	0.0	0.0	0.0
SRR6440334	295.0	323.0	0.0	55765.0	817.0	34680.0	3925.0	36.0	252.0	791.0	0.0	0.0	3.0	0.0	352.0	115.0	878.0	0.0	0.0	0.0	78.0	4.0	27.0	0.0	69.0	0.0	0.0	0.0	2.0	0.0	0.0	0.0	0.0	0.0	0.0	0.0	0.0	0.0	0.0	0.0	0.0	12.0	0.0	0.0	0.0	0.0	0.0
SRR6440335	930.0	85.0	9.0	5209.0	2716.0	24357.0	4210.0	317.0	174.0	397.0	0.0	0.0	8.0	3.0	2574.0	292.0	2906.0	0.0	0.0	1811.0	51.0	15.0	60.0	0.0	0.0	0.0	0.0	0.0	0.0	21.0	0.0	0.0	0.0	0.0	0.0	0.0	0.0	0.0	0.0	0.0	0.0	0.0	0.0	0.0	0.0	0.0	0.0
SRR6440336	904.0	79.0	39.0	7050.0	815.0	11854.0	2208.0	981.0	725.0	378.0	0.0	3.0	12.0	0.0	1424.0	20.0	6620.0	0.0	0.0	147.0	19.0	131.0	403.0	0.0	5.0	7.0	0.0	28.0	5.0	19.0	0.0	0.0	3.0	10.0	0.0	0.0	0.0	0.0	0.0	0.0	0.0	0.0	0.0	0.0	0.0	0.0	0.0
SRR6440337	930.0	196.0	8.0	7001.0	1848.0	23776.0	5713.0	1081.0	789.0	1174.0	0.0	14.0	20.0	0.0	2706.0	391.0	13492.0	0.0	0.0	190.0	43.0	12.0	890.0	0.0	0.0	44.0	0.0	18.0	0.0	31.0	0.0	0.0	2.0	0.0	0.0	0.0	0.0	0.0	0.0	0.0	0.0	24.0	0.0	0.0	0.0	0.0	0.0
SRR6440339	168.0	23.0	27.0	1777.0	445.0	9397.0	764.0	29.0	8.0	151.0	0.0	0.0	0.0	0.0	724.0	3.0	39446.0	0.0	0.0	971.0	0.0	715.0	697.0	0.0	0.0	0.0	0.0	6.0	0.0	6.0	0.0	0.0	0.0	0.0	0.0	0.0	0.0	0.0	0.0	0.0	0.0	0.0	0.0	0.0	0.0	0.0	0.0
SRR6440340	674.0	90.0	18.0	25673.0	1375.0	22518.0	3995.0	43.0	333.0	547.0	0.0	0.0	0.0	5.0	1002.0	176.0	134.0	0.0	0.0	31.0	324.0	0.0	136.0	0.0	6.0	9.0	0.0	0.0	112.0	0.0	0.0	0.0	6.0	0.0	0.0	0.0	0.0	0.0	0.0	0.0	0.0	0.0	0.0	0.0	0.0	0.0	0.0
SRR6440341	155.0	78.0	6.0	26333.0	1413.0	6308.0	2915.0	3.0	185.0	366.0	0.0	0.0	0.0	0.0	180.0	19.0	27.0	0.0	0.0	10.0	39.0	0.0	6.0	0.0	0.0	10.0	0.0	6.0	68.0	0.0	0.0	0.0	0.0	0.0	0.0	0.0	0.0	0.0	0.0	0.0	0.0	0.0	0.0	0.0	0.0	0.0	0.0
SRR6440342	397.0	51.0	10.0	199.0	1123.0	7539.0	1670.0	67.0	127.0	366.0	0.0	0.0	7.0	0.0	1076.0	27.0	76.0	0.0	0.0	60.0	17.0	26.0	285.0	4.0	0.0	0.0	0.0	0.0	0.0	13.0	0.0	0.0	7.0	0.0	0.0	0.0	0.0	0.0	0.0	0.0	0.0	0.0	0.0	0.0	0.0	0.0	0.0
SRR6440344	1288.0	162.0	35.0	47244.0	4113.0	31168.0	13929.0	780.0	660.0	1472.0	0.0	0.0	7.0	8.0	880.0	291.0	229.0	0.0	0.0	1051.0	116.0	0.0	96.0	0.0	7.0	24.0	0.0	46.0	180.0	0.0	0.0	0.0	3.0	0.0	0.0	0.0	0.0	0.0	0.0	0.0	0.0	0.0	0.0	0.0	0.0	0.0	0.0
SRR6440345	1248.0	76.0	37.0	5776.0	3335.0	17005.0	3447.0	561.0	618.0	936.0	0.0	0.0	5.0	0.0	896.0	604.0	712.0	0.0	0.0	242.0	82.0	176.0	338.0	0.0	0.0	12.0	0.0	13.0	2824.0	30.0	3.0	2.0	0.0	7.0	0.0	0.0	0.0	0.0	0.0	0.0	0.0	16.0	0.0	0.0	0.0	0.0	0.0
SRR6440347	47.0	26.0	0.0	10444.0	1490.0	5224.0	1718.0	44.0	121.0	199.0	0.0	0.0	0.0	0.0	106.0	15.0	11.0	0.0	0.0	10.0	15.0	0.0	29.0	0.0	0.0	7.0	0.0	0.0	15.0	0.0	0.0	0.0	0.0	0.0	0.0	0.0	0.0	0.0	0.0	0.0	0.0	0.0	0.0	0.0	0.0	0.0	0.0
SRR6440348	437.0	121.0	12.0	76289.0	5181.0	27865.0	16065.0	359.0	777.0	1337.0	0.0	0.0	0.0	0.0	553.0	174.0	290.0	0.0	0.0	51.0	94.0	14.0	125.0	0.0	0.0	23.0	0.0	23.0	470.0	0.0	0.0	0.0	0.0	4.0	0.0	0.0	0.0	0.0	0.0	0.0	0.0	0.0	0.0	0.0	0.0	0.0	0.0
SRR6440351	4015.0	693.0	139.0	7438.0	4491.0	37816.0	5960.0	428.0	17812.0	6998.0	45.0	1011.0	60.0	105.0	4656.0	248.0	651.0	0.0	22.0	143.0	3968.0	2370.0	1687.0	32.0	11.0	820.0	26.0	1762.0	63.0	41.0	39.0	118.0	64.0	422.0	233.0	0.0	18.0	0.0	0.0	0.0	0.0	0.0	0.0	0.0	0.0	0.0	0.0
SRR6440352	387.0	152.0	7.0	2458.0	291.0	19931.0	690.0	41.0	1997.0	842.0	0.0	77.0	6.0	4.0	857.0	25.0	36.0	0.0	0.0	0.0	458.0	108.0	82.0	0.0	5.0	62.0	0.0	158.0	2.0	0.0	0.0	9.0	0.0	0.0	8.0	0.0	0.0	0.0	0.0	0.0	0.0	0.0	0.0	0.0	0.0	0.0	0.0
SRR6440353	2769.0	879.0	56.0	3932.0	8679.0	32670.0	9735.0	710.0	4538.0	4013.0	10.0	172.0	7.0	5.0	3594.0	435.0	124.0	0.0	0.0	159.0	1016.0	361.0	474.0	19.0	34.0	78.0	0.0	300.0	304.0	0.0	0.0	26.0	46.0	25.0	44.0	0.0	0.0	0.0	0.0	0.0	0.0	2.0	0.0	0.0	0.0	0.0	0.0
SRR6440354	768.0	202.0	18.0	2384.0	892.0	9471.0	1254.0	99.0	3726.0	1434.0	0.0	190.0	16.0	17.0	1321.0	63.0	56.0	0.0	0.0	52.0	730.0	80.0	210.0	3.0	0.0	161.0	0.0	268.0	59.0	3.0	7.0	12.0	51.0	36.0	79.0	0.0	0.0	0.0	0.0	0.0	0.0	0.0	0.0	0.0	0.0	0.0	0.0
SRR6440355	1363.0	349.0	25.0	4154.0	1245.0	19205.0	1768.0	398.0	6382.0	3078.0	17.0	149.0	16.0	11.0	2093.0	102.0	69.0	13.0	15.0	57.0	958.0	727.0	485.0	0.0	6.0	288.0	0.0	592.0	24.0	17.0	11.0	52.0	18.0	118.0	127.0	0.0	0.0	0.0	0.0	0.0	0.0	0.0	0.0	0.0	0.0	0.0	0.0
SRR6440356	3440.0	898.0	93.0	3023.0	4420.0	41506.0	5779.0	533.0	13331.0	6142.0	37.0	805.0	36.0	83.0	7860.0	331.0	334.0	0.0	12.0	82.0	2897.0	2733.0	1192.0	21.0	5.0	589.0	4.0	929.0	1248.0	57.0	5.0	69.0	140.0	168.0	164.0	0.0	0.0	0.0	3.0	0.0	0.0	0.0	0.0	0.0	0.0	0.0	0.0
SRR6440357	4114.0	889.0	140.0	7177.0	5105.0	37198.0	7703.0	655.0	14382.0	6416.0	8.0	930.0	54.0	41.0	5645.0	279.0	336.0	0.0	16.0	320.0	2298.0	483.0	2679.0	36.0	0.0	570.0	28.0	1474.0	42.0	92.0	28.0	87.0	49.0	213.0	120.0	0.0	0.0	0.0	0.0	0.0	0.0	0.0	0.0	0.0	0.0	0.0	0.0
SRR6440358	119.0	8.0	0.0	7008.0	787.0	3295.0	489.0	35.0	118.0	151.0	0.0	0.0	2.0	0.0	103.0	20.0	140.0	0.0	0.0	29.0	4.0	0.0	3.0	0.0	0.0	4.0	0.0	44.0	435.0	0.0	0.0	0.0	2.0	0.0	0.0	0.0	0.0	0.0	0.0	0.0	0.0	0.0	0.0	0.0	0.0	0.0	0.0
SRR6440359	596.0	41.0	7.0	974.0	1540.0	54379.0	2499.0	188.0	86.0	328.0	0.0	0.0	5.0	0.0	565.0	105.0	745.0	0.0	0.0	181.0	11.0	150.0	18.0	16.0	0.0	0.0	0.0	0.0	0.0	0.0	0.0	0.0	0.0	0.0	0.0	0.0	0.0	0.0	0.0	0.0	0.0	0.0	0.0	0.0	0.0	0.0	0.0
SRR6440361	1764.0	344.0	68.0	1643.0	2477.0	14654.0	2785.0	258.0	5795.0	2305.0	9.0	205.0	17.0	37.0	1965.0	96.0	101.0	0.0	0.0	23.0	849.0	825.0	634.0	18.0	19.0	161.0	0.0	427.0	324.0	22.0	8.0	30.0	13.0	32.0	72.0	0.0	6.0	0.0	0.0	0.0	0.0	0.0	0.0	0.0	0.0	0.0	0.0
SRR6440362	4093.0	704.0	126.0	10757.0	3310.0	23877.0	4157.0	356.0	17377.0	6826.0	34.0	1351.0	63.0	64.0	3284.0	453.0	108.0	19.0	0.0	26.0	3263.0	965.0	175.0	7.0	2.0	506.0	26.0	1573.0	69.0	48.0	13.0	77.0	72.0	148.0	125.0	0.0	0.0	0.0	0.0	0.0	0.0	0.0	0.0	3.0	0.0	0.0	0.0
SRR6440364	193.0	34.0	6.0	10294.0	1829.0	5191.0	4243.0	48.0	154.0	271.0	0.0	0.0	4.0	0.0	220.0	62.0	39.0	0.0	0.0	31.0	24.0	0.0	31.0	0.0	0.0	0.0	0.0	0.0	127.0	0.0	0.0	0.0	0.0	0.0	0.0	0.0	0.0	0.0	0.0	0.0	0.0	0.0	0.0	0.0	0.0	0.0	0.0
SRR6440365	131.0	57.0	0.0	10890.0	716.0	5276.0	668.0	7.0	90.0	77.0	0.0	0.0	0.0	0.0	152.0	19.0	62.0	0.0	0.0	3.0	32.0	0.0	19.0	0.0	0.0	0.0	0.0	0.0	17.0	0.0	0.0	0.0	0.0	0.0	0.0	0.0	0.0	0.0	0.0	0.0	0.0	0.0	0.0	0.0	0.0	0.0	0.0
SRR6440369	258.0	8.0	2.0	1467.0	1991.0	11774.0	4111.0	166.0	202.0	140.0	0.0	0.0	13.0	0.0	352.0	119.0	552.0	0.0	0.0	188.0	95.0	0.0	3.0	0.0	2.0	0.0	0.0	0.0	0.0	0.0	0.0	5.0	0.0	0.0	0.0	0.0	0.0	0.0	0.0	0.0	0.0	0.0	0.0	0.0	0.0	0.0	0.0
SRR6440370	1303.0	232.0	60.0	14779.0	4258.0	22851.0	4798.0	97.0	1176.0	1765.0	0.0	15.0	4.0	9.0	1030.0	255.0	352.0	0.0	0.0	555.0	97.0	833.0	289.0	0.0	0.0	0.0	0.0	41.0	1828.0	7.0	0.0	0.0	11.0	0.0	0.0	0.0	0.0	0.0	0.0	0.0	0.0	0.0	0.0	0.0	0.0	0.0	0.0
SRR6440371	155.0	17.0	0.0	9988.0	990.0	5219.0	1923.0	29.0	146.0	300.0	0.0	0.0	0.0	3.0	262.0	32.0	46.0	0.0	0.0	30.0	54.0	0.0	15.0	0.0	0.0	0.0	0.0	0.0	0.0	0.0	0.0	0.0	0.0	0.0	0.0	0.0	0.0	0.0	0.0	0.0	0.0	0.0	0.0	0.0	0.0	0.0	0.0
SRR6440374	324.0	24.0	10.0	944.0	525.0	21046.0	1449.0	161.0	363.0	245.0	0.0	0.0	4.0	0.0	750.0	31.0	239.0	0.0	0.0	376.0	15.0	237.0	8.0	0.0	0.0	0.0	0.0	0.0	0.0	24.0	0.0	0.0	0.0	0.0	0.0	0.0	0.0	0.0	0.0	0.0	0.0	0.0	0.0	0.0	0.0	0.0	0.0
SRR6440375	2095.0	282.0	68.0	11025.0	6995.0	50074.0	18117.0	1496.0	1456.0	3077.0	0.0	37.0	11.0	0.0	5952.0	1158.0	7751.0	0.0	0.0	2365.0	219.0	73.0	435.0	8.0	0.0	19.0	0.0	28.0	36.0	148.0	8.0	4.0	0.0	0.0	0.0	0.0	0.0	0.0	0.0	0.0	0.0	32.0	0.0	0.0	0.0	0.0	0.0
SRR6440377	127.0	63.0	0.0	1354.0	677.0	5347.0	2360.0	32.0	104.0	248.0	0.0	0.0	0.0	0.0	567.0	41.0	21.0	0.0	0.0	74.0	17.0	0.0	9.0	0.0	0.0	0.0	0.0	4.0	0.0	0.0	0.0	0.0	0.0	0.0	0.0	0.0	0.0	0.0	0.0	0.0	0.0	0.0	0.0	0.0	0.0	0.0	0.0
SRR6440380	1428.0	339.0	65.0	3298.0	2005.0	22598.0	4597.0	510.0	5414.0	2975.0	0.0	154.0	3.0	15.0	2614.0	132.0	39.0	0.0	0.0	83.0	712.0	25.0	2549.0	26.0	7.0	106.0	0.0	410.0	11.0	8.0	12.0	16.0	19.0	17.0	41.0	0.0	0.0	0.0	0.0	0.0	0.0	0.0	0.0	0.0	0.0	0.0	0.0
SRR6440381	4118.0	833.0	16.0	19396.0	2188.0	22031.0	4910.0	671.0	11835.0	8567.0	16.0	755.0	14.0	11.0	2856.0	555.0	94.0	0.0	18.0	20.0	5157.0	165.0	175.0	10.0	171.0	169.0	30.0	1088.0	19.0	0.0	19.0	48.0	32.0	99.0	82.0	0.0	0.0	0.0	0.0	0.0	0.0	0.0	0.0	0.0	0.0	0.0	0.0
SRR6440383	1473.0	517.0	51.0	4906.0	2207.0	26340.0	4450.0	304.0	6061.0	2487.0	15.0	430.0	12.0	51.0	2173.0	152.0	130.0	7.0	24.0	69.0	1548.0	237.0	578.0	17.0	0.0	214.0	9.0	653.0	0.0	0.0	17.0	37.0	10.0	109.0	73.0	0.0	0.0	0.0	0.0	0.0	0.0	0.0	0.0	0.0	0.0	0.0	0.0
SRR6440384	847.0	241.0	8.0	2539.0	669.0	10793.0	1143.0	90.0	3481.0	1656.0	0.0	90.0	17.0	0.0	1165.0	26.0	55.0	0.0	0.0	29.0	652.0	27.0	603.0	10.0	9.0	129.0	0.0	392.0	7.0	3.0	4.0	32.0	15.0	38.0	89.0	0.0	0.0	0.0	0.0	0.0	0.0	0.0	0.0	0.0	0.0	0.0	0.0
SRR6440385	2932.0	720.0	153.0	3082.0	3451.0	37831.0	5291.0	419.0	13376.0	4013.0	17.0	976.0	46.0	63.0	4278.0	332.0	123.0	11.0	18.0	80.0	2984.0	5215.0	295.0	32.0	0.0	476.0	22.0	1044.0	31.0	37.0	15.0	77.0	74.0	233.0	178.0	0.0	0.0	2.0	5.0	0.0	0.0	0.0	0.0	0.0	0.0	0.0	0.0
SRR6440389	1408.0	602.0	12.0	42532.0	9293.0	32969.0	15165.0	84.0	1043.0	2938.0	0.0	3.0	66.0	0.0	1472.0	378.0	2537.0	0.0	0.0	238.0	322.0	0.0	175.0	0.0	3.0	10.0	0.0	12.0	1530.0	0.0	0.0	0.0	0.0	0.0	0.0	0.0	0.0	0.0	0.0	0.0	0.0	0.0	0.0	0.0	0.0	0.0	0.0
SRR6440392	69.0	10.0	7.0	122.0	223.0	35947.0	1172.0	5.0	103.0	101.0	0.0	0.0	2.0	0.0	260.0	18.0	3324.0	0.0	0.0	0.0	10.0	0.0	10.0	0.0	0.0	0.0	0.0	0.0	0.0	0.0	0.0	0.0	0.0	0.0	0.0	0.0	0.0	0.0	0.0	0.0	0.0	0.0	0.0	0.0	0.0	0.0	0.0
SRR6440393	931.0	102.0	90.0	1256.0	2307.0	38165.0	6653.0	254.0	483.0	467.0	0.0	0.0	0.0	0.0	2322.0	149.0	436.0	0.0	0.0	203.0	60.0	52.0	65.0	0.0	0.0	74.0	0.0	9.0	0.0	18.0	0.0	0.0	0.0	6.0	0.0	0.0	0.0	0.0	0.0	0.0	0.0	0.0	0.0	0.0	0.0	0.0	0.0
SRR6440395	108.0	20.0	43.0	1127.0	3569.0	13800.0	1701.0	50.0	489.0	288.0	0.0	0.0	0.0	0.0	217.0	102.0	432.0	0.0	0.0	1255.0	3.0	770.0	13.0	0.0	2.0	0.0	0.0	0.0	1327.0	8.0	0.0	0.0	0.0	0.0	0.0	0.0	0.0	0.0	0.0	0.0	0.0	0.0	0.0	0.0	0.0	0.0	0.0
SRR6440399	304.0	67.0	12.0	3838.0	1136.0	26163.0	8157.0	42.0	215.0	389.0	0.0	0.0	2.0	0.0	640.0	15.0	279.0	0.0	0.0	38.0	17.0	5.0	38.0	0.0	0.0	9.0	0.0	0.0	0.0	0.0	0.0	0.0	0.0	0.0	0.0	0.0	0.0	0.0	0.0	0.0	0.0	0.0	0.0	0.0	0.0	0.0	0.0
SRR6440400	459.0	42.0	65.0	629.0	577.0	16490.0	3224.0	19.0	328.0	410.0	0.0	0.0	0.0	4.0	2203.0	53.0	439.0	0.0	0.0	21.0	36.0	5.0	75.0	0.0	0.0	59.0	0.0	0.0	3.0	0.0	0.0	0.0	0.0	0.0	0.0	0.0	0.0	0.0	0.0	0.0	0.0	0.0	0.0	0.0	0.0	0.0	0.0
SRR6440401	3.0	14.0	0.0	2008.0	98.0	16322.0	476.0	0.0	55.0	52.0	0.0	2.0	3.0	0.0	20.0	0.0	43.0	0.0	0.0	0.0	13.0	3.0	0.0	0.0	0.0	0.0	0.0	0.0	0.0	0.0	0.0	0.0	0.0	0.0	0.0	0.0	0.0	0.0	0.0	0.0	0.0	0.0	0.0	0.0	0.0	0.0	0.0
SRR6440402	2081.0	563.0	253.0	3732.0	3537.0	17351.0	2666.0	171.0	10974.0	3594.0	11.0	599.0	69.0	75.0	2590.0	208.0	0.0	0.0	22.0	37.0	1831.0	246.0	210.0	6.0	0.0	444.0	29.0	1014.0	32.0	94.0	4.0	127.0	53.0	242.0	215.0	0.0	0.0	0.0	0.0	0.0	0.0	0.0	0.0	0.0	0.0	0.0	0.0
SRR6440403	1781.0	195.0	38.0	3184.0	1958.0	16642.0	2332.0	400.0	5880.0	2226.0	0.0	328.0	16.0	34.0	2341.0	130.0	64.0	0.0	10.0	101.0	946.0	766.0	375.0	9.0	19.0	233.0	0.0	763.0	59.0	26.0	4.0	40.0	41.0	102.0	80.0	0.0	10.0	0.0	0.0	0.0	0.0	0.0	0.0	0.0	0.0	0.0	0.0
SRR6440404	492.0	118.0	9.0	3970.0	442.0	8260.0	809.0	68.0	2598.0	1158.0	0.0	128.0	6.0	0.0	766.0	61.0	77.0	0.0	0.0	3.0	502.0	17.0	327.0	0.0	0.0	44.0	0.0	303.0	0.0	0.0	5.0	0.0	0.0	25.0	0.0	0.0	0.0	0.0	0.0	0.0	0.0	0.0	0.0	0.0	0.0	0.0	0.0
SRR6440405	1600.0	241.0	67.0	2696.0	1142.0	12636.0	2609.0	363.0	4691.0	1741.0	9.0	264.0	26.0	45.0	2647.0	164.0	72.0	0.0	0.0	19.0	612.0	237.0	2169.0	0.0	47.0	146.0	11.0	464.0	26.0	18.0	0.0	40.0	15.0	41.0	76.0	0.0	0.0	0.0	0.0	0.0	0.0	3.0	0.0	0.0	0.0	0.0	0.0
SRR6440406	1053.0	233.0	41.0	2377.0	1382.0	12396.0	2636.0	195.0	4815.0	1776.0	0.0	227.0	26.0	16.0	1600.0	72.0	23.0	0.0	0.0	117.0	672.0	146.0	761.0	0.0	4.0	133.0	10.0	409.0	14.0	18.0	5.0	23.0	20.0	52.0	59.0	0.0	0.0	0.0	0.0	0.0	0.0	0.0	0.0	0.0	0.0	0.0	0.0
SRR6440407	334.0	105.0	9.0	1984.0	179.0	5831.0	615.0	53.0	1508.0	726.0	0.0	96.0	0.0	7.0	527.0	44.0	29.0	0.0	0.0	6.0	392.0	108.0	924.0	0.0	0.0	0.0	4.0	218.0	5.0	0.0	0.0	12.0	4.0	20.0	8.0	0.0	0.0	0.0	0.0	0.0	0.0	0.0	0.0	0.0	0.0	0.0	0.0
SRR6440408	3071.0	763.0	114.0	6488.0	3041.0	42876.0	8262.0	549.0	12008.0	4067.0	3.0	891.0	24.0	37.0	5320.0	636.0	109.0	9.0	0.0	60.0	2267.0	256.0	578.0	0.0	20.0	405.0	6.0	1449.0	79.0	0.0	4.0	77.0	47.0	184.0	130.0	0.0	0.0	2.0	0.0	0.0	0.0	11.0	0.0	0.0	0.0	0.0	0.0
SRR6440409	2507.0	773.0	123.0	4201.0	3520.0	41160.0	7288.0	698.0	9139.0	4218.0	11.0	577.0	45.0	26.0	4754.0	381.0	23.0	0.0	11.0	87.0	1847.0	395.0	793.0	11.0	9.0	171.0	0.0	528.0	33.0	13.0	0.0	41.0	14.0	107.0	97.0	0.0	0.0	0.0	0.0	0.0	0.0	0.0	0.0	0.0	0.0	0.0	0.0
SRR6440411	1469.0	994.0	101.0	5100.0	2127.0	39543.0	5939.0	482.0	7284.0	2968.0	13.0	500.0	31.0	0.0	3232.0	181.0	149.0	0.0	17.0	48.0	1786.0	232.0	4541.0	0.0	0.0	239.0	3.0	537.0	0.0	17.0	16.0	45.0	63.0	45.0	123.0	0.0	0.0	0.0	0.0	0.0	0.0	0.0	0.0	0.0	0.0	0.0	0.0
SRR6440412	780.0	63.0	21.0	9419.0	2833.0	22994.0	1114.0	292.0	967.0	877.0	0.0	10.0	4.0	0.0	1666.0	80.0	1803.0	0.0	0.0	313.0	18.0	2406.0	1244.0	0.0	0.0	14.0	0.0	0.0	7.0	13.0	0.0	0.0	4.0	571.0	0.0	0.0	0.0	0.0	0.0	0.0	0.0	0.0	0.0	0.0	0.0	0.0	0.0
SRR6440413	538.0	146.0	6.0	987.0	1633.0	112563.0	3198.0	193.0	341.0	233.0	0.0	0.0	0.0	0.0	627.0	328.0	383.0	0.0	0.0	158.0	18.0	61.0	19.0	11.0	0.0	12.0	0.0	22.0	0.0	8.0	0.0	0.0	0.0	0.0	0.0	0.0	0.0	0.0	0.0	0.0	0.0	0.0	0.0	0.0	0.0	0.0	0.0
SRR6440414	1567.0	479.0	20.0	1336.0	3912.0	45681.0	8629.0	251.0	1908.0	1001.0	0.0	7.0	4.0	0.0	2726.0	338.0	1626.0	0.0	0.0	268.0	118.0	579.0	297.0	12.0	0.0	110.0	3.0	9.0	10.0	5.0	0.0	0.0	7.0	0.0	0.0	0.0	0.0	0.0	0.0	0.0	0.0	0.0	0.0	0.0	0.0	0.0	0.0
SRR6440415	583.0	199.0	3.0	2141.0	644.0	11270.0	1252.0	162.0	2131.0	1499.0	0.0	91.0	11.0	0.0	1176.0	38.0	39.0	0.0	0.0	8.0	694.0	207.0	221.0	0.0	0.0	77.0	0.0	181.0	5.0	0.0	7.0	0.0	10.0	46.0	0.0	0.0	0.0	0.0	0.0	0.0	0.0	2.0	0.0	0.0	0.0	0.0	0.0
SRR6440416	2373.0	714.0	80.0	6493.0	3048.0	104889.0	16904.0	855.0	5405.0	3374.0	10.0	510.0	41.0	22.0	2846.0	251.0	183.0	0.0	0.0	20.0	1488.0	269.0	579.0	22.0	130.0	225.0	8.0	449.0	54.0	5.0	18.0	26.0	32.0	48.0	115.0	0.0	0.0	0.0	0.0	0.0	0.0	5.0	0.0	0.0	0.0	0.0	0.0
SRR6440417	2529.0	549.0	65.0	4405.0	3365.0	35619.0	4572.0	749.0	9537.0	4212.0	22.0	523.0	101.0	52.0	3664.0	232.0	145.0	8.0	10.0	46.0	1564.0	2588.0	532.0	93.0	0.0	430.0	27.0	1159.0	35.0	11.0	10.0	106.0	45.0	220.0	126.0	0.0	5.0	0.0	0.0	0.0	0.0	0.0	0.0	0.0	0.0	0.0	0.0
SRR6440418	410.0	107.0	11.0	1489.0	647.0	10914.0	1239.0	107.0	2309.0	653.0	0.0	91.0	7.0	6.0	990.0	60.0	31.0	3.0	0.0	26.0	503.0	266.0	45.0	0.0	0.0	77.0	5.0	148.0	0.0	0.0	6.0	25.0	8.0	0.0	39.0	0.0	0.0	0.0	0.0	0.0	0.0	0.0	0.0	0.0	0.0	0.0	0.0
SRR6440419	1592.0	549.0	73.0	2214.0	1496.0	45805.0	4049.0	226.0	4493.0	2228.0	7.0	293.0	18.0	36.0	2415.0	305.0	45.0	0.0	0.0	11.0	1170.0	233.0	292.0	31.0	19.0	126.0	6.0	484.0	31.0	0.0	0.0	20.0	25.0	30.0	43.0	0.0	0.0	2.0	0.0	0.0	0.0	2.0	0.0	0.0	0.0	0.0	0.0
SRR6440420	477.0	68.0	17.0	1001.0	413.0	6802.0	417.0	19.0	2306.0	715.0	0.0	57.0	0.0	17.0	746.0	27.0	30.0	0.0	5.0	0.0	393.0	142.0	102.0	7.0	8.0	105.0	0.0	246.0	0.0	9.0	0.0	16.0	12.0	59.0	44.0	0.0	0.0	0.0	0.0	0.0	0.0	0.0	0.0	0.0	0.0	0.0	0.0
SRR6440422	592.0	175.0	4.0	6029.0	1393.0	17385.0	7461.0	101.0	539.0	1087.0	0.0	5.0	8.0	0.0	1234.0	147.0	3437.0	0.0	0.0	337.0	30.0	0.0	8.0	0.0	0.0	0.0	0.0	0.0	0.0	0.0	0.0	4.0	0.0	0.0	0.0	0.0	0.0	0.0	0.0	0.0	0.0	0.0	0.0	0.0	0.0	0.0	0.0
SRR6440426	1439.0	81.0	68.0	3097.0	2805.0	22592.0	6389.0	511.0	1098.0	728.0	0.0	0.0	4.0	4.0	5248.0	306.0	3784.0	0.0	0.0	1901.0	57.0	39.0	51.0	0.0	0.0	47.0	0.0	16.0	0.0	165.0	0.0	0.0	0.0	0.0	0.0	0.0	0.0	0.0	0.0	0.0	0.0	490.0	0.0	0.0	0.0	0.0	0.0
SRR6440427	313.0	85.0	0.0	4360.0	1439.0	8416.0	3182.0	148.0	216.0	516.0	0.0	0.0	4.0	0.0	777.0	27.0	324.0	0.0	0.0	211.0	16.0	23.0	64.0	0.0	0.0	0.0	0.0	9.0	2.0	0.0	0.0	0.0	0.0	0.0	0.0	0.0	0.0	0.0	0.0	0.0	0.0	6.0	0.0	0.0	0.0	0.0	0.0
SRR6440428	131.0	48.0	7.0	3327.0	715.0	3999.0	2277.0	188.0	91.0	273.0	2.0	9.0	4.0	4.0	415.0	22.0	235.0	0.0	0.0	50.0	32.0	0.0	78.0	0.0	0.0	5.0	0.0	0.0	0.0	0.0	0.0	0.0	0.0	0.0	0.0	0.0	0.0	0.0	0.0	0.0	0.0	0.0	0.0	0.0	0.0	0.0	0.0
SRR6440429	460.0	58.0	10.0	5455.0	710.0	5027.0	2949.0	233.0	348.0	740.0	0.0	0.0	12.0	0.0	628.0	45.0	2430.0	0.0	0.0	25.0	157.0	0.0	356.0	0.0	0.0	0.0	0.0	0.0	0.0	0.0	0.0	0.0	0.0	0.0	0.0	0.0	0.0	0.0	0.0	0.0	0.0	0.0	0.0	0.0	0.0	0.0	0.0
SRR6440430	1532.0	371.0	76.0	53754.0	9254.0	41941.0	28989.0	508.0	2375.0	6360.0	0.0	12.0	69.0	0.0	4584.0	338.0	3451.0	0.0	0.0	1203.0	363.0	59.0	283.0	0.0	0.0	82.0	0.0	0.0	41.0	26.0	0.0	0.0	4.0	0.0	0.0	0.0	0.0	0.0	0.0	0.0	0.0	0.0	0.0	0.0	0.0	0.0	0.0
SRR6440431	1736.0	151.0	16.0	1697.0	336.0	44633.0	1318.0	45.0	204.0	333.0	0.0	0.0	184.0	7.0	969.0	344.0	1974.0	0.0	0.0	17.0	9.0	71.0	24.0	12.0	0.0	68.0	0.0	6.0	6.0	0.0	0.0	0.0	0.0	30.0	0.0	0.0	0.0	0.0	0.0	0.0	0.0	0.0	0.0	0.0	0.0	0.0	0.0
SRR6440433	996.0	410.0	92.0	2348.0	1202.0	27077.0	4711.0	757.0	3594.0	1435.0	0.0	177.0	5.0	24.0	1939.0	227.0	63.0	0.0	0.0	52.0	1079.0	222.0	266.0	10.0	0.0	92.0	0.0	215.0	20.0	2.0	12.0	30.0	12.0	17.0	110.0	0.0	0.0	0.0	0.0	0.0	0.0	3.0	0.0	0.0	0.0	0.0	0.0
SRR6440434	1145.0	201.0	15.0	2919.0	717.0	12357.0	997.0	84.0	4398.0	1839.0	0.0	139.0	96.0	23.0	1221.0	55.0	70.0	0.0	19.0	28.0	669.0	255.0	906.0	0.0	15.0	189.0	0.0	459.0	6.0	14.0	15.0	52.0	27.0	76.0	121.0	0.0	0.0	0.0	0.0	0.0	0.0	0.0	0.0	0.0	0.0	0.0	0.0
SRR6440436	4200.0	971.0	230.0	5318.0	5034.0	30833.0	4110.0	417.0	14896.0	6300.0	58.0	1221.0	65.0	100.0	5539.0	443.0	150.0	7.0	16.0	89.0	3127.0	1325.0	453.0	11.0	0.0	807.0	13.0	1866.0	65.0	77.0	12.0	126.0	67.0	258.0	158.0	0.0	11.0	0.0	0.0	0.0	0.0	0.0	0.0	0.0	0.0	0.0	0.0
SRR6440437	1312.0	239.0	64.0	2153.0	1514.0	19987.0	1538.0	149.0	5347.0	1775.0	6.0	352.0	20.0	16.0	1463.0	86.0	8970.0	0.0	8.0	47.0	1156.0	2421.0	414.0	0.0	6.0	322.0	0.0	732.0	28.0	21.0	0.0	72.0	13.0	214.0	101.0	0.0	10.0	0.0	0.0	0.0	0.0	0.0	21.0	0.0	0.0	0.0	0.0
SRR6440438	1221.0	230.0	52.0	2438.0	1595.0	15890.0	1740.0	173.0	5198.0	1751.0	10.0	227.0	29.0	0.0	1507.0	100.0	72.0	0.0	0.0	39.0	1369.0	181.0	835.0	0.0	0.0	221.0	3.0	480.0	14.0	0.0	7.0	27.0	16.0	51.0	50.0	0.0	0.0	0.0	0.0	0.0	0.0	0.0	0.0	0.0	0.0	0.0	0.0
SRR6440439	170.0	42.0	0.0	3344.0	145.0	6838.0	478.0	8.0	1066.0	541.0	0.0	26.0	2.0	0.0	286.0	26.0	100.0	0.0	0.0	0.0	207.0	49.0	31.0	0.0	0.0	20.0	0.0	173.0	0.0	0.0	0.0	0.0	0.0	31.0	0.0	0.0	0.0	0.0	0.0	0.0	0.0	0.0	0.0	0.0	0.0	0.0	0.0
SRR6440440	3140.0	467.0	120.0	4551.0	2930.0	24051.0	3536.0	282.0	10164.0	4426.0	13.0	637.0	88.0	12.0	3542.0	172.0	162.0	16.0	0.0	59.0	1594.0	1385.0	1246.0	32.0	25.0	488.0	15.0	1167.0	37.0	42.0	11.0	112.0	47.0	261.0	173.0	0.0	3.0	0.0	5.0	0.0	0.0	0.0	0.0	0.0	0.0	0.0	0.0
SRR6440443	4288.0	680.0	88.0	11160.0	4594.0	34864.0	5403.0	362.0	15674.0	6348.0	53.0	1357.0	30.0	50.0	4061.0	628.0	432.0	0.0	17.0	53.0	3991.0	2356.0	106.0	6.0	0.0	738.0	29.0	1796.0	108.0	78.0	0.0	157.0	60.0	331.0	231.0	7.0	22.0	1.0	0.0	0.0	0.0	0.0	0.0	0.0	0.0	0.0	0.0
SRR6440445	1832.0	753.0	88.0	3727.0	2462.0	34206.0	10882.0	630.0	5218.0	2124.0	16.0	282.0	19.0	8.0	2562.0	317.0	151.0	0.0	0.0	38.0	1044.0	184.0	2992.0	6.0	11.0	130.0	6.0	206.0	511.0	0.0	0.0	8.0	40.0	41.0	62.0	0.0	0.0	0.0	0.0	0.0	0.0	12.0	0.0	0.0	0.0	0.0	0.0
SRR6440446	2187.0	291.0	60.0	5379.0	1698.0	18030.0	1450.0	130.0	7055.0	3255.0	0.0	207.0	38.0	34.0	2049.0	120.0	1389.0	8.0	17.0	68.0	881.0	552.0	324.0	15.0	2.0	397.0	5.0	920.0	0.0	10.0	7.0	78.0	42.0	112.0	176.0	0.0	0.0	6.0	7.0	0.0	0.0	0.0	0.0	0.0	0.0	0.0	0.0
SRR6440447	534.0	115.0	35.0	2133.0	1348.0	9841.0	1237.0	71.0	2199.0	1366.0	0.0	80.0	4.0	0.0	905.0	69.0	19.0	0.0	0.0	52.0	344.0	39.0	30.0	0.0	0.0	75.0	0.0	155.0	233.0	0.0	0.0	22.0	25.0	0.0	12.0	0.0	0.0	0.0	0.0	0.0	0.0	0.0	0.0	0.0	0.0	0.0	0.0
SRR6440449	1249.0	404.0	6.0	4887.0	6542.0	38958.0	12195.0	254.0	1080.0	3897.0	0.0	0.0	34.0	0.0	3306.0	419.0	115.0	0.0	0.0	64.0	120.0	0.0	127.0	0.0	6.0	0.0	0.0	0.0	0.0	0.0	0.0	0.0	0.0	0.0	0.0	0.0	0.0	0.0	0.0	0.0	0.0	0.0	0.0	0.0	0.0	0.0	0.0
SRR6440450	388.0	79.0	14.0	7370.0	3872.0	13280.0	2983.0	32.0	397.0	864.0	0.0	0.0	5.0	0.0	505.0	199.0	98.0	0.0	0.0	538.0	33.0	33.0	282.0	0.0	0.0	0.0	0.0	0.0	979.0	0.0	0.0	0.0	3.0	0.0	0.0	0.0	0.0	0.0	0.0	0.0	0.0	0.0	0.0	0.0	0.0	0.0	0.0
SRR6440451	532.0	228.0	6.0	3001.0	4203.0	15862.0	4532.0	138.0	482.0	1693.0	0.0	6.0	3.0	0.0	1810.0	114.0	0.0	0.0	0.0	309.0	84.0	0.0	31.0	0.0	6.0	0.0	0.0	0.0	0.0	0.0	0.0	0.0	0.0	0.0	0.0	0.0	0.0	0.0	0.0	0.0	0.0	0.0	0.0	0.0	0.0	0.0	0.0
SRR6440452	953.0	220.0	38.0	21390.0	2869.0	16135.0	4278.0	63.0	716.0	945.0	0.0	0.0	28.0	0.0	752.0	142.0	39.0	0.0	0.0	27.0	146.0	0.0	66.0	0.0	11.0	24.0	0.0	3.0	0.0	0.0	0.0	0.0	2.0	0.0	0.0	0.0	0.0	0.0	0.0	0.0	0.0	0.0	0.0	0.0	0.0	0.0	0.0
SRR6440453	295.0	30.0	12.0	6635.0	944.0	5227.0	1390.0	75.0	139.0	380.0	0.0	4.0	0.0	0.0	178.0	20.0	235.0	0.0	0.0	36.0	12.0	0.0	11.0	0.0	0.0	0.0	0.0	0.0	0.0	0.0	0.0	0.0	2.0	0.0	0.0	0.0	0.0	0.0	0.0	0.0	0.0	0.0	0.0	0.0	0.0	0.0	0.0
SRR6440455	367.0	86.0	10.0	6108.0	1949.0	8365.0	2384.0	95.0	135.0	372.0	0.0	0.0	3.0	0.0	562.0	64.0	404.0	0.0	0.0	136.0	56.0	0.0	19.0	0.0	0.0	0.0	0.0	7.0	4.0	8.0	0.0	0.0	0.0	0.0	0.0	0.0	0.0	0.0	0.0	0.0	0.0	0.0	0.0	0.0	0.0	0.0	0.0
SRR6440456	486.0	291.0	0.0	24342.0	5922.0	126175.0	33088.0	172.0	1275.0	4805.0	0.0	21.0	7.0	0.0	1360.0	94.0	971.0	0.0	0.0	8.0	365.0	16.0	73.0	0.0	0.0	14.0	0.0	44.0	2.0	0.0	0.0	0.0	0.0	0.0	19.0	0.0	0.0	0.0	0.0	0.0	0.0	14.0	0.0	0.0	0.0	0.0	0.0
SRR6440458	36.0	21.0	0.0	5585.0	297.0	14584.0	1191.0	3.0	34.0	113.0	0.0	0.0	0.0	0.0	46.0	5.0	115.0	0.0	0.0	0.0	11.0	0.0	0.0	0.0	0.0	0.0	0.0	0.0	0.0	0.0	0.0	0.0	0.0	0.0	0.0	0.0	0.0	0.0	0.0	0.0	0.0	0.0	0.0	0.0	0.0	0.0	0.0
SRR6440459	111.0	17.0	0.0	1213.0	596.0	15528.0	2093.0	36.0	78.0	274.0	0.0	0.0	5.0	0.0	311.0	15.0	29.0	0.0	0.0	16.0	12.0	29.0	4.0	0.0	0.0	0.0	0.0	0.0	0.0	0.0	0.0	0.0	0.0	0.0	0.0	0.0	0.0	0.0	0.0	0.0	0.0	0.0	0.0	0.0	0.0	0.0	0.0
SRR6440462	845.0	143.0	39.0	3306.0	625.0	10361.0	1390.0	190.0	3044.0	1856.0	24.0	252.0	16.0	11.0	1171.0	97.0	85.0	0.0	0.0	12.0	869.0	124.0	199.0	27.0	9.0	102.0	0.0	352.0	46.0	0.0	0.0	16.0	23.0	31.0	54.0	0.0	0.0	0.0	0.0	0.0	0.0	0.0	0.0	0.0	0.0	0.0	0.0
SRR6440463	1271.0	262.0	63.0	3136.0	1564.0	14030.0	2459.0	121.0	6376.0	1950.0	9.0	402.0	9.0	25.0	1993.0	140.0	29.0	0.0	14.0	30.0	1076.0	149.0	186.0	0.0	6.0	214.0	0.0	766.0	129.0	19.0	8.0	40.0	15.0	59.0	57.0	0.0	0.0	0.0	0.0	0.0	0.0	0.0	0.0	0.0	0.0	0.0	0.0
SRR6440615	5784.0	1153.0	233.0	9265.0	4726.0	72471.0	6062.0	1126.0	19580.0	7808.0	36.0	949.0	124.0	134.0	7777.0	630.0	378.0	23.0	52.0	44.0	4246.0	5770.0	1076.0	57.0	29.0	982.0	61.0	1273.0	73.0	43.0	20.0	110.0	193.0	208.0	371.0	0.0	7.0	0.0	6.0	0.0	0.0	4.0	0.0	0.0	0.0	0.0	0.0
SRR6440617	1825.0	389.0	113.0	1988.0	2118.0	13810.0	1867.0	177.0	7976.0	2829.0	0.0	392.0	4.0	71.0	2917.0	137.0	73.0	0.0	13.0	63.0	1018.0	69.0	1193.0	0.0	0.0	280.0	12.0	800.0	26.0	64.0	22.0	57.0	34.0	127.0	81.0	0.0	0.0	0.0	0.0	0.0	0.0	0.0	0.0	0.0	0.0	0.0	0.0
SRR6440621	2091.0	934.0	75.0	6185.0	2485.0	37430.0	4468.0	334.0	5548.0	2792.0	0.0	278.0	90.0	22.0	2876.0	307.0	127.0	5.0	11.0	32.0	1684.0	17.0	232.0	0.0	49.0	153.0	0.0	515.0	5.0	0.0	26.0	11.0	0.0	95.0	19.0	0.0	0.0	0.0	0.0	0.0	0.0	2.0	0.0	0.0	0.0	0.0	0.0
SRR6440622	888.0	299.0	42.0	4403.0	1210.0	17287.0	2463.0	205.0	4830.0	1901.0	4.0	226.0	17.0	0.0	1571.0	122.0	90.0	7.0	0.0	32.0	920.0	20.0	377.0	12.0	25.0	85.0	3.0	548.0	19.0	0.0	7.0	39.0	23.0	60.0	32.0	0.0	0.0	0.0	0.0	0.0	0.0	0.0	0.0	0.0	0.0	0.0	0.0
SRR6440624	1065.0	189.0	17.0	3134.0	1173.0	20702.0	2663.0	205.0	3078.0	1624.0	0.0	170.0	26.0	0.0	1283.0	126.0	82.0	0.0	5.0	33.0	690.0	83.0	159.0	12.0	8.0	95.0	0.0	350.0	13.0	6.0	5.0	30.0	10.0	41.0	47.0	0.0	0.0	0.0	0.0	0.0	0.0	0.0	3.0	0.0	0.0	0.0	0.0
SRR6440625	504.0	49.0	4.0	1258.0	317.0	5791.0	686.0	42.0	1985.0	805.0	0.0	67.0	24.0	7.0	858.0	12.0	368.0	7.0	0.0	6.0	236.0	238.0	375.0	0.0	0.0	80.0	4.0	227.0	18.0	0.0	0.0	28.0	27.0	49.0	57.0	0.0	0.0	0.0	0.0	0.0	0.0	0.0	0.0	0.0	0.0	0.0	0.0
SRR6440626	6614.0	2141.0	148.0	17557.0	12761.0	114076.0	24430.0	1544.0	17840.0	8610.0	39.0	747.0	110.0	54.0	10153.0	1387.0	281.0	15.0	33.0	181.0	6114.0	601.0	669.0	7.0	113.0	463.0	21.0	843.0	2704.0	0.0	58.0	31.0	130.0	229.0	241.0	0.0	0.0	4.0	0.0	0.0	0.0	0.0	0.0	0.0	0.0	0.0	0.0
SRR6440631	610.0	152.0	17.0	1633.0	351.0	17805.0	3047.0	87.0	1654.0	553.0	0.0	87.0	3.0	7.0	739.0	53.0	97.0	0.0	0.0	0.0	198.0	64.0	195.0	0.0	0.0	21.0	0.0	217.0	12.0	3.0	0.0	11.0	11.0	15.0	0.0	0.0	0.0	0.0	0.0	0.0	0.0	0.0	0.0	0.0	0.0	0.0	0.0
SRR6440633	194.0	70.0	0.0	1410.0	266.0	5972.0	532.0	26.0	1076.0	432.0	0.0	12.0	0.0	0.0	469.0	4.0	8.0	0.0	5.0	7.0	318.0	55.0	88.0	0.0	0.0	31.0	0.0	39.0	0.0	0.0	6.0	4.0	8.0	0.0	0.0	0.0	0.0	0.0	0.0	0.0	0.0	0.0	0.0	0.0	0.0	0.0	0.0
SRR6440636	2136.0	472.0	44.0	1200.0	1810.0	28497.0	2292.0	127.0	6666.0	2084.0	28.0	492.0	22.0	36.0	3944.0	202.0	85.0	0.0	7.0	2.0	1388.0	458.0	786.0	34.0	9.0	408.0	18.0	573.0	5.0	0.0	0.0	34.0	29.0	112.0	85.0	0.0	0.0	0.0	0.0	0.0	0.0	0.0	0.0	0.0	0.0	0.0	0.0
SRR6440637	1474.0	458.0	60.0	2963.0	2558.0	25500.0	3600.0	231.0	5477.0	2413.0	0.0	353.0	20.0	37.0	2473.0	95.0	95.0	0.0	22.0	35.0	888.0	68.0	213.0	0.0	9.0	233.0	4.0	606.0	17.0	0.0	18.0	43.0	44.0	107.0	60.0	0.0	0.0	0.0	0.0	0.0	0.0	0.0	0.0	0.0	0.0	0.0	0.0
SRR6440638	1173.0	257.0	44.0	2451.0	1351.0	18087.0	2063.0	82.0	6528.0	2074.0	15.0	402.0	11.0	4.0	1542.0	51.0	872.0	0.0	11.0	17.0	1159.0	2024.0	453.0	9.0	18.0	160.0	11.0	778.0	18.0	10.0	0.0	52.0	19.0	138.0	114.0	0.0	10.0	3.0	0.0	0.0	0.0	0.0	0.0	0.0	0.0	0.0	0.0
SRR6440641	3526.0	915.0	131.0	4724.0	4295.0	24396.0	4251.0	191.0	13408.0	4978.0	31.0	910.0	133.0	71.0	3967.0	258.0	147.0	23.0	21.0	75.0	2103.0	282.0	369.0	7.0	0.0	587.0	15.0	1747.0	29.0	105.0	42.0	174.0	64.0	255.0	182.0	7.0	0.0	6.0	0.0	0.0	0.0	0.0	0.0	0.0	0.0	0.0	0.0
SRR6440642	770.0	157.0	51.0	1027.0	1135.0	7159.0	837.0	71.0	3808.0	1309.0	15.0	189.0	10.0	10.0	1387.0	83.0	0.0	0.0	0.0	42.0	752.0	304.0	255.0	0.0	3.0	197.0	5.0	327.0	23.0	25.0	0.0	25.0	12.0	42.0	54.0	0.0	0.0	1.0	0.0	0.0	0.0	0.0	0.0	0.0	0.0	0.0	0.0
SRR6440653	848.0	97.0	0.0	10167.0	2487.0	118551.0	6316.0	140.0	506.0	778.0	0.0	8.0	0.0	0.0	1560.0	105.0	569.0	0.0	0.0	67.0	95.0	18.0	586.0	0.0	0.0	7.0	0.0	0.0	3.0	0.0	0.0	0.0	0.0	4.0	0.0	0.0	0.0	0.0	0.0	0.0	0.0	0.0	0.0	0.0	0.0	0.0	0.0
SRR6440654	477.0	102.0	15.0	964.0	223.0	5762.0	347.0	96.0	2277.0	816.0	0.0	51.0	7.0	14.0	794.0	27.0	17.0	5.0	12.0	8.0	379.0	34.0	52.0	0.0	0.0	58.0	0.0	161.0	5.0	0.0	10.0	0.0	16.0	0.0	4.0	0.0	0.0	0.0	0.0	0.0	0.0	0.0	0.0	0.0	0.0	0.0	0.0
SRR6440655	188.0	127.0	3.0	362.0	39.0	11103.0	426.0	73.0	590.0	245.0	0.0	35.0	3.0	6.0	449.0	21.0	3.0	0.0	8.0	0.0	176.0	15.0	29.0	8.0	0.0	6.0	0.0	15.0	0.0	0.0	0.0	0.0	8.0	0.0	20.0	0.0	0.0	0.0	0.0	0.0	0.0	0.0	0.0	0.0	0.0	0.0	0.0
SRR6440656	605.0	192.0	17.0	3235.0	865.0	42491.0	3550.0	70.0	4218.0	1382.0	0.0	205.0	30.0	0.0	1518.0	120.0	58.0	0.0	0.0	0.0	1130.0	72.0	126.0	0.0	0.0	94.0	0.0	440.0	4.0	0.0	0.0	24.0	0.0	42.0	65.0	0.0	0.0	0.0	0.0	0.0	0.0	2.0	0.0	0.0	0.0	0.0	0.0
SRR6440657	1411.0	297.0	51.0	1940.0	1240.0	20056.0	2080.0	272.0	5496.0	2040.0	17.0	216.0	27.0	32.0	1860.0	89.0	81.0	4.0	19.0	17.0	762.0	625.0	171.0	7.0	0.0	204.0	8.0	619.0	33.0	27.0	3.0	60.0	30.0	100.0	95.0	3.0	6.0	0.0	0.0	0.0	0.0	0.0	0.0	0.0	0.0	0.0	0.0
SRR6440658	704.0	122.0	35.0	1132.0	879.0	6016.0	837.0	138.0	3215.0	1075.0	0.0	279.0	15.0	25.0	1019.0	100.0	29.0	0.0	8.0	11.0	642.0	151.0	208.0	0.0	14.0	132.0	0.0	453.0	8.0	0.0	5.0	31.0	20.0	58.0	46.0	0.0	0.0	0.0	0.0	0.0	0.0	0.0	3.0	0.0	0.0	0.0	0.0
SRR6440659	1998.0	401.0	97.0	5214.0	3480.0	24428.0	2864.0	388.0	10525.0	4883.0	0.0	557.0	71.0	40.0	2894.0	210.0	307.0	10.0	12.0	40.0	2016.0	3063.0	369.0	13.0	4.0	516.0	9.0	1312.0	39.0	38.0	10.0	104.0	81.0	420.0	165.0	0.0	34.0	10.0	0.0	0.0	0.0	0.0	0.0	4.0	0.0	9.0	0.0
SRR6440660	1153.0	727.0	50.0	13460.0	3085.0	43982.0	7355.0	299.0	5863.0	2821.0	0.0	180.0	47.0	0.0	2815.0	331.0	3009.0	0.0	0.0	11.0	1660.0	159.0	437.0	0.0	12.0	67.0	0.0	478.0	18.0	0.0	10.0	9.0	0.0	90.0	42.0	0.0	0.0	0.0	0.0	0.0	0.0	6.0	0.0	0.0	0.0	0.0	0.0
SRR6440667	1682.0	695.0	74.0	5394.0	2973.0	28186.0	5928.0	590.0	7372.0	3467.0	0.0	571.0	5.0	10.0	2942.0	179.0	79.0	8.0	0.0	103.0	1614.0	104.0	2182.0	74.0	32.0	310.0	7.0	762.0	8.0	10.0	16.0	42.0	85.0	67.0	71.0	0.0	0.0	0.0	0.0	0.0	0.0	0.0	0.0	0.0	0.0	0.0	0.0
SRR6440668	1703.0	474.0	52.0	3567.0	1432.0	15751.0	1554.0	227.0	6100.0	3617.0	11.0	324.0	13.0	21.0	2314.0	80.0	59.0	8.0	25.0	28.0	1317.0	412.0	940.0	17.0	0.0	320.0	4.0	533.0	17.0	15.0	16.0	32.0	97.0	77.0	135.0	0.0	0.0	0.0	3.0	0.0	0.0	0.0	0.0	0.0	0.0	0.0	0.0
SRR6440669	556.0	79.0	20.0	1796.0	427.0	6967.0	479.0	36.0	1997.0	1073.0	0.0	48.0	13.0	12.0	722.0	45.0	1178.0	0.0	0.0	11.0	242.0	89.0	972.0	0.0	2.0	79.0	0.0	229.0	11.0	6.0	0.0	25.0	26.0	32.0	61.0	0.0	0.0	0.0	0.0	0.0	0.0	0.0	0.0	0.0	0.0	0.0	0.0
SRR6440670	882.0	320.0	31.0	5869.0	1395.0	18900.0	3277.0	137.0	4792.0	1790.0	0.0	192.0	5.0	0.0	1555.0	123.0	67.0	0.0	0.0	0.0	917.0	50.0	892.0	6.0	19.0	98.0	10.0	465.0	7.0	0.0	0.0	19.0	32.0	50.0	36.0	0.0	0.0	0.0	0.0	0.0	0.0	0.0	0.0	0.0	0.0	0.0	0.0
SRR6440672	1835.0	631.0	36.0	4662.0	2383.0	23393.0	4067.0	302.0	6645.0	2731.0	7.0	149.0	19.0	23.0	2317.0	239.0	264.0	0.0	0.0	29.0	2271.0	210.0	2935.0	0.0	93.0	159.0	11.0	392.0	34.0	0.0	27.0	23.0	18.0	93.0	40.0	0.0	0.0	0.0	0.0	0.0	0.0	4.0	0.0	0.0	0.0	0.0	0.0
SRR6440673	6091.0	2403.0	209.0	9448.0	11925.0	143075.0	22532.0	2281.0	9634.0	8087.0	11.0	281.0	70.0	112.0	10902.0	1263.0	402.0	0.0	9.0	223.0	2813.0	235.0	1667.0	18.0	98.0	295.0	12.0	244.0	60.0	0.0	81.0	17.0	145.0	56.0	135.0	0.0	0.0	0.0	0.0	0.0	0.0	0.0	0.0	0.0	0.0	0.0	0.0
SRR6440676	129.0	90.0	0.0	584.0	77.0	7260.0	1212.0	30.0	247.0	120.0	0.0	4.0	11.0	0.0	155.0	16.0	58.0	0.0	0.0	0.0	46.0	0.0	20.0	0.0	0.0	0.0	0.0	25.0	3.0	0.0	0.0	0.0	0.0	0.0	0.0	0.0	0.0	0.0	0.0	0.0	0.0	0.0	0.0	0.0	0.0	0.0	0.0
SRR6440677	281.0	88.0	30.0	904.0	390.0	7194.0	744.0	68.0	1198.0	444.0	0.0	13.0	31.0	3.0	593.0	51.0	26.0	0.0	0.0	8.0	165.0	0.0	336.0	5.0	0.0	34.0	4.0	121.0	8.0	8.0	0.0	23.0	18.0	0.0	28.0	0.0	0.0	0.0	0.0	0.0	0.0	0.0	0.0	0.0	0.0	0.0	0.0
SRR6440678	2156.0	651.0	48.0	3644.0	3252.0	42009.0	4839.0	333.0	7738.0	3356.0	12.0	420.0	19.0	32.0	4616.0	257.0	154.0	0.0	12.0	58.0	1430.0	246.0	865.0	27.0	0.0	285.0	5.0	813.0	19.0	0.0	12.0	44.0	91.0	114.0	95.0	0.0	0.0	0.0	0.0	0.0	0.0	0.0	0.0	0.0	0.0	0.0	0.0
SRR6440681	707.0	125.0	37.0	1721.0	557.0	6543.0	670.0	49.0	3093.0	1297.0	7.0	114.0	14.0	13.0	865.0	53.0	46.0	0.0	0.0	16.0	526.0	528.0	159.0	7.0	3.0	93.0	5.0	403.0	12.0	24.0	4.0	25.0	0.0	52.0	57.0	0.0	0.0	0.0	0.0	0.0	0.0	0.0	0.0	0.0	0.0	0.0	0.0
SRR6440683	2308.0	374.0	69.0	2056.0	2342.0	49514.0	4025.0	693.0	6704.0	2754.0	19.0	251.0	63.0	60.0	3569.0	255.0	180.0	0.0	0.0	139.0	1158.0	5028.0	370.0	50.0	23.0	200.0	17.0	542.0	30.0	0.0	8.0	44.0	44.0	161.0	67.0	0.0	11.0	0.0	0.0	0.0	0.0	2.0	0.0	0.0	0.0	0.0	0.0
SRR6440684	1713.0	730.0	28.0	6732.0	2498.0	53105.0	10703.0	514.0	10542.0	5102.0	24.0	530.0	21.0	0.0	3365.0	255.0	88.0	0.0	15.0	0.0	2556.0	309.0	525.0	10.0	14.0	155.0	0.0	908.0	10.0	0.0	5.0	31.0	26.0	59.0	77.0	0.0	0.0	0.0	0.0	0.0	0.0	10.0	0.0	0.0	0.0	0.0	0.0
SRR6440707	327.0	101.0	19.0	1173.0	295.0	6893.0	682.0	131.0	1025.0	541.0	0.0	32.0	13.0	0.0	627.0	41.0	19.0	0.0	0.0	16.0	185.0	80.0	63.0	3.0	0.0	12.0	0.0	54.0	11.0	0.0	0.0	0.0	6.0	0.0	27.0	0.0	0.0	0.0	0.0	0.0	0.0	0.0	0.0	0.0	0.0	0.0	0.0
SRR6440708	319.0	119.0	11.0	880.0	321.0	6309.0	633.0	68.0	1119.0	591.0	0.0	20.0	3.0	0.0	740.0	46.0	0.0	0.0	0.0	7.0	233.0	116.0	65.0	0.0	4.0	28.0	0.0	55.0	0.0	0.0	0.0	0.0	0.0	14.0	0.0	0.0	0.0	0.0	0.0	0.0	0.0	0.0	0.0	0.0	0.0	0.0	0.0
SRR6440709	2857.0	378.0	113.0	4128.0	2709.0	20786.0	2796.0	182.0	10804.0	3425.0	17.0	707.0	19.0	81.0	3351.0	212.0	92.0	9.0	28.0	46.0	1920.0	404.0	343.0	0.0	0.0	460.0	19.0	1480.0	34.0	27.0	21.0	145.0	51.0	264.0	104.0	0.0	0.0	0.0	0.0	0.0	0.0	0.0	0.0	8.0	0.0	0.0	0.0
SRR6440710	2146.0	762.0	94.0	5940.0	3081.0	46680.0	7830.0	215.0	4644.0	1902.0	0.0	213.0	10.0	51.0	2858.0	337.0	202.0	0.0	6.0	63.0	1664.0	55.0	287.0	0.0	8.0	127.0	0.0	384.0	52.0	0.0	0.0	18.0	21.0	61.0	19.0	0.0	0.0	0.0	5.0	0.0	0.0	0.0	0.0	0.0	0.0	0.0	0.0
SRR6440717	879.0	163.0	13.0	3059.0	1789.0	139244.0	5999.0	234.0	311.0	636.0	0.0	0.0	4.0	0.0	934.0	166.0	187.0	0.0	0.0	39.0	15.0	0.0	88.0	0.0	8.0	9.0	0.0	6.0	0.0	0.0	0.0	0.0	0.0	0.0	0.0	0.0	0.0	0.0	0.0	0.0	0.0	0.0	0.0	0.0	0.0	0.0	0.0
SRR6440720	3113.0	1240.0	47.0	20451.0	3479.0	54631.0	6318.0	458.0	13330.0	6730.0	12.0	660.0	25.0	29.0	5400.0	309.0	616.0	11.0	14.0	116.0	4526.0	243.0	1080.0	24.0	13.0	276.0	11.0	682.0	9.0	5.0	20.0	75.0	140.0	119.0	93.0	0.0	0.0	0.0	0.0	0.0	0.0	0.0	0.0	0.0	0.0	0.0	0.0
SRR6440721	1016.0	322.0	59.0	6049.0	1843.0	15208.0	2278.0	199.0	5997.0	2344.0	8.0	472.0	7.0	18.0	1652.0	139.0	51.0	0.0	16.0	0.0	1865.0	54.0	194.0	12.0	7.0	143.0	0.0	843.0	0.0	0.0	19.0	39.0	21.0	104.0	71.0	0.0	0.0	2.0	0.0	0.0	0.0	0.0	0.0	0.0	0.0	0.0	0.0
SRR6440724	2783.0	624.0	117.0	3326.0	2548.0	21023.0	2790.0	144.0	9254.0	3566.0	13.0	588.0	132.0	103.0	3034.0	271.0	49.0	11.0	14.0	183.0	1594.0	138.0	313.0	20.0	3.0	461.0	15.0	1300.0	37.0	51.0	27.0	102.0	28.0	101.0	98.0	0.0	0.0	0.0	0.0	0.0	0.0	0.0	0.0	0.0	0.0	0.0	0.0
SRR6440726	678.0	368.0	36.0	2241.0	1086.0	12773.0	1398.0	220.0	2815.0	1263.0	11.0	197.0	20.0	6.0	1668.0	116.0	41.0	0.0	11.0	25.0	1163.0	118.0	115.0	0.0	0.0	107.0	0.0	330.0	9.0	0.0	9.0	6.0	9.0	14.0	24.0	0.0	0.0	0.0	0.0	0.0	0.0	0.0	0.0	0.0	0.0	0.0	0.0
SRR6440731	1063.0	357.0	46.0	2171.0	2155.0	29976.0	4527.0	246.0	1667.0	1044.0	0.0	66.0	5.0	5.0	3098.0	228.0	588.0	0.0	0.0	33.0	722.0	243.0	433.0	6.0	0.0	19.0	2.0	131.0	9.0	0.0	18.0	8.0	23.0	33.0	0.0	0.0	0.0	0.0	0.0	0.0	0.0	0.0	0.0	0.0	0.0	0.0	0.0
SRR6440732	1511.0	287.0	80.0	2064.0	1827.0	24974.0	1691.0	342.0	4962.0	1910.0	24.0	341.0	6.0	56.0	2716.0	210.0	65.0	0.0	0.0	29.0	2107.0	1113.0	183.0	0.0	0.0	235.0	0.0	419.0	24.0	15.0	6.0	21.0	50.0	47.0	88.0	0.0	0.0	0.0	0.0	0.0	0.0	0.0	0.0	0.0	0.0	0.0	0.0
SRR6440733	412.0	50.0	10.0	1297.0	412.0	4829.0	307.0	50.0	1863.0	812.0	0.0	60.0	55.0	9.0	622.0	15.0	30.0	0.0	0.0	17.0	285.0	58.0	14.0	0.0	0.0	114.0	0.0	100.0	3.0	7.0	0.0	15.0	12.0	17.0	14.0	0.0	0.0	0.0	0.0	0.0	0.0	0.0	0.0	0.0	0.0	0.0	0.0
SRR6440737	366.0	163.0	12.0	1048.0	441.0	10123.0	1237.0	128.0	1828.0	708.0	0.0	65.0	9.0	0.0	767.0	42.0	3.0	0.0	0.0	15.0	373.0	221.0	896.0	5.0	0.0	31.0	0.0	69.0	4.0	0.0	0.0	0.0	16.0	12.0	29.0	0.0	0.0	0.0	0.0	0.0	0.0	0.0	0.0	0.0	0.0	0.0	0.0
SRR6440738	757.0	227.0	50.0	2707.0	838.0	17290.0	927.0	261.0	4792.0	2154.0	9.0	174.0	98.0	19.0	1759.0	58.0	53.0	0.0	17.0	14.0	989.0	608.0	607.0	28.0	9.0	215.0	0.0	288.0	4.0	5.0	0.0	19.0	45.0	36.0	66.0	0.0	6.0	0.0	0.0	0.0	0.0	0.0	0.0	0.0	0.0	0.0	0.0
SRR6440739	1233.0	376.0	20.0	2421.0	1369.0	21395.0	2272.0	106.0	4559.0	1660.0	0.0	374.0	30.0	19.0	1880.0	94.0	70.0	0.0	9.0	39.0	1003.0	333.0	414.0	0.0	0.0	131.0	3.0	547.0	7.0	0.0	11.0	39.0	42.0	34.0	47.0	0.0	0.0	0.0	0.0	0.0	0.0	0.0	0.0	0.0	0.0	0.0	0.0
SRR6440740	1146.0	421.0	9.0	7232.0	949.0	37041.0	8647.0	67.0	6581.0	2047.0	0.0	311.0	18.0	0.0	2060.0	108.0	218.0	0.0	0.0	0.0	1194.0	83.0	137.0	0.0	0.0	84.0	0.0	808.0	13.0	3.0	8.0	34.0	15.0	66.0	32.0	0.0	0.0	0.0	0.0	0.0	0.0	0.0	0.0	0.0	0.0	0.0	0.0
SRR6440741	3382.0	660.0	71.0	6241.0	2623.0	32765.0	2585.0	244.0	10860.0	4894.0	22.0	417.0	35.0	92.0	3656.0	243.0	239.0	20.0	41.0	18.0	2042.0	2969.0	787.0	37.0	24.0	587.0	2.0	1125.0	11.0	7.0	23.0	76.0	129.0	122.0	238.0	0.0	0.0	0.0	0.0	0.0	0.0	0.0	0.0	0.0	0.0	0.0	0.0
SRR6440743	2367.0	378.0	22.0	4522.0	1966.0	19145.0	2906.0	393.0	4390.0	3147.0	14.0	230.0	119.0	9.0	2072.0	382.0	744.0	0.0	0.0	97.0	1538.0	1015.0	362.0	0.0	10.0	126.0	52.0	401.0	78.0	15.0	7.0	4.0	57.0	45.0	55.0	0.0	9.0	0.0	0.0	0.0	0.0	0.0	10.0	3.0	0.0	0.0	5.0
SRR6440744	11050.0	1312.0	213.0	21620.0	9430.0	76461.0	12245.0	870.0	28459.0	20210.0	93.0	2476.0	61.0	131.0	8714.0	743.0	2855.0	17.0	34.0	147.0	12144.0	5047.0	3442.0	12.0	9.0	1204.0	194.0	3429.0	178.0	55.0	15.0	173.0	187.0	628.0	673.0	0.0	147.0	1.0	0.0	0.0	0.0	4.0	41.0	0.0	14.0	0.0	10.0
SRR6440746	1100.0	352.0	62.0	2468.0	1610.0	7399.0	1612.0	156.0	4167.0	2101.0	0.0	509.0	8.0	75.0	819.0	79.0	39.0	7.0	0.0	17.0	1435.0	7.0	37.0	0.0	0.0	274.0	0.0	689.0	105.0	0.0	0.0	26.0	39.0	92.0	63.0	0.0	0.0	0.0	0.0	0.0	0.0	0.0	0.0	0.0	0.0	0.0	0.0
SRR6440759	1047.0	490.0	36.0	5390.0	1501.0	24381.0	6048.0	370.0	6284.0	2094.0	13.0	279.0	4.0	7.0	1624.0	112.0	106.0	0.0	11.0	0.0	1360.0	169.0	310.0	0.0	10.0	98.0	0.0	693.0	45.0	0.0	0.0	28.0	30.0	54.0	57.0	0.0	0.0	0.0	0.0	0.0	0.0	0.0	0.0	0.0	0.0	0.0	0.0
SRR6440762	820.0	546.0	71.0	3842.0	1348.0	18911.0	2887.0	397.0	4289.0	1793.0	0.0	237.0	90.0	15.0	2440.0	134.0	11.0	0.0	0.0	60.0	1314.0	81.0	1491.0	0.0	4.0	88.0	0.0	246.0	11.0	0.0	0.0	11.0	15.0	63.0	44.0	0.0	0.0	0.0	0.0	0.0	0.0	0.0	0.0	0.0	0.0	0.0	0.0
SRR6440764	1458.0	313.0	108.0	3332.0	1879.0	13363.0	1790.0	122.0	6159.0	2477.0	10.0	418.0	36.0	41.0	1642.0	72.0	42.0	0.0	12.0	25.0	1530.0	422.0	209.0	0.0	0.0	395.0	2.0	888.0	18.0	32.0	0.0	109.0	7.0	147.0	111.0	0.0	0.0	0.0	0.0	0.0	0.0	0.0	0.0	0.0	0.0	0.0	0.0
SRR6440767	2848.0	425.0	109.0	3757.0	3706.0	24815.0	4746.0	503.0	8758.0	3497.0	10.0	479.0	77.0	62.0	3268.0	397.0	200.0	16.0	13.0	45.0	1447.0	429.0	2491.0	12.0	21.0	305.0	13.0	990.0	856.0	32.0	43.0	82.0	59.0	163.0	59.0	0.0	0.0	0.0	6.0	0.0	0.0	0.0	0.0	0.0	0.0	0.0	0.0
SRR6440768	286.0	152.0	10.0	1843.0	305.0	6869.0	1054.0	35.0	734.0	392.0	0.0	27.0	12.0	0.0	341.0	21.0	11.0	0.0	6.0	0.0	407.0	7.0	28.0	0.0	0.0	27.0	0.0	50.0	57.0	0.0	0.0	5.0	5.0	12.0	0.0	0.0	0.0	0.0	0.0	0.0	0.0	0.0	0.0	0.0	0.0	0.0	0.0
SRR6440769	1800.0	695.0	98.0	4018.0	3678.0	21881.0	2726.0	617.0	8583.0	3452.0	12.0	652.0	52.0	51.0	2274.0	238.0	59.0	5.0	28.0	80.0	1971.0	109.0	1635.0	19.0	5.0	299.0	6.0	521.0	403.0	25.0	13.0	15.0	41.0	80.0	140.0	0.0	0.0	0.0	0.0	0.0	0.0	0.0	0.0	0.0	0.0	0.0	0.0
SRR6440770	16536.0	2982.0	361.0	38978.0	13034.0	76337.0	11775.0	806.0	42982.0	22660.0	190.0	3985.0	96.0	271.0	10945.0	1192.0	308.0	29.0	110.0	103.0	10913.0	1603.0	599.0	0.0	8.0	2280.0	109.0	5555.0	136.0	47.0	105.0	292.0	414.0	734.0	505.0	11.0	0.0	0.0	0.0	0.0	0.0	0.0	9.0	0.0	0.0	0.0	0.0
SRR6440771	4430.0	494.0	47.0	13777.0	2844.0	25739.0	5312.0	234.0	8607.0	4826.0	6.0	526.0	17.0	73.0	3090.0	426.0	444.0	0.0	7.0	20.0	4231.0	622.0	2310.0	8.0	42.0	173.0	23.0	886.0	31.0	11.0	18.0	56.0	26.0	146.0	64.0	0.0	0.0	0.0	0.0	0.0	0.0	0.0	0.0	0.0	0.0	0.0	0.0
SRR6440772	1053.0	166.0	15.0	5398.0	862.0	7958.0	762.0	172.0	3102.0	1820.0	0.0	387.0	23.0	0.0	693.0	67.0	153.0	0.0	0.0	0.0	1635.0	25.0	21.0	0.0	0.0	188.0	12.0	588.0	0.0	0.0	0.0	19.0	28.0	38.0	41.0	0.0	0.0	0.0	0.0	0.0	0.0	0.0	0.0	0.0	0.0	0.0	0.0
SRR6440774	900.0	89.0	10.0	2834.0	899.0	6181.0	786.0	229.0	2745.0	1255.0	0.0	352.0	6.0	12.0	565.0	85.0	8.0	0.0	0.0	0.0	1092.0	29.0	12.0	0.0	0.0	157.0	0.0	303.0	12.0	0.0	0.0	17.0	48.0	30.0	8.0	0.0	0.0	0.0	0.0	0.0	0.0	0.0	0.0	0.0	0.0	0.0	0.0
SRR6440775	2206.0	364.0	52.0	4219.0	1096.0	23822.0	3513.0	61.0	5869.0	2878.0	0.0	425.0	12.0	48.0	1096.0	93.0	75.0	0.0	19.0	0.0	2574.0	291.0	4152.0	4.0	0.0	244.0	13.0	679.0	38.0	8.0	0.0	54.0	19.0	101.0	74.0	0.0	0.0	0.0	0.0	0.0	0.0	0.0	0.0	0.0	0.0	0.0	0.0
SRR6440776	1798.0	601.0	70.0	15267.0	1765.0	21022.0	2448.0	569.0	11417.0	6405.0	13.0	783.0	18.0	0.0	2575.0	195.0	195.0	0.0	14.0	0.0	6764.0	331.0	169.0	0.0	35.0	246.0	2.0	1297.0	3.0	0.0	0.0	6.0	0.0	125.0	66.0	0.0	0.0	0.0	0.0	0.0	0.0	8.0	0.0	0.0	0.0	0.0	0.0
SRR6440780	387.0	111.0	4.0	1817.0	538.0	7010.0	354.0	62.0	3348.0	1368.0	0.0	80.0	10.0	0.0	904.0	36.0	40.0	0.0	11.0	6.0	713.0	330.0	58.0	3.0	0.0	132.0	0.0	224.0	0.0	0.0	0.0	12.0	7.0	49.0	94.0	0.0	0.0	0.0	0.0	0.0	0.0	0.0	0.0	0.0	0.0	0.0	0.0
SRR6440785	461.0	138.0	38.0	1480.0	545.0	6886.0	634.0	49.0	2885.0	1049.0	0.0	119.0	19.0	0.0	1009.0	27.0	34.0	0.0	5.0	15.0	414.0	403.0	213.0	0.0	6.0	78.0	0.0	408.0	75.0	0.0	10.0	26.0	0.0	50.0	24.0	0.0	0.0	0.0	0.0	0.0	0.0	0.0	0.0	0.0	0.0	0.0	0.0
SRR6440786	1634.0	636.0	44.0	16972.0	1912.0	62361.0	6323.0	140.0	6896.0	2775.0	0.0	402.0	5.0	0.0	3639.0	296.0	757.0	14.0	11.0	5.0	2060.0	99.0	256.0	0.0	17.0	124.0	7.0	612.0	139.0	0.0	0.0	0.0	0.0	53.0	14.0	0.0	0.0	0.0	0.0	0.0	0.0	0.0	0.0	0.0	0.0	0.0	0.0
SRR6440787	741.0	203.0	14.0	11410.0	4253.0	24589.0	10216.0	770.0	2090.0	2605.0	0.0	28.0	10.0	2.0	1474.0	186.0	2252.0	0.0	0.0	307.0	140.0	0.0	398.0	6.0	0.0	62.0	0.0	84.0	6.0	0.0	4.0	0.0	0.0	0.0	0.0	0.0	0.0	0.0	3.0	0.0	0.0	0.0	0.0	0.0	0.0	0.0	0.0
SRR6440789	152.0	23.0	0.0	4487.0	1306.0	7943.0	942.0	17.0	89.0	435.0	0.0	0.0	6.0	0.0	633.0	3.0	38.0	0.0	0.0	0.0	6.0	0.0	0.0	0.0	0.0	4.0	0.0	0.0	0.0	0.0	0.0	0.0	0.0	0.0	0.0	0.0	0.0	0.0	0.0	0.0	0.0	0.0	0.0	0.0	0.0	0.0	0.0
SRR6440791	363.0	85.0	7.0	3077.0	1549.0	16733.0	3266.0	70.0	205.0	431.0	0.0	0.0	2.0	0.0	446.0	478.0	104.0	0.0	0.0	421.0	20.0	7.0	15.0	0.0	2.0	0.0	0.0	0.0	0.0	0.0	0.0	0.0	0.0	0.0	0.0	0.0	0.0	0.0	0.0	0.0	0.0	0.0	0.0	0.0	0.0	0.0	0.0
SRR6440792	723.0	180.0	12.0	9366.0	3749.0	30303.0	7577.0	69.0	377.0	588.0	0.0	0.0	17.0	0.0	2591.0	142.0	493.0	0.0	0.0	114.0	90.0	32.0	99.0	0.0	0.0	0.0	2.0	0.0	3.0	0.0	0.0	0.0	0.0	0.0	0.0	0.0	0.0	0.0	0.0	0.0	0.0	0.0	0.0	0.0	0.0	0.0	0.0
SRR6440794	148.0	8.0	2.0	6321.0	1995.0	9497.0	2974.0	13.0	238.0	871.0	0.0	0.0	0.0	0.0	446.0	18.0	44.0	0.0	0.0	0.0	21.0	14.0	8.0	0.0	0.0	8.0	0.0	0.0	56.0	0.0	0.0	0.0	0.0	4.0	0.0	0.0	0.0	0.0	0.0	0.0	0.0	0.0	0.0	0.0	0.0	0.0	0.0
SRR6440795	274.0	118.0	6.0	6930.0	2499.0	17774.0	4165.0	3.0	291.0	933.0	0.0	0.0	15.0	0.0	912.0	52.0	118.0	0.0	0.0	49.0	26.0	44.0	9.0	0.0	3.0	0.0	0.0	13.0	0.0	0.0	0.0	0.0	3.0	0.0	0.0	0.0	0.0	0.0	0.0	0.0	0.0	0.0	0.0	0.0	0.0	0.0	0.0
SRR6440810	421.0	27.0	0.0	4259.0	762.0	10910.0	1809.0	60.0	124.0	226.0	0.0	0.0	0.0	0.0	759.0	396.0	416.0	0.0	0.0	745.0	3.0	31.0	0.0	0.0	0.0	0.0	0.0	0.0	0.0	0.0	0.0	0.0	0.0	0.0	0.0	0.0	0.0	0.0	9.0	0.0	0.0	2.0	0.0	0.0	0.0	0.0	0.0
SRR6440811	361.0	138.0	6.0	2381.0	2255.0	23243.0	4423.0	231.0	147.0	612.0	0.0	0.0	3.0	3.0	779.0	319.0	75.0	0.0	0.0	256.0	21.0	9.0	18.0	0.0	0.0	6.0	0.0	0.0	0.0	5.0	0.0	0.0	0.0	0.0	0.0	0.0	0.0	0.0	0.0	0.0	0.0	0.0	0.0	0.0	0.0	0.0	0.0
SRR6440816	347.0	50.0	3.0	947.0	2888.0	55839.0	2567.0	102.0	190.0	314.0	0.0	2.0	2.0	0.0	1925.0	375.0	46.0	0.0	0.0	246.0	291.0	7.0	32.0	0.0	0.0	0.0	2.0	0.0	0.0	0.0	0.0	0.0	0.0	3.0	0.0	0.0	0.0	0.0	0.0	0.0	0.0	3.0	0.0	0.0	0.0	0.0	0.0
SRR6440817	455.0	106.0	0.0	19728.0	3058.0	21429.0	9310.0	131.0	302.0	1051.0	0.0	0.0	2.0	0.0	1237.0	149.0	171.0	0.0	0.0	249.0	222.0	4.0	68.0	0.0	0.0	0.0	0.0	0.0	0.0	0.0	0.0	0.0	0.0	0.0	0.0	0.0	0.0	0.0	0.0	0.0	0.0	0.0	0.0	0.0	0.0	0.0	0.0
SRR6440828	96.0	29.0	4.0	639.0	685.0	37965.0	562.0	72.0	174.0	191.0	0.0	0.0	0.0	0.0	266.0	41.0	716.0	0.0	0.0	35.0	37.0	266.0	169.0	0.0	0.0	10.0	0.0	12.0	586.0	4.0	0.0	0.0	7.0	0.0	0.0	0.0	0.0	0.0	0.0	0.0	0.0	0.0	0.0	0.0	0.0	0.0	0.0
SRR6440829	524.0	49.0	4.0	17462.0	1164.0	9967.0	575.0	40.0	255.0	404.0	0.0	14.0	3.0	0.0	416.0	67.0	45.0	0.0	0.0	4.0	128.0	3.0	200.0	0.0	0.0	2.0	3.0	18.0	374.0	0.0	0.0	6.0	5.0	12.0	0.0	0.0	0.0	0.0	0.0	0.0	0.0	12.0	0.0	0.0	0.0	0.0	0.0
SRR6440831	817.0	73.0	44.0	7915.0	2464.0	27612.0	3357.0	406.0	1398.0	1426.0	0.0	38.0	10.0	4.0	808.0	182.0	354.0	0.0	0.0	320.0	320.0	349.0	148.0	0.0	0.0	33.0	0.0	158.0	580.0	0.0	0.0	10.0	6.0	16.0	11.0	0.0	0.0	0.0	0.0	0.0	0.0	14.0	0.0	0.0	0.0	0.0	0.0
SRR6440832	491.0	40.0	14.0	4822.0	3186.0	38937.0	5027.0	422.0	516.0	421.0	0.0	6.0	6.0	11.0	936.0	113.0	45.0	0.0	0.0	2252.0	60.0	393.0	45.0	0.0	4.0	0.0	3.0	15.0	210.0	4.0	0.0	0.0	0.0	0.0	0.0	0.0	0.0	0.0	0.0	0.0	0.0	0.0	0.0	0.0	0.0	0.0	0.0
SRR6440833	1435.0	390.0	83.0	18356.0	6989.0	21104.0	6057.0	183.0	3115.0	2784.0	0.0	97.0	2.0	6.0	1958.0	254.0	762.0	0.0	0.0	231.0	731.0	29.0	258.0	0.0	0.0	92.0	3.0	245.0	1087.0	0.0	0.0	9.0	7.0	23.0	0.0	0.0	0.0	0.0	0.0	0.0	0.0	0.0	0.0	0.0	0.0	0.0	0.0
SRR6440834	121.0	127.0	18.0	3283.0	1660.0	12324.0	4294.0	83.0	109.0	779.0	0.0	0.0	6.0	0.0	1441.0	80.0	2748.0	0.0	0.0	40.0	150.0	0.0	26.0	0.0	0.0	0.0	0.0	0.0	0.0	0.0	0.0	0.0	2.0	0.0	0.0	0.0	0.0	0.0	0.0	0.0	0.0	0.0	0.0	0.0	0.0	0.0	0.0
SRR6440836	505.0	84.0	17.0	36274.0	3140.0	21926.0	9465.0	556.0	429.0	521.0	0.0	0.0	0.0	0.0	359.0	208.0	343.0	0.0	0.0	207.0	29.0	12.0	99.0	0.0	0.0	0.0	0.0	24.0	135.0	0.0	0.0	0.0	3.0	0.0	0.0	0.0	0.0	0.0	0.0	0.0	0.0	0.0	0.0	0.0	0.0	0.0	0.0
SRR6440837	363.0	123.0	8.0	26919.0	4271.0	25201.0	3944.0	265.0	547.0	1395.0	0.0	20.0	3.0	0.0	523.0	93.0	263.0	0.0	0.0	167.0	154.0	0.0	47.0	0.0	0.0	24.0	0.0	20.0	782.0	0.0	0.0	0.0	0.0	0.0	0.0	0.0	0.0	0.0	0.0	0.0	0.0	50.0	0.0	0.0	0.0	0.0	0.0
SRR6440838	453.0	171.0	4.0	16073.0	1713.0	12529.0	4212.0	102.0	509.0	732.0	0.0	9.0	0.0	0.0	821.0	76.0	750.0	0.0	0.0	122.0	117.0	0.0	246.0	0.0	0.0	13.0	0.0	0.0	0.0	0.0	0.0	0.0	0.0	4.0	0.0	0.0	0.0	0.0	0.0	0.0	0.0	0.0	0.0	0.0	0.0	0.0	0.0
SRR6440839	1767.0	152.0	85.0	2799.0	5986.0	28426.0	11147.0	546.0	729.0	1017.0	0.0	0.0	12.0	0.0	6761.0	246.0	6945.0	0.0	0.0	3071.0	71.0	55.0	105.0	0.0	2.0	53.0	0.0	0.0	27.0	178.0	0.0	0.0	4.0	5.0	0.0	0.0	0.0	0.0	0.0	0.0	0.0	0.0	0.0	0.0	0.0	0.0	0.0
SRR6440840	665.0	118.0	18.0	10373.0	2813.0	13792.0	8293.0	202.0	678.0	1491.0	0.0	4.0	14.0	0.0	2178.0	193.0	502.0	0.0	0.0	845.0	342.0	47.0	75.0	4.0	0.0	25.0	8.0	11.0	3.0	0.0	0.0	0.0	0.0	0.0	4.0	0.0	0.0	0.0	0.0	0.0	0.0	0.0	0.0	0.0	0.0	0.0	0.0
SRR6440842	254.0	60.0	0.0	12545.0	2517.0	9499.0	8297.0	277.0	197.0	846.0	0.0	0.0	7.0	0.0	1444.0	89.0	240.0	0.0	0.0	298.0	55.0	0.0	65.0	0.0	0.0	3.0	11.0	0.0	13.0	0.0	0.0	0.0	0.0	0.0	0.0	0.0	0.0	0.0	0.0	0.0	0.0	0.0	0.0	0.0	0.0	0.0	0.0
SRR6440843	1529.0	201.0	44.0	16613.0	3846.0	32486.0	6186.0	190.0	1870.0	2442.0	0.0	18.0	3.0	0.0	3309.0	263.0	876.0	0.0	0.0	249.0	186.0	73.0	184.0	0.0	3.0	21.0	0.0	39.0	0.0	0.0	0.0	0.0	0.0	0.0	0.0	0.0	0.0	0.0	0.0	0.0	0.0	0.0	0.0	0.0	0.0	0.0	0.0
SRR6440857	110.0	39.0	0.0	5185.0	1017.0	5456.0	2074.0	38.0	178.0	436.0	0.0	0.0	2.0	0.0	591.0	27.0	162.0	0.0	0.0	30.0	24.0	0.0	3.0	0.0	3.0	0.0	0.0	0.0	0.0	0.0	0.0	0.0	0.0	0.0	0.0	0.0	0.0	0.0	0.0	0.0	0.0	0.0	0.0	0.0	0.0	0.0	0.0
SRR6440858	178.0	105.0	5.0	21891.0	2799.0	14952.0	5629.0	27.0	244.0	1190.0	0.0	0.0	2.0	5.0	808.0	116.0	8.0	0.0	0.0	176.0	18.0	0.0	1010.0	0.0	0.0	0.0	0.0	0.0	0.0	0.0	0.0	0.0	0.0	0.0	0.0	0.0	0.0	0.0	0.0	0.0	0.0	0.0	0.0	0.0	0.0	0.0	0.0
SRR6440859	1536.0	249.0	15.0	28032.0	4048.0	20088.0	10855.0	231.0	497.0	800.0	0.0	4.0	23.0	5.0	845.0	321.0	262.0	0.0	0.0	162.0	118.0	0.0	120.0	0.0	28.0	0.0	0.0	0.0	65.0	0.0	0.0	0.0	0.0	2.0	0.0	0.0	0.0	0.0	0.0	0.0	0.0	0.0	0.0	0.0	0.0	0.0	0.0
SRR6440861	460.0	117.0	5.0	7176.0	3036.0	22762.0	10115.0	128.0	473.0	1195.0	0.0	0.0	8.0	0.0	2248.0	153.0	239.0	0.0	0.0	514.0	54.0	81.0	19.0	0.0	0.0	8.0	0.0	0.0	0.0	0.0	0.0	0.0	0.0	0.0	0.0	0.0	0.0	0.0	0.0	0.0	0.0	0.0	0.0	0.0	0.0	0.0	0.0
SRR6440862	325.0	89.0	0.0	8406.0	1488.0	10309.0	2390.0	244.0	340.0	368.0	0.0	0.0	3.0	0.0	328.0	92.0	3103.0	0.0	0.0	113.0	53.0	8.0	31.0	0.0	0.0	0.0	0.0	0.0	6.0	0.0	0.0	0.0	0.0	0.0	0.0	0.0	0.0	0.0	0.0	0.0	0.0	0.0	0.0	0.0	0.0	0.0	0.0
SRR6440863	156.0	32.0	5.0	1180.0	972.0	14530.0	1299.0	120.0	124.0	107.0	0.0	0.0	19.0	7.0	663.0	129.0	882.0	0.0	0.0	270.0	13.0	28.0	11.0	0.0	0.0	0.0	0.0	0.0	4.0	16.0	0.0	0.0	0.0	0.0	0.0	0.0	0.0	0.0	0.0	0.0	0.0	0.0	0.0	0.0	0.0	0.0	0.0
SRR6440867	172.0	55.0	3.0	965.0	1075.0	16706.0	2672.0	176.0	253.0	336.0	0.0	0.0	4.0	0.0	1169.0	60.0	1708.0	0.0	0.0	199.0	9.0	0.0	3.0	0.0	0.0	0.0	0.0	0.0	0.0	0.0	0.0	0.0	0.0	0.0	0.0	0.0	0.0	0.0	0.0	0.0	0.0	0.0	0.0	0.0	0.0	0.0	0.0
SRR6440869	417.0	101.0	18.0	4354.0	3446.0	20645.0	9643.0	321.0	373.0	626.0	0.0	0.0	4.0	0.0	1710.0	83.0	4337.0	0.0	0.0	364.0	24.0	10.0	13.0	0.0	0.0	26.0	0.0	5.0	0.0	0.0	0.0	0.0	3.0	0.0	0.0	0.0	0.0	0.0	0.0	0.0	0.0	0.0	0.0	0.0	0.0	0.0	0.0
SRR6440880	233.0	48.0	9.0	2717.0	755.0	6542.0	2220.0	70.0	365.0	525.0	0.0	0.0	0.0	0.0	374.0	28.0	915.0	0.0	0.0	44.0	20.0	13.0	8.0	0.0	0.0	0.0	2.0	15.0	0.0	0.0	0.0	0.0	0.0	0.0	0.0	0.0	0.0	0.0	0.0	0.0	0.0	51.0	0.0	0.0	0.0	0.0	0.0
SRR6440882	41.0	3.0	0.0	348.0	216.0	103109.0	439.0	93.0	12.0	41.0	0.0	0.0	0.0	0.0	45.0	0.0	734.0	0.0	0.0	55.0	0.0	0.0	0.0	0.0	0.0	0.0	0.0	3.0	0.0	0.0	0.0	0.0	0.0	0.0	0.0	0.0	0.0	0.0	0.0	0.0	0.0	0.0	0.0	0.0	0.0	0.0	0.0
SRR6440883	588.0	147.0	20.0	1199.0	1656.0	27037.0	4604.0	309.0	529.0	259.0	0.0	0.0	4.0	0.0	2124.0	334.0	329.0	0.0	0.0	4.0	42.0	0.0	49.0	0.0	0.0	22.0	0.0	0.0	0.0	10.0	0.0	0.0	0.0	0.0	0.0	0.0	0.0	0.0	0.0	0.0	0.0	0.0	0.0	0.0	0.0	0.0	0.0
SRR6440886	1122.0	112.0	3.0	4020.0	10171.0	32127.0	7844.0	66.0	489.0	886.0	0.0	0.0	16.0	0.0	1188.0	924.0	0.0	0.0	0.0	107.0	11.0	15.0	66.0	0.0	0.0	0.0	2.0	0.0	0.0	0.0	0.0	0.0	0.0	0.0	0.0	0.0	0.0	0.0	0.0	0.0	0.0	0.0	0.0	0.0	0.0	0.0	0.0
SRR6440887	469.0	82.0	70.0	1733.0	2166.0	10074.0	1479.0	58.0	135.0	345.0	0.0	0.0	0.0	3.0	734.0	97.0	97.0	0.0	0.0	110.0	7.0	262.0	2097.0	0.0	0.0	9.0	0.0	0.0	101.0	18.0	0.0	0.0	0.0	0.0	0.0	0.0	0.0	0.0	0.0	0.0	0.0	0.0	0.0	0.0	0.0	0.0	0.0
SRR6440889	285.0	76.0	20.0	404.0	2077.0	18295.0	2776.0	157.0	167.0	426.0	0.0	5.0	14.0	0.0	1209.0	105.0	130.0	0.0	0.0	230.0	9.0	3.0	61.0	0.0	0.0	12.0	0.0	0.0	0.0	6.0	0.0	0.0	0.0	0.0	0.0	0.0	0.0	0.0	0.0	0.0	0.0	0.0	0.0	0.0	0.0	0.0	0.0
SRR6440892	518.0	75.0	6.0	946.0	1473.0	34386.0	5447.0	202.0	349.0	742.0	0.0	0.0	0.0	3.0	1043.0	137.0	559.0	0.0	0.0	257.0	20.0	70.0	8.0	0.0	0.0	13.0	7.0	16.0	60.0	0.0	0.0	5.0	0.0	0.0	0.0	0.0	0.0	0.0	0.0	0.0	0.0	0.0	0.0	0.0	0.0	0.0	0.0
SRR6440893	265.0	79.0	0.0	21823.0	3544.0	11301.0	6479.0	56.0	139.0	403.0	0.0	0.0	3.0	0.0	469.0	89.0	59.0	0.0	0.0	62.0	36.0	0.0	15.0	0.0	0.0	0.0	0.0	3.0	0.0	0.0	0.0	0.0	0.0	0.0	0.0	0.0	0.0	0.0	0.0	0.0	0.0	0.0	0.0	0.0	0.0	0.0	0.0
SRR6440896	86.0	39.0	0.0	81099.0	177.0	6743.0	899.0	111.0	71.0	49.0	0.0	6.0	0.0	0.0	57.0	54.0	300.0	0.0	0.0	4.0	14.0	0.0	17.0	0.0	0.0	0.0	0.0	9.0	0.0	0.0	0.0	0.0	0.0	0.0	0.0	0.0	0.0	0.0	0.0	0.0	0.0	0.0	0.0	0.0	0.0	0.0	0.0
SRR6440897	655.0	40.0	30.0	3464.0	2776.0	42985.0	1607.0	258.0	1015.0	376.0	0.0	0.0	69.0	0.0	2092.0	365.0	372.0	0.0	0.0	221.0	50.0	168.0	7.0	0.0	0.0	23.0	0.0	0.0	4.0	55.0	0.0	0.0	2.0	4.0	0.0	0.0	0.0	0.0	0.0	0.0	0.0	0.0	0.0	0.0	0.0	0.0	0.0
SRR6440901	440.0	177.0	0.0	6306.0	2562.0	15072.0	3543.0	99.0	574.0	686.0	0.0	0.0	2.0	0.0	885.0	130.0	184.0	0.0	0.0	6.0	119.0	0.0	119.0	0.0	0.0	0.0	2.0	0.0	0.0	0.0	0.0	0.0	2.0	0.0	0.0	0.0	0.0	0.0	0.0	0.0	0.0	15.0	0.0	0.0	0.0	0.0	0.0
SRR6440917	594.0	108.0	12.0	1522.0	1860.0	8899.0	3874.0	313.0	288.0	530.0	0.0	0.0	6.0	0.0	1322.0	50.0	2856.0	0.0	0.0	657.0	7.0	0.0	255.0	0.0	0.0	0.0	0.0	0.0	0.0	0.0	0.0	0.0	0.0	0.0	0.0	0.0	0.0	0.0	0.0	0.0	0.0	0.0	0.0	0.0	0.0	0.0	0.0
SRR6440918	223.0	9.0	29.0	536.0	515.0	43944.0	1237.0	18.0	137.0	277.0	0.0	0.0	15.0	0.0	741.0	35.0	1692.0	0.0	0.0	10.0	8.0	7.0	131.0	0.0	0.0	32.0	0.0	0.0	0.0	11.0	0.0	0.0	0.0	4.0	0.0	0.0	0.0	0.0	0.0	0.0	0.0	0.0	0.0	0.0	0.0	0.0	0.0
SRR6440919	240.0	5.0	4.0	299.0	1223.0	62323.0	4630.0	606.0	251.0	257.0	0.0	0.0	0.0	0.0	1171.0	60.0	4483.0	0.0	0.0	84.0	24.0	369.0	158.0	0.0	0.0	0.0	0.0	10.0	19.0	0.0	0.0	0.0	4.0	0.0	0.0	0.0	0.0	0.0	0.0	0.0	0.0	12.0	0.0	0.0	0.0	0.0	0.0
SRR6440920	627.0	96.0	27.0	1107.0	866.0	9789.0	1414.0	326.0	419.0	830.0	0.0	3.0	8.0	0.0	1376.0	71.0	5247.0	0.0	0.0	97.0	67.0	15.0	641.0	0.0	0.0	57.0	0.0	0.0	0.0	24.0	0.0	0.0	0.0	0.0	0.0	0.0	0.0	0.0	0.0	0.0	0.0	0.0	0.0	0.0	0.0	0.0	0.0
SRR6440921	722.0	152.0	7.0	9928.0	2491.0	83121.0	12397.0	67.0	916.0	1868.0	0.0	10.0	6.0	0.0	1414.0	136.0	521.0	0.0	0.0	89.0	84.0	11.0	33.0	0.0	0.0	50.0	0.0	0.0	0.0	0.0	0.0	0.0	0.0	0.0	0.0	0.0	0.0	0.0	0.0	0.0	0.0	0.0	0.0	0.0	0.0	0.0	0.0
SRR6440936	573.0	29.0	30.0	6323.0	5307.0	54987.0	5294.0	1029.0	4227.0	295.0	0.0	0.0	7.0	11.0	2874.0	272.0	873.0	0.0	0.0	1580.0	25.0	773.0	24.0	0.0	6.0	8.0	3.0	0.0	5.0	0.0	0.0	0.0	0.0	0.0	0.0	0.0	0.0	0.0	0.0	0.0	0.0	0.0	0.0	0.0	0.0	0.0	0.0
SRR6440937	347.0	225.0	0.0	6480.0	2338.0	18562.0	7845.0	83.0	691.0	995.0	0.0	5.0	5.0	0.0	1046.0	77.0	256.0	0.0	0.0	71.0	87.0	91.0	522.0	0.0	0.0	9.0	0.0	9.0	0.0	0.0	0.0	0.0	0.0	0.0	0.0	0.0	0.0	0.0	0.0	0.0	0.0	0.0	0.0	0.0	0.0	0.0	0.0
SRR6440940	248.0	174.0	0.0	18021.0	3165.0	20264.0	7411.0	101.0	298.0	1436.0	0.0	0.0	13.0	0.0	1460.0	193.0	658.0	0.0	0.0	309.0	66.0	5.0	30.0	0.0	0.0	7.0	0.0	0.0	89.0	6.0	0.0	0.0	0.0	0.0	0.0	0.0	0.0	0.0	0.0	0.0	0.0	0.0	0.0	0.0	0.0	0.0	0.0
SRR6440941	926.0	74.0	20.0	9401.0	3979.0	28116.0	5226.0	384.0	808.0	624.0	0.0	18.0	18.0	4.0	833.0	1540.0	429.0	0.0	0.0	309.0	148.0	15.0	57.0	0.0	0.0	0.0	3.0	103.0	1279.0	0.0	0.0	0.0	7.0	0.0	7.0	0.0	0.0	0.0	0.0	0.0	0.0	0.0	0.0	0.0	0.0	0.0	0.0
SRR6440946	461.0	128.0	19.0	1123.0	503.0	6021.0	1018.0	90.0	155.0	388.0	0.0	5.0	4.0	2.0	470.0	49.0	279.0	0.0	0.0	264.0	2.0	0.0	2.0	0.0	0.0	20.0	0.0	0.0	3.0	0.0	0.0	0.0	3.0	0.0	0.0	0.0	0.0	0.0	0.0	0.0	0.0	0.0	0.0	0.0	0.0	0.0	0.0
SRR6440949	547.0	245.0	19.0	1384.0	762.0	11286.0	1867.0	28.0	283.0	535.0	0.0	0.0	11.0	0.0	1058.0	75.0	487.0	0.0	0.0	413.0	24.0	0.0	110.0	0.0	0.0	53.0	0.0	11.0	0.0	0.0	0.0	0.0	0.0	0.0	0.0	0.0	0.0	0.0	0.0	0.0	0.0	0.0	0.0	0.0	0.0	0.0	0.0
SRR6440951	861.0	26.0	6.0	6031.0	4670.0	135532.0	4245.0	338.0	2692.0	1420.0	0.0	0.0	0.0	0.0	2082.0	187.0	10761.0	0.0	0.0	1896.0	40.0	2490.0	59.0	0.0	0.0	0.0	0.0	0.0	1982.0	96.0	0.0	0.0	0.0	0.0	0.0	0.0	0.0	0.0	0.0	0.0	0.0	0.0	0.0	0.0	0.0	0.0	0.0
SRR6440953	497.0	139.0	12.0	41645.0	3699.0	19819.0	6586.0	101.0	1050.0	940.0	0.0	14.0	12.0	0.0	957.0	120.0	706.0	0.0	0.0	41.0	305.0	24.0	71.0	0.0	0.0	7.0	0.0	41.0	297.0	0.0	0.0	2.0	0.0	0.0	0.0	0.0	0.0	0.0	0.0	0.0	0.0	0.0	0.0	0.0	0.0	0.0	0.0
SRR6440955	1050.0	299.0	5.0	8106.0	16115.0	40494.0	18896.0	175.0	473.0	3120.0	0.0	0.0	2.0	3.0	1333.0	743.0	3.0	0.0	0.0	1845.0	21.0	0.0	10.0	0.0	3.0	0.0	0.0	0.0	187.0	0.0	0.0	0.0	0.0	0.0	0.0	0.0	0.0	0.0	0.0	0.0	0.0	0.0	0.0	0.0	0.0	0.0	0.0
SRR6440956	860.0	193.0	11.0	23210.0	3542.0	26288.0	5811.0	100.0	1594.0	2011.0	0.0	63.0	9.0	0.0	1474.0	200.0	558.0	0.0	0.0	31.0	318.0	36.0	34.0	0.0	0.0	45.0	0.0	169.0	325.0	0.0	0.0	8.0	0.0	21.0	8.0	0.0	0.0	0.0	0.0	0.0	0.0	0.0	0.0	0.0	0.0	0.0	0.0
SRR6440969	185.0	60.0	13.0	765.0	774.0	5809.0	4087.0	181.0	171.0	223.0	0.0	0.0	0.0	0.0	1061.0	40.0	479.0	0.0	0.0	157.0	7.0	0.0	12.0	0.0	0.0	41.0	0.0	8.0	3.0	32.0	0.0	0.0	0.0	0.0	0.0	0.0	0.0	0.0	0.0	0.0	0.0	0.0	0.0	0.0	0.0	0.0	0.0
SRR6440972	94.0	57.0	5.0	1593.0	1419.0	7040.0	3175.0	37.0	237.0	433.0	0.0	0.0	0.0	0.0	460.0	23.0	196.0	0.0	0.0	31.0	32.0	3.0	22.0	0.0	0.0	10.0	0.0	11.0	3.0	0.0	0.0	0.0	0.0	0.0	0.0	0.0	0.0	0.0	0.0	0.0	0.0	0.0	0.0	0.0	0.0	0.0	0.0
