#SampleID	d__Bacteria;p__Myxococcota	d__Bacteria;p__Verrucomicrobiota	d__Bacteria;p__Proteobacteria	d__Bacteria;p__Bacteroidota	d__Bacteria;p__Nitrospirota	d__Bacteria;p__Bdellovibrionota	d__Bacteria;p__Armatimonadota	d__Bacteria;p__Actinobacteriota	d__Bacteria;p__Planctomycetota	d__Bacteria;p__Acidobacteriota	d__Bacteria;p__Gemmatimonadota	d__Bacteria;p__Chloroflexi	d__Bacteria;p__Firmicutes	d__Bacteria;p__Patescibacteria	d__Bacteria;p__Hydrogenedentes	d__Bacteria;p__Cyanobacteria	d__Bacteria;p__Desulfobacterota	d__Bacteria;p__Methylomirabilota	d__Bacteria;p__Dependentiae	d__Bacteria;p__Sumerlaeota	d__Bacteria;p__Cloacimonadota	d__Bacteria;p__Abditibacteriota	d__Bacteria;p__Spirochaetota	d__Bacteria;p__Synergistota	d__Bacteria;p__Elusimicrobiota	d__Bacteria;p__Latescibacterota	d__Bacteria;p__RCP2-54	d__Bacteria;p__Thermotogota	d__Bacteria;p__Fibrobacterota	d__Bacteria;p__Dadabacteria	d__Bacteria;p__Deinococcota	d__Bacteria;p__SAR324_clade(Marine_group_B)	d__Bacteria;p__WPS-2	d__Bacteria;p__FCPU426	d__Bacteria;p__Caldisericota	d__Bacteria;p__GAL15	d__Bacteria;p__MBNT15	d__Bacteria;p__NB1-j	d__Bacteria;p__WS2	d__Bacteria;p__Fusobacteriota	d__Bacteria;p__Entotheonellaeota	d__Bacteria;p__Caldatribacteriota	d__Bacteria;p__WS1	d__Bacteria;p__Coprothermobacterota	d__Bacteria;p__TX1A-33
SRR19309706	40.0	856.0	11848.0	2245.0	0.0	36.0	116.0	1508.0	1818.0	209.0	101.0	364.0	1827.0	57.0	0.0	731.0	8.0	0.0	0.0	4.0	17.0	37.0	4.0	15.0	0.0	0.0	0.0	0.0	0.0	0.0	0.0	0.0	0.0	0.0	4.0	0.0	0.0	0.0	0.0	0.0	0.0	17.0	0.0	0.0	0.0
SRR19309717	44.0	1341.0	11073.0	3104.0	0.0	52.0	98.0	1609.0	2636.0	326.0	174.0	217.0	5022.0	85.0	0.0	472.0	0.0	0.0	106.0	3.0	7.0	116.0	0.0	37.0	0.0	0.0	0.0	0.0	0.0	0.0	0.0	0.0	0.0	0.0	0.0	0.0	0.0	0.0	0.0	0.0	0.0	4.0	4.0	9.0	0.0
SRR19309728	77.0	1728.0	15704.0	4312.0	0.0	80.0	184.0	4347.0	3747.0	773.0	176.0	3860.0	3526.0	65.0	0.0	679.0	11.0	0.0	80.0	10.0	0.0	22.0	0.0	65.0	0.0	0.0	3.0	0.0	0.0	0.0	0.0	0.0	87.0	0.0	0.0	0.0	0.0	0.0	0.0	0.0	0.0	9.0	3.0	15.0	0.0
SRR19309739	100.0	1970.0	21634.0	5004.0	0.0	77.0	231.0	2909.0	3874.0	376.0	80.0	1008.0	2746.0	45.0	3.0	1150.0	8.0	0.0	0.0	4.0	7.0	4.0	0.0	44.0	0.0	0.0	0.0	0.0	0.0	0.0	0.0	0.0	0.0	0.0	0.0	0.0	0.0	0.0	0.0	0.0	0.0	47.0	0.0	45.0	0.0
SRR19309750	44.0	1402.0	15553.0	3435.0	0.0	50.0	100.0	5015.0	3630.0	405.0	192.0	450.0	2753.0	22.0	0.0	451.0	7.0	0.0	24.0	0.0	11.0	65.0	0.0	59.0	0.0	0.0	0.0	5.0	0.0	0.0	0.0	0.0	7.0	0.0	0.0	0.0	0.0	0.0	0.0	13.0	0.0	0.0	0.0	17.0	0.0
SRR19309752	800.0	14374.0	32380.0	6736.0	117.0	304.0	147.0	2597.0	2417.0	5631.0	81.0	1550.0	2398.0	108.0	2.0	582.0	167.0	64.0	120.0	18.0	160.0	21.0	6.0	116.0	157.0	202.0	0.0	0.0	190.0	0.0	7.0	3.0	18.0	203.0	0.0	4.0	7.0	0.0	2.0	0.0	25.0	134.0	0.0	0.0	0.0
SRR19309753	645.0	10118.0	27126.0	12997.0	105.0	595.0	152.0	1796.0	3369.0	4432.0	41.0	1383.0	1363.0	231.0	0.0	683.0	140.0	48.0	231.0	21.0	57.0	160.0	28.0	57.0	194.0	124.0	5.0	0.0	657.0	0.0	29.0	0.0	3.0	272.0	0.0	2.0	8.0	2.0	3.0	0.0	39.0	42.0	0.0	18.0	0.0
SRR19309754	617.0	7241.0	21448.0	7605.0	315.0	485.0	279.0	1878.0	3604.0	4293.0	377.0	2297.0	1501.0	140.0	0.0	428.0	91.0	107.0	131.0	8.0	134.0	172.0	15.0	54.0	114.0	141.0	6.0	4.0	548.0	0.0	29.0	3.0	0.0	120.0	0.0	0.0	10.0	0.0	0.0	0.0	40.0	40.0	0.0	27.0	0.0
SRR19309755	531.0	3275.0	15869.0	2752.0	200.0	217.0	745.0	2647.0	4189.0	5281.0	702.0	2862.0	1269.0	56.0	3.0	172.0	49.0	203.0	65.0	37.0	0.0	28.0	0.0	0.0	19.0	161.0	15.0	0.0	89.0	0.0	6.0	0.0	2.0	135.0	0.0	0.0	3.0	4.0	11.0	0.0	27.0	0.0	0.0	0.0	0.0
SRR19309756	237.0	1716.0	9671.0	1285.0	100.0	118.0	363.0	2453.0	2260.0	3080.0	396.0	2020.0	1379.0	23.0	2.0	243.0	17.0	152.0	11.0	25.0	0.0	0.0	0.0	0.0	22.0	78.0	16.0	0.0	27.0	0.0	0.0	3.0	0.0	57.0	0.0	10.0	0.0	2.0	0.0	0.0	0.0	0.0	0.0	0.0	0.0
SRR19309761	169.0	2643.0	49118.0	10532.0	0.0	189.0	138.0	10952.0	9495.0	1230.0	770.0	1852.0	10260.0	56.0	0.0	1150.0	61.0	0.0	0.0	0.0	48.0	22.0	0.0	376.0	0.0	0.0	0.0	14.0	0.0	0.0	0.0	0.0	0.0	0.0	0.0	0.0	0.0	0.0	0.0	0.0	0.0	147.0	0.0	90.0	0.0
SRR19309762	366.0	2778.0	9715.0	1514.0	160.0	30.0	341.0	1616.0	2544.0	4006.0	416.0	1945.0	1043.0	50.0	0.0	123.0	40.0	202.0	18.0	10.0	0.0	23.0	7.0	20.0	43.0	86.0	21.0	0.0	36.0	0.0	15.0	2.0	0.0	57.0	0.0	8.0	0.0	0.0	0.0	0.0	22.0	0.0	0.0	14.0	0.0
SRR19309763	271.0	1702.0	5498.0	1304.0	107.0	59.0	527.0	2165.0	2794.0	3883.0	488.0	2509.0	695.0	9.0	0.0	45.0	0.0	220.0	13.0	18.0	0.0	20.0	0.0	0.0	3.0	120.0	15.0	0.0	76.0	0.0	0.0	9.0	0.0	38.0	0.0	6.0	3.0	3.0	0.0	0.0	21.0	0.0	0.0	0.0	0.0
SRR19309764	128.0	896.0	2585.0	393.0	96.0	30.0	276.0	1165.0	1418.0	2953.0	282.0	1320.0	435.0	8.0	3.0	23.0	39.0	214.0	8.0	2.0	0.0	0.0	5.0	0.0	6.0	124.0	5.0	0.0	20.0	0.0	0.0	0.0	7.0	22.0	0.0	0.0	5.0	0.0	2.0	0.0	41.0	0.0	0.0	0.0	0.0
SRR19309765	119.0	1546.0	2564.0	543.0	86.0	23.0	333.0	919.0	2153.0	3050.0	393.0	1546.0	289.0	11.0	0.0	26.0	19.0	114.0	10.0	51.0	0.0	0.0	0.0	0.0	11.0	55.0	0.0	0.0	44.0	0.0	0.0	0.0	0.0	32.0	0.0	0.0	4.0	0.0	6.0	0.0	23.0	0.0	0.0	0.0	0.0
SRR19309766	160.0	1532.0	5543.0	707.0	133.0	43.0	335.0	1002.0	1734.0	2726.0	290.0	1282.0	617.0	20.0	0.0	24.0	16.0	92.0	0.0	3.0	0.0	19.0	2.0	0.0	7.0	63.0	0.0	0.0	16.0	0.0	8.0	3.0	0.0	30.0	0.0	0.0	4.0	2.0	6.0	0.0	19.0	0.0	0.0	0.0	0.0
SRR19309767	180.0	1939.0	15885.0	2844.0	0.0	21.0	184.0	2923.0	1857.0	794.0	785.0	1422.0	2796.0	90.0	0.0	619.0	18.0	23.0	9.0	29.0	43.0	13.0	0.0	67.0	0.0	0.0	0.0	0.0	6.0	0.0	0.0	0.0	19.0	0.0	0.0	4.0	0.0	0.0	0.0	10.0	0.0	13.0	2.0	14.0	0.0
SRR19309768	225.0	2575.0	24954.0	4374.0	0.0	89.0	268.0	2745.0	2799.0	569.0	689.0	872.0	3017.0	145.0	0.0	1210.0	16.0	6.0	3.0	35.0	15.0	50.0	12.0	47.0	11.0	0.0	0.0	0.0	0.0	0.0	0.0	0.0	37.0	3.0	0.0	0.0	0.0	0.0	0.0	0.0	0.0	14.0	0.0	6.0	0.0
SRR19309769	178.0	2548.0	16222.0	4413.0	0.0	85.0	114.0	2580.0	2069.0	816.0	692.0	828.0	2309.0	290.0	0.0	513.0	24.0	15.0	0.0	40.0	46.0	19.0	0.0	39.0	0.0	3.0	0.0	7.0	180.0	0.0	0.0	0.0	27.0	0.0	0.0	0.0	0.0	0.0	0.0	0.0	0.0	22.0	3.0	26.0	0.0
SRR19309770	245.0	3925.0	18463.0	4648.0	0.0	117.0	583.0	2753.0	3126.0	799.0	1040.0	979.0	2931.0	76.0	0.0	1538.0	0.0	22.0	0.0	32.0	0.0	233.0	0.0	0.0	7.0	11.0	0.0	0.0	0.0	0.0	0.0	0.0	13.0	0.0	0.0	0.0	0.0	0.0	0.0	0.0	0.0	0.0	0.0	0.0	6.0
SRR19309771	117.0	2442.0	8656.0	1553.0	0.0	22.0	104.0	1332.0	928.0	340.0	457.0	379.0	1735.0	88.0	0.0	300.0	16.0	0.0	0.0	5.0	10.0	26.0	0.0	39.0	0.0	4.0	0.0	0.0	21.0	0.0	0.0	0.0	0.0	0.0	0.0	0.0	0.0	0.0	0.0	0.0	0.0	12.0	0.0	11.0	0.0
SRR19309772	72.0	836.0	23272.0	6059.0	0.0	141.0	37.0	6618.0	5025.0	428.0	351.0	1051.0	3286.0	14.0	0.0	801.0	10.0	0.0	0.0	0.0	0.0	2.0	0.0	141.0	0.0	0.0	0.0	0.0	0.0	0.0	0.0	0.0	0.0	0.0	0.0	0.0	0.0	0.0	0.0	0.0	0.0	13.0	6.0	39.0	0.0
SRR19309773	79.0	251.0	4463.0	956.0	6.0	0.0	62.0	1866.0	551.0	473.0	406.0	865.0	2305.0	3.0	0.0	237.0	5.0	21.0	0.0	0.0	30.0	0.0	7.0	11.0	0.0	5.0	0.0	0.0	0.0	0.0	0.0	0.0	18.0	0.0	0.0	0.0	0.0	0.0	0.0	0.0	0.0	9.0	3.0	11.0	0.0
SRR19309774	112.0	602.0	7141.0	2063.0	0.0	35.0	34.0	2266.0	1041.0	311.0	386.0	753.0	2140.0	0.0	0.0	582.0	7.0	0.0	0.0	16.0	8.0	3.0	0.0	24.0	0.0	3.0	0.0	0.0	0.0	0.0	0.0	0.0	48.0	0.0	3.0	0.0	0.0	0.0	0.0	0.0	0.0	6.0	0.0	5.0	0.0
SRR19309775	44.0	580.0	4699.0	2486.0	0.0	0.0	145.0	1975.0	727.0	197.0	156.0	447.0	1816.0	0.0	0.0	370.0	17.0	8.0	0.0	4.0	8.0	0.0	0.0	23.0	0.0	0.0	0.0	0.0	0.0	0.0	0.0	0.0	8.0	0.0	0.0	0.0	0.0	0.0	0.0	0.0	0.0	0.0	4.0	0.0	0.0
SRR19309776	55.0	753.0	9887.0	1983.0	0.0	48.0	118.0	3739.0	1341.0	413.0	396.0	439.0	3692.0	4.0	0.0	564.0	7.0	0.0	0.0	11.0	40.0	0.0	13.0	143.0	0.0	0.0	0.0	0.0	6.0	0.0	0.0	0.0	7.0	0.0	15.0	0.0	0.0	0.0	0.0	0.0	0.0	27.0	10.0	14.0	0.0
SRR19309777	76.0	565.0	6517.0	1533.0	0.0	0.0	166.0	2050.0	940.0	435.0	450.0	563.0	2962.0	19.0	0.0	473.0	21.0	0.0	3.0	8.0	30.0	10.0	0.0	54.0	0.0	0.0	0.0	0.0	14.0	0.0	0.0	0.0	0.0	0.0	0.0	0.0	0.0	0.0	0.0	0.0	0.0	8.0	0.0	26.0	0.0
SRR19309779	446.0	5742.0	23598.0	4126.0	15.0	237.0	605.0	4280.0	7648.0	7872.0	299.0	6843.0	710.0	202.0	0.0	498.0	202.0	22.0	106.0	7.0	80.0	33.0	0.0	79.0	53.0	0.0	67.0	8.0	39.0	0.0	0.0	0.0	280.0	30.0	0.0	4.0	0.0	0.0	0.0	0.0	0.0	11.0	0.0	21.0	0.0
SRR19309780	354.0	6077.0	19402.0	3211.0	0.0	251.0	649.0	2501.0	6716.0	6340.0	162.0	7533.0	555.0	140.0	13.0	247.0	181.0	54.0	162.0	12.0	166.0	57.0	37.0	155.0	19.0	22.0	28.0	0.0	20.0	8.0	0.0	0.0	379.0	68.0	0.0	4.0	0.0	0.0	0.0	0.0	0.0	24.0	0.0	48.0	0.0
SRR19309781	177.0	3513.0	19049.0	2750.0	0.0	101.0	265.0	2090.0	4017.0	3239.0	111.0	4695.0	1252.0	76.0	0.0	221.0	82.0	16.0	344.0	0.0	138.0	13.0	33.0	184.0	2.0	9.0	36.0	7.0	16.0	0.0	0.0	0.0	114.0	15.0	0.0	0.0	0.0	0.0	0.0	6.0	0.0	20.0	0.0	49.0	0.0
SRR19309782	284.0	4688.0	14688.0	4196.0	7.0	188.0	303.0	1557.0	4754.0	4376.0	101.0	3523.0	470.0	154.0	16.0	348.0	114.0	10.0	54.0	0.0	45.0	17.0	19.0	112.0	42.0	5.0	20.0	19.0	146.0	0.0	0.0	0.0	174.0	48.0	13.0	2.0	3.0	0.0	0.0	9.0	0.0	26.0	0.0	54.0	0.0
SRR19309783	93.0	1002.0	22187.0	6861.0	0.0	81.0	101.0	7576.0	4645.0	605.0	217.0	1376.0	5736.0	33.0	7.0	827.0	14.0	0.0	0.0	7.0	22.0	0.0	3.0	123.0	0.0	0.0	0.0	15.0	0.0	0.0	0.0	0.0	0.0	0.0	0.0	0.0	0.0	0.0	0.0	2.0	0.0	47.0	12.0	9.0	0.0
SRR19309784	164.0	4366.0	16857.0	3406.0	3.0	111.0	306.0	2043.0	3769.0	4751.0	74.0	3736.0	550.0	197.0	0.0	289.0	98.0	7.0	114.0	2.0	45.0	13.0	16.0	136.0	30.0	7.0	14.0	0.0	4.0	0.0	0.0	0.0	454.0	31.0	0.0	0.0	0.0	0.0	0.0	0.0	0.0	26.0	0.0	30.0	0.0
SRR19309789	117.0	2030.0	4152.0	680.0	0.0	46.0	331.0	1182.0	2781.0	2751.0	139.0	3359.0	45.0	56.0	0.0	33.0	37.0	2.0	19.0	4.0	0.0	2.0	0.0	0.0	15.0	9.0	38.0	0.0	6.0	0.0	0.0	0.0	82.0	0.0	0.0	0.0	0.0	0.0	0.0	0.0	0.0	0.0	0.0	0.0	0.0
SRR19309790	200.0	1826.0	4036.0	665.0	3.0	29.0	393.0	958.0	2918.0	2836.0	146.0	3639.0	52.0	36.0	0.0	75.0	56.0	10.0	13.0	0.0	0.0	0.0	0.0	0.0	19.0	5.0	30.0	0.0	5.0	0.0	0.0	0.0	92.0	0.0	0.0	2.0	3.0	0.0	0.0	0.0	0.0	0.0	0.0	0.0	0.0
SRR19309791	119.0	1770.0	3528.0	361.0	2.0	48.0	486.0	1126.0	2393.0	2836.0	304.0	2352.0	106.0	34.0	0.0	41.0	31.0	13.0	14.0	10.0	0.0	0.0	0.0	0.0	15.0	4.0	26.0	0.0	6.0	0.0	0.0	2.0	66.0	0.0	0.0	0.0	5.0	0.0	0.0	0.0	0.0	0.0	0.0	0.0	0.0
SRR19309792	133.0	1586.0	3754.0	765.0	0.0	38.0	497.0	973.0	2850.0	2440.0	125.0	2912.0	35.0	40.0	0.0	61.0	54.0	8.0	34.0	6.0	0.0	0.0	0.0	0.0	15.0	8.0	16.0	0.0	0.0	0.0	0.0	0.0	38.0	0.0	0.0	0.0	0.0	0.0	0.0	0.0	0.0	0.0	0.0	0.0	0.0
SRR19309793	182.0	3282.0	5605.0	1624.0	0.0	79.0	370.0	1234.0	4015.0	3798.0	265.0	4078.0	92.0	62.0	0.0	67.0	71.0	7.0	19.0	0.0	11.0	0.0	0.0	0.0	14.0	0.0	17.0	0.0	7.0	0.0	0.0	0.0	108.0	0.0	0.0	0.0	0.0	0.0	0.0	0.0	0.0	0.0	6.0	7.0	0.0
SRR19309794	144.0	2141.0	58625.0	22366.0	0.0	350.0	24.0	13073.0	4306.0	1641.0	88.0	710.0	10223.0	45.0	0.0	3046.0	138.0	0.0	9.0	0.0	36.0	67.0	57.0	80.0	0.0	0.0	0.0	0.0	0.0	0.0	0.0	0.0	11.0	0.0	0.0	0.0	0.0	0.0	0.0	8.0	0.0	12.0	3.0	64.0	0.0
SRR19309795	102.0	1345.0	35564.0	14273.0	0.0	204.0	39.0	8969.0	4195.0	1071.0	122.0	737.0	8964.0	46.0	0.0	1915.0	0.0	0.0	0.0	0.0	0.0	16.0	0.0	157.0	0.0	0.0	0.0	0.0	0.0	0.0	3.0	0.0	0.0	0.0	0.0	0.0	0.0	0.0	0.0	0.0	0.0	74.0	10.0	0.0	0.0
