#SampleID	d__Bacteria;p__Myxococcota;c__Polyangia;o__Polyangiales	d__Bacteria;p__Verrucomicrobiota;c__Verrucomicrobiae;o__Opitutales	d__Bacteria;p__Proteobacteria;c__Gammaproteobacteria;o__Diplorickettsiales	d__Bacteria;p__Bacteroidota;c__Bacteroidia;o__Chitinophagales	d__Bacteria;p__Nitrospirota;c__Nitrospiria;o__Nitrospirales	d__Bacteria;p__Bdellovibrionota;c__Bdellovibrionia;o__Bdellovibrionales	d__Bacteria;p__Armatimonadota;c__Armatimonadia;o__Armatimonadales	d__Bacteria;p__Actinobacteriota;c__Acidimicrobiia;o__Microtrichales	d__Bacteria;p__Planctomycetota;c__Planctomycetes;o__Gemmatales	d__Bacteria;p__Acidobacteriota;c__Acidobacteriae;o__Acidobacteriales	d__Bacteria;p__Planctomycetota;c__Planctomycetes;o__Planctomycetales	d__Bacteria;p__Gemmatimonadota;c__Gemmatimonadetes;o__Gemmatimonadales	d__Bacteria;p__Proteobacteria;c__Gammaproteobacteria;o__Burkholderiales	d__Bacteria;p__Planctomycetota;c__Phycisphaerae;o__Tepidisphaerales	d__Bacteria;p__Actinobacteriota;c__Thermoleophilia;o__Solirubrobacterales	d__Bacteria;p__Planctomycetota;c__Planctomycetes;o__Isosphaerales	d__Bacteria;p__Planctomycetota;c__Planctomycetes;o__Pirellulales	d__Bacteria;p__Verrucomicrobiota;c__Verrucomicrobiae;o__Pedosphaerales	d__Bacteria;p__Bacteroidota;c__Kapabacteria;o__Kapabacteriales	d__Bacteria;p__Chloroflexi;c__Anaerolineae;o__SBR1031	d__Bacteria;p__Planctomycetota;c__vadinHA49;o__vadinHA49	d__Bacteria;p__Chloroflexi;c__Ktedonobacteria;o__Ktedonobacterales	d__Bacteria;p__Proteobacteria;c__Alphaproteobacteria;o__Reyranellales	d__Bacteria;p__Acidobacteriota;c__Acidobacteriae;o__Subgroup_2	d__Bacteria;p__Chloroflexi;c__Ktedonobacteria;o__B12-WMSP1	d__Bacteria;p__Chloroflexi;c__JG30-KF-CM66;o__JG30-KF-CM66	d__Bacteria;p__Actinobacteriota;c__Actinobacteria;o__Frankiales	d__Bacteria;p__Bacteroidota;c__Bacteroidia;o__Sphingobacteriales	d__Bacteria;p__Chloroflexi;c__Chloroflexia;o__Chloroflexales	d__Bacteria;p__Firmicutes;c__Bacilli;o__Alicyclobacillales	d__Bacteria;p__Patescibacteria;c__Saccharimonadia;o__Saccharimonadales	d__Bacteria;p__Chloroflexi;c__Chloroflexia;o__Kallotenuales	d__Bacteria;p__Actinobacteriota;c__Acidimicrobiia;o__IMCC26256	d__Bacteria;p__Gemmatimonadota;c__BD2-11_terrestrial_group;o__BD2-11_terrestrial_group	d__Bacteria;p__Proteobacteria;c__Alphaproteobacteria;o__Azospirillales	d__Bacteria;p__Acidobacteriota;c__Blastocatellia;o__Blastocatellales	d__Bacteria;p__Patescibacteria;c__Berkelbacteria;o__Berkelbacteria	d__Bacteria;p__Actinobacteriota;c__Actinobacteria;o__Streptosporangiales	d__Bacteria;p__Actinobacteriota;c__Thermoleophilia;o__Gaiellales	d__Bacteria;p__Hydrogenedentes;c__Hydrogenedentia;o__Hydrogenedentiales	d__Bacteria;p__Firmicutes;c__Bacilli;o__Paenibacillales	d__Bacteria;p__Bacteroidota;c__Bacteroidia;o__Bacteroidales	d__Bacteria;p__Firmicutes;c__Bacilli;o__Bacillales	d__Bacteria;p__Proteobacteria;c__Alphaproteobacteria;o__Sphingomonadales	d__Bacteria;p__Actinobacteriota;c__Actinobacteria;o__Micrococcales	d__Bacteria;p__Verrucomicrobiota;c__Verrucomicrobiae;o__Chthoniobacterales	d__Bacteria;p__Chloroflexi;c__OLB14;o__OLB14	d__Bacteria;p__Chloroflexi;c__Ktedonobacteria;o__C0119	d__Bacteria;p__Patescibacteria;c__Parcubacteria;o__Candidatus_Azambacteria	d__Bacteria;p__Proteobacteria;c__Gammaproteobacteria;o__F9P41300-M23	d__Bacteria;p__Proteobacteria;c__Gammaproteobacteria;o__Legionellales	d__Bacteria;p__Acidobacteriota;c__Blastocatellia;o__DS-100	d__Bacteria;p__Proteobacteria;c__Gammaproteobacteria;o__Gammaproteobacteria_Incertae_Sedis	d__Bacteria;p__Bacteroidota;c__Bacteroidia;o__Flavobacteriales	d__Bacteria;p__Acidobacteriota;c__Acidobacteriae;o__Bryobacterales	d__Bacteria;p__Cyanobacteria;c__Cyanobacteriia;o__Cyanobacteriales	d__Bacteria;p__Chloroflexi;c__AD3;o__AD3	d__Bacteria;p__Acidobacteriota;c__Blastocatellia;o__11-24	d__Bacteria;p__Desulfobacterota;c__Syntrophia;o__Syntrophales	d__Bacteria;p__Armatimonadota;c__uncultured;o__uncultured	d__Bacteria;p__Proteobacteria;c__Alphaproteobacteria;o__Holosporales	d__Bacteria;p__Acidobacteriota;c__Acidobacteriae;o__Solibacterales	d__Bacteria;p__Myxococcota;c__Myxococcia;o__Myxococcales	d__Bacteria;p__Acidobacteriota;c__Vicinamibacteria;o__Vicinamibacterales	d__Bacteria;p__Proteobacteria;c__Alphaproteobacteria;o__Rickettsiales	d__Bacteria;p__Armatimonadota;c__Chthonomonadetes;o__Chthonomonadales	d__Bacteria;p__Proteobacteria;c__Gammaproteobacteria;o__Xanthomonadales	d__Bacteria;p__Proteobacteria;c__Alphaproteobacteria;o__Rhizobiales	d__Bacteria;p__Methylomirabilota;c__Methylomirabilia;o__Rokubacteriales	d__Bacteria;p__Chloroflexi;c__Anaerolineae;o__C10-SB1A	d__Bacteria;p__Planctomycetota;c__Pla4_lineage;o__Pla4_lineage	d__Bacteria;p__Dependentiae;c__Babeliae;o__Babeliales	d__Bacteria;p__Myxococcota;c__Polyangia;o__Haliangiales	d__Bacteria;p__Patescibacteria;c__Parcubacteria;o__Parcubacteria	d__Bacteria;p__Firmicutes;c__Desulfotomaculia;o__Desulfotomaculales	d__Bacteria;p__Proteobacteria;c__Gammaproteobacteria;o__Pseudomonadales	d__Bacteria;p__Proteobacteria;c__Alphaproteobacteria;o__uncultured	d__Bacteria;p__Bacteroidota;c__Bacteroidia;o__Cytophagales	d__Bacteria;p__Actinobacteriota;c__Actinobacteria;o__Micromonosporales	d__Bacteria;p__Chloroflexi;c__Anaerolineae;o__RBG-13-54-9	d__Bacteria;p__Actinobacteriota;c__Actinobacteria;o__Streptomycetales	d__Bacteria;p__Myxococcota;c__Polyangia;o__Blfdi19	d__Bacteria;p__Chloroflexi;c__TK10;o__TK10	d__Bacteria;p__Firmicutes;c__Syntrophomonadia;o__Syntrophomonadales	d__Bacteria;p__Bdellovibrionota;c__Oligoflexia;o__0319-6G20	d__Bacteria;p__Acidobacteriota;c__Acidobacteriae;o__Subgroup_13	d__Bacteria;p__Firmicutes;c__Clostridia;o__Clostridiales	d__Bacteria;p__Planctomycetota;c__BD7-11;o__BD7-11	d__Bacteria;p__Sumerlaeota;c__Sumerlaeia;o__uncultured	d__Bacteria;p__Actinobacteriota;c__Actinobacteria;o__Pseudonocardiales	d__Bacteria;p__Chloroflexi;c__Chloroflexia;o__Thermomicrobiales	d__Bacteria;p__Chloroflexi;c__Gitt-GS-136;o__Gitt-GS-136	d__Bacteria;p__Verrucomicrobiota;c__Chlamydiae;o__Chlamydiales	d__Bacteria;p__Cyanobacteria;c__Sericytochromatia;o__Sericytochromatia	d__Bacteria;p__Planctomycetota;c__Pla3_lineage;o__Pla3_lineage	d__Bacteria;p__Firmicutes;c__Incertae_Sedis;o__DTU014	d__Bacteria;p__Cyanobacteria;c__Vampirivibrionia;o__Obscuribacterales	d__Bacteria;p__Cloacimonadota;c__Cloacimonadia;o__Cloacimonadales	d__Bacteria;p__Firmicutes;c__Negativicutes;o__Veillonellales-Selenomonadales	d__Bacteria;p__Acidobacteriota;c__Holophagae;o__Subgroup_7	d__Bacteria;p__Bdellovibrionota;c__Oligoflexia;o__Silvanigrellales	d__Bacteria;p__Acidobacteriota;c__Subgroup_5;o__Subgroup_5	d__Bacteria;p__Actinobacteriota;c__Thermoleophilia;o__uncultured	d__Bacteria;p__Proteobacteria;c__Alphaproteobacteria;o__Paracaedibacterales	d__Bacteria;p__Proteobacteria;c__Gammaproteobacteria;o__Salinisphaerales	d__Bacteria;p__Proteobacteria;c__Alphaproteobacteria;o__Elsterales	d__Bacteria;p__Myxococcota;c__Polyangia;o__FFCH16767	d__Bacteria;p__Firmicutes;c__Bacilli;o__Lactobacillales	d__Bacteria;p__Bacteroidota;c__Kryptonia;o__Kryptoniales	d__Bacteria;p__Actinobacteriota;c__MB-A2-108;o__MB-A2-108	d__Bacteria;p__Myxococcota;c__Polyangia;o__mle1-27	d__Bacteria;p__Proteobacteria;c__Alphaproteobacteria;o__Acetobacterales	d__Bacteria;p__Abditibacteriota;c__Abditibacteria;o__Abditibacteriales	d__Bacteria;p__Acidobacteriota;c__Blastocatellia;o__Pyrinomonadales	d__Bacteria;p__Planctomycetota;c__Phycisphaerae;o__Phycisphaerales	d__Bacteria;p__Firmicutes;c__Bacilli;o__Entomoplasmatales	d__Bacteria;p__Actinobacteriota;c__Acidimicrobiia;o__uncultured	d__Bacteria;p__Verrucomicrobiota;c__Verrucomicrobiae;o__S-BQ2-57_soil_group	d__Bacteria;p__Chloroflexi;c__KD4-96;o__KD4-96	d__Bacteria;p__Firmicutes;c__Clostridia;o__Oscillospirales	d__Bacteria;p__Proteobacteria;c__Alphaproteobacteria;o__Micropepsales	d__Bacteria;p__Patescibacteria;c__Gracilibacteria;o__Candidatus_Peribacteria	d__Bacteria;p__Spirochaetota;c__Spirochaetia;o__Spirochaetales	d__Bacteria;p__Gemmatimonadota;c__Longimicrobia;o__Longimicrobiales	d__Bacteria;p__Firmicutes;c__Limnochordia;o__Limnochordia	d__Bacteria;p__Actinobacteriota;c__Actinobacteria;o__Propionibacteriales	d__Bacteria;p__Proteobacteria;c__Gammaproteobacteria;o__CCD24	d__Bacteria;p__Firmicutes;c__Clostridia;o__Lachnospirales	d__Bacteria;p__Synergistota;c__Synergistia;o__Synergistales	d__Bacteria;p__Proteobacteria;c__Gammaproteobacteria;o__PLTA13	d__Bacteria;p__Planctomycetota;c__Planctomycetes;o__uncultured	d__Bacteria;p__Elusimicrobiota;c__Lineage_IIa;o__Lineage_IIa	d__Bacteria;p__Sumerlaeota;c__Sumerlaeia;o__Sumerlaeales	d__Bacteria;p__Bdellovibrionota;c__Oligoflexia;o__Oligoflexales	d__Bacteria;p__Elusimicrobiota;c__Elusimicrobia;o__MVP-88	d__Bacteria;p__Patescibacteria;c__ABY1;o__Candidatus_Uhrbacteria	d__Bacteria;p__Latescibacterota;c__Latescibacterota;o__Latescibacterota	d__Bacteria;p__Proteobacteria;c__Gammaproteobacteria;o__Acidiferrobacterales	d__Bacteria;p__Desulfobacterota;c__Syntrophobacteria;o__Syntrophobacterales	d__Bacteria;p__RCP2-54;c__RCP2-54;o__RCP2-54	d__Bacteria;p__Cyanobacteria;c__Vampirivibrionia;o__Vampirovibrionales	d__Bacteria;p__Proteobacteria;c__Alphaproteobacteria;o__Caulobacterales	d__Bacteria;p__Myxococcota;c__Polyangia;o__Nannocystales	d__Bacteria;p__Chloroflexi;c__Anaerolineae;o__Caldilineales	d__Bacteria;p__Actinobacteriota;c__Actinobacteria;o__Corynebacteriales	d__Bacteria;p__Thermotogota;c__Thermotogae;o__Petrotogales	d__Bacteria;p__Chloroflexi;c__Anaerolineae;o__Anaerolineales	d__Bacteria;p__Acidobacteriota;c__Thermoanaerobaculia;o__Thermoanaerobaculales	d__Bacteria;p__Firmicutes;c__D8A-2;o__D8A-2	d__Bacteria;p__Firmicutes;c__Symbiobacteriia;o__Symbiobacteriales	d__Bacteria;p__Acidobacteriota;c__Holophagae;o__Holophagales	d__Bacteria;p__Fibrobacterota;c__Fibrobacteria;o__Fibrobacterales	d__Bacteria;p__Firmicutes;c__Bacilli;o__Brevibacillales	d__Bacteria;p__Elusimicrobiota;c__Lineage_IIb;o__Lineage_IIb	d__Bacteria;p__Proteobacteria;c__Gammaproteobacteria;o__Steroidobacterales	d__Bacteria;p__Desulfobacterota;c__Desulfuromonadia;o__Geobacterales	d__Bacteria;p__Firmicutes;c__BRH-c20a;o__BRH-c20a	d__Bacteria;p__Actinobacteriota;c__Actinobacteria;o__Catenulisporales	d__Bacteria;p__Armatimonadota;c__Fimbriimonadia;o__Fimbriimonadales	d__Bacteria;p__Chloroflexi;c__Anaerolineae;o__Anaerolineae	d__Bacteria;p__Proteobacteria;c__Alphaproteobacteria;o__Rhodospirillales	d__Bacteria;p__Acidobacteriota;c__Subgroup_18;o__Subgroup_18	d__Bacteria;p__Patescibacteria;c__ABY1;o__Candidatus_Magasanikbacteria	d__Bacteria;p__Verrucomicrobiota;c__Verrucomicrobiae;o__Verrucomicrobiales	d__Bacteria;p__Dadabacteria;c__Dadabacteriia;o__Dadabacteriales	d__Bacteria;p__Acidobacteriota;c__AT-s3-28;o__AT-s3-28	d__Bacteria;p__Firmicutes;c__Clostridia;o__Thermincolales	d__Bacteria;p__Elusimicrobiota;c__Elusimicrobia;o__Lineage_IV	d__Bacteria;p__Latescibacterota;c__Latescibacteria;o__Latescibacterales	d__Bacteria;p__Proteobacteria;c__Gammaproteobacteria;o__CHAB-XI-27	d__Bacteria;p__Spirochaetota;c__Leptospirae;o__Leptospirales	d__Bacteria;p__Proteobacteria;c__Gammaproteobacteria;o__Nitrococcales	d__Bacteria;p__Deinococcota;c__Deinococci;o__Thermales	d__Bacteria;p__Firmicutes;c__Clostridia;o__Peptostreptococcales-Tissierellales	d__Bacteria;p__Proteobacteria;c__Gammaproteobacteria;o__Coxiellales	d__Bacteria;p__Myxococcota;c__bacteriap25;o__bacteriap25	d__Bacteria;p__Proteobacteria;c__Alphaproteobacteria;o__Micavibrionales	d__Bacteria;p__SAR324_clade(Marine_group_B);c__SAR324_clade(Marine_group_B);o__SAR324_clade(Marine_group_B)	d__Bacteria;p__Firmicutes;c__Bacilli;o__Haloplasmatales	d__Bacteria;p__WPS-2;c__WPS-2;o__WPS-2	d__Bacteria;p__Proteobacteria;c__Gammaproteobacteria;o__JG36-TzT-191	d__Bacteria;p__Firmicutes;c__Bacilli;o__Thermoactinomycetales	d__Bacteria;p__Deinococcota;c__Deinococci;o__Deinococcales	d__Bacteria;p__Proteobacteria;c__Gammaproteobacteria;o__WD260	d__Bacteria;p__Desulfobacterota;c__Desulfovibrionia;o__Desulfovibrionales	d__Bacteria;p__FCPU426;c__FCPU426;o__FCPU426	d__Bacteria;p__Caldisericota;c__Caldisericia;o__Caldisericales	d__Bacteria;p__GAL15;c__GAL15;o__GAL15	d__Bacteria;p__Acidobacteriota;c__Subgroup_25;o__Subgroup_25	d__Bacteria;p__Verrucomicrobiota;c__Omnitrophia;o__Omnitrophales	d__Bacteria;p__Firmicutes;c__Thermacetogenia;o__Thermacetogeniales	d__Bacteria;p__MBNT15;c__MBNT15;o__MBNT15	d__Bacteria;p__Bdellovibrionota;c__Bdellovibrionia;o__Bacteriovoracales	d__Bacteria;p__Proteobacteria;c__Alphaproteobacteria;o__Dongiales	d__Bacteria;p__Acidobacteriota;c__Subgroup_11;o__Subgroup_11	d__Bacteria;p__Proteobacteria;c__Alphaproteobacteria;o__Rhodobacterales	d__Bacteria;p__Acidobacteriota;c__Subgroup_22;o__Subgroup_22	d__Bacteria;p__Firmicutes;c__Dethiobacteria;o__Dethiobacterales	d__Bacteria;p__Proteobacteria;c__Alphaproteobacteria;o__Parvibaculales	d__Bacteria;p__NB1-j;c__NB1-j;o__NB1-j	d__Bacteria;p__Actinobacteriota;c__Acidimicrobiia;o__Acidimicrobiales	d__Bacteria;p__WS2;c__WS2;o__WS2	d__Bacteria;p__Verrucomicrobiota;c__Verrucomicrobiae;o__Methylacidiphilales	d__Bacteria;p__Verrucomicrobiota;c__Verrucomicrobiae;o__uncultured	d__Bacteria;p__Actinobacteriota;c__Actinobacteria;o__Kineosporiales	d__Bacteria;p__Proteobacteria;c__Gammaproteobacteria;o__Enterobacterales	d__Bacteria;p__Actinobacteriota;c__Actinobacteria;o__PeM15	d__Bacteria;p__Acidobacteriota;c__Acidobacteriae;o__Subgroup_12	d__Bacteria;p__Chloroflexi;c__Dehalococcoidia;o__S085	d__Bacteria;p__Proteobacteria;c__Gammaproteobacteria;o__KF-JG30-C25	d__Bacteria;p__Gemmatimonadota;c__S0134_terrestrial_group;o__S0134_terrestrial_group	d__Bacteria;p__Firmicutes;c__Desulfitobacteriia;o__Desulfitobacteriales	d__Bacteria;p__Acidobacteriota;c__FFCH5909;o__FFCH5909	d__Bacteria;p__Planctomycetota;c__OM190;o__OM190	d__Bacteria;p__Proteobacteria;c__Alphaproteobacteria;o__Tistrellales	d__Bacteria;p__Firmicutes;c__Incertae_Sedis;o__Incertae_Sedis	d__Bacteria;p__Patescibacteria;c__Microgenomatia;o__Microgenomatia	d__Bacteria;p__Acidobacteriota;c__Vicinamibacteria;o__Subgroup_17	d__Bacteria;p__Fusobacteriota;c__Fusobacteriia;o__Fusobacteriales	d__Bacteria;p__Planctomycetota;c__Phycisphaerae;o__Pla1_lineage	d__Bacteria;p__Firmicutes;c__Clostridia;o__Christensenellales	d__Bacteria;p__Proteobacteria;c__Gammaproteobacteria;o__Piscirickettsiales	d__Bacteria;p__Cyanobacteria;c__Vampirivibrionia;o__Gastranaerophilales	d__Bacteria;p__Actinobacteriota;c__WCHB1-81;o__WCHB1-81	d__Bacteria;p__Desulfobacterota;c__uncultured;o__uncultured	d__Bacteria;p__Acidobacteriota;c__Acidobacteriae;o__Acidobacteriae	d__Bacteria;p__Proteobacteria;c__Alphaproteobacteria;o__Caedibacterales	d__Bacteria;p__Patescibacteria;c__uncultured;o__uncultured	d__Bacteria;p__Chloroflexi;c__Anaerolineae;o__Ardenticatenales	d__Bacteria;p__Firmicutes;c__Sulfobacillia;o__Sulfobacillales	d__Bacteria;p__Firmicutes;c__Bacilli;o__Erysipelotrichales	d__Bacteria;p__Proteobacteria;c__Gammaproteobacteria;o__EPR3968-O8a-Bc78	d__Bacteria;p__Firmicutes;c__Bacilli;o__Staphylococcales	d__Bacteria;p__Entotheonellaeota;c__Entotheonellia;o__Entotheonellales	d__Bacteria;p__Patescibacteria;c__Microgenomatia;o__Candidatus_Woesebacteria	d__Bacteria;p__Firmicutes;c__Negativicutes;o__Acidaminococcales	d__Bacteria;p__Spirochaetota;c__Brachyspirae;o__Brachyspirales	d__Bacteria;p__Proteobacteria;c__Alphaproteobacteria;o__Defluviicoccales	d__Bacteria;p__Firmicutes;c__Clostridia;o__Clostridia	d__Bacteria;p__Proteobacteria;c__Gammaproteobacteria;o__EC3	d__Bacteria;p__Desulfobacterota;c__Desulfuromonadia;o__PB19	d__Bacteria;p__Proteobacteria;c__Gammaproteobacteria;o__R7C24	d__Bacteria;p__Bdellovibrionota;c__Oligoflexia;o__053A03-B-DI-P58	d__Bacteria;p__Chloroflexi;c__Chloroflexia;o__Thermobaculales	d__Bacteria;p__Thermotogota;c__Thermotogae;o__Kosmotogales	d__Bacteria;p__Firmicutes;c__Bacilli;o__Bacilli	d__Bacteria;p__Thermotogota;c__Thermotogae;o__Thermotogales	d__Bacteria;p__Patescibacteria;c__Parcubacteria;o__Candidatus_Yanofskybacteria	d__Bacteria;p__Caldatribacteriota;c__Caldatribacteriia;o__Caldatribacteriales	d__Bacteria;p__Proteobacteria;c__Alphaproteobacteria;o__Ferrovibrionales	d__Bacteria;p__Bacteroidota;c__Bacteroidia;o__Bacteroidetes_VC2.1_Bac22	d__Bacteria;p__Bacteroidota;c__Ignavibacteria;o__SJA-28	d__Bacteria;p__Acidobacteriota;c__Acidobacteriae;o__Elev-16S-1166	d__Bacteria;p__Caldatribacteriota;c__JS1;o__JS1	d__Bacteria;p__Patescibacteria;c__Parcubacteria;o__Candidatus_Kaiserbacteria	d__Bacteria;p__Proteobacteria;c__Alphaproteobacteria;o__Sneathiellales	d__Bacteria;p__Nitrospirota;c__4-29-1;o__4-29-1	d__Bacteria;p__Desulfobacterota;c__Syntrophorhabdia;o__Syntrophorhabdales	d__Bacteria;p__Chloroflexi;c__Ktedonobacteria;o__B10-SB3A	d__Bacteria;p__Firmicutes;c__Bacilli;o__Aneurinibacillales	d__Bacteria;p__Patescibacteria;c__Gracilibacteria;o__Gracilibacteria	d__Bacteria;p__Desulfobacterota;c__Desulfobacteria;o__Desulfobacterales	d__Bacteria;p__Firmicutes;c__Clostridia;o__Peptococcales	d__Bacteria;p__Actinobacteriota;c__Actinobacteria;o__0319-7L14	d__Bacteria;p__Chloroflexi;c__P2-11E;o__P2-11E	d__Bacteria;p__WS1;c__WS1;o__WS1	d__Bacteria;p__Planctomycetota;c__Phycisphaerae;o__S-70	d__Bacteria;p__Patescibacteria;c__Gracilibacteria;o__Candidatus_Peregrinibacteria	d__Bacteria;p__Desulfobacterota;c__Desulfuromonadia;o__Desulfuromonadales	d__Bacteria;p__Coprothermobacterota;c__Coprothermobacteria;o__Coprothermobacterales	d__Bacteria;p__Cyanobacteria;c__Cyanobacteriia;o__Oxyphotobacteria_Incertae_Sedis	d__Bacteria;p__Firmicutes;c__Limnochordia;o__Limnochordales	d__Bacteria;p__Patescibacteria;c__Parcubacteria;o__Candidatus_Jorgensenbacteria	d__Bacteria;p__Chloroflexi;c__Dehalococcoidia;o__FS117-23B-02	d__Bacteria;p__Elusimicrobiota;c__Lineage_IIc;o__Lineage_IIc	d__Bacteria;p__Acidobacteriota;c__Aminicenantia;o__Aminicenantales	d__Bacteria;p__Planctomycetota;c__Phycisphaerae;o__MSBL9	d__Bacteria;p__TX1A-33;c__TX1A-33;o__TX1A-33	d__Bacteria;p__Acidobacteriota;c__Acidobacteriae;o__PAUC26f	d__Bacteria;p__Actinobacteriota;c__Actinobacteria;o__uncultured	d__Bacteria;p__Firmicutes;c__Thermovenabulia;o__Thermovenabulales	d__Bacteria;p__Proteobacteria;c__Gammaproteobacteria;o__EV818SWSAP88	d__Bacteria;p__Proteobacteria;c__Alphaproteobacteria;o__SAR11_clade	d__Bacteria;p__Actinobacteriota;c__Actinobacteria;o__Glycomycetales
SRR19309706	12.0	71.0	0.0	1186.0	0.0	14.0	82.0	6.0	21.0	110.0	122.0	86.0	6640.0	615.0	8.0	832.0	226.0	200.0	100.0	0.0	0.0	304.0	28.0	10.0	0.0	0.0	23.0	579.0	0.0	314.0	4.0	0.0	0.0	0.0	11.0	0.0	0.0	28.0	4.0	0.0	609.0	8.0	839.0	909.0	893.0	432.0	3.0	24.0	0.0	0.0	0.0	0.0	23.0	69.0	7.0	0.0	0.0	0.0	0.0	3.0	0.0	31.0	12.0	51.0	11.0	19.0	683.0	2313.0	0.0	0.0	0.0	0.0	7.0	26.0	2.0	84.0	0.0	300.0	255.0	0.0	131.0	0.0	0.0	0.0	22.0	0.0	0.0	0.0	0.0	0.0	12.0	0.0	0.0	198.0	0.0	10.0	44.0	17.0	0.0	0.0	0.0	0.0	0.0	0.0	9.0	0.0	0.0	0.0	0.0	0.0	9.0	29.0	37.0	0.0	0.0	0.0	0.0	0.0	0.0	15.0	664.0	0.0	0.0	15.0	0.0	111.0	0.0	0.0	15.0	0.0	0.0	0.0	4.0	0.0	0.0	0.0	0.0	0.0	0.0	0.0	489.0	217.0	0.0	0.0	29.0	0.0	11.0	0.0	0.0	0.0	0.0	0.0	0.0	0.0	0.0	0.0	0.0	0.0	12.0	0.0	32.0	0.0	0.0	153.0	0.0	0.0	0.0	0.0	0.0	0.0	0.0	2.0	0.0	0.0	0.0	0.0	2.0	0.0	0.0	0.0	0.0	0.0	0.0	0.0	6.0	0.0	4.0	0.0	0.0	0.0	0.0	0.0	0.0	81.0	0.0	0.0	0.0	0.0	0.0	0.0	0.0	0.0	0.0	0.0	0.0	55.0	0.0	0.0	0.0	0.0	0.0	0.0	0.0	0.0	0.0	0.0	0.0	0.0	0.0	0.0	0.0	0.0	0.0	5.0	0.0	0.0	0.0	0.0	0.0	0.0	0.0	0.0	0.0	0.0	0.0	0.0	4.0	0.0	0.0	0.0	2.0	0.0	0.0	0.0	0.0	0.0	0.0	0.0	17.0	0.0	0.0	0.0	0.0	0.0	0.0	0.0	0.0	0.0	0.0	2.0	0.0	0.0	0.0	0.0	0.0	0.0	0.0	0.0	0.0	0.0	0.0	0.0	0.0	0.0	0.0	0.0	2.0	0.0	0.0	15.0	0.0	0.0	0.0	0.0
SRR19309717	10.0	86.0	109.0	1501.0	0.0	3.0	92.0	0.0	38.0	287.0	55.0	165.0	4671.0	421.0	18.0	1662.0	460.0	718.0	20.0	0.0	0.0	140.0	31.0	6.0	0.0	0.0	9.0	1268.0	0.0	2442.0	13.0	0.0	7.0	0.0	11.0	0.0	0.0	22.0	5.0	0.0	232.0	7.0	2286.0	1002.0	897.0	330.0	0.0	16.0	0.0	0.0	56.0	0.0	20.0	112.0	13.0	0.0	0.0	0.0	0.0	0.0	0.0	18.0	20.0	2.0	12.0	6.0	943.0	2440.0	0.0	0.0	0.0	106.0	14.0	60.0	0.0	85.0	0.0	196.0	258.0	0.0	112.0	0.0	0.0	0.0	49.0	0.0	13.0	0.0	0.0	0.0	30.0	0.0	158.0	363.0	0.0	4.0	0.0	7.0	16.0	0.0	0.0	0.0	0.0	0.0	14.0	3.0	0.0	0.0	0.0	0.0	0.0	21.0	116.0	0.0	0.0	0.0	0.0	0.0	0.0	21.0	996.0	0.0	0.0	9.0	0.0	186.0	0.0	0.0	37.0	0.0	0.0	0.0	3.0	0.0	0.0	0.0	0.0	0.0	0.0	0.0	109.0	495.0	0.0	0.0	85.0	0.0	22.0	0.0	0.0	0.0	0.0	0.0	0.0	0.0	0.0	0.0	0.0	0.0	0.0	0.0	19.0	0.0	0.0	45.0	0.0	0.0	0.0	0.0	0.0	0.0	0.0	0.0	0.0	0.0	0.0	0.0	0.0	0.0	0.0	0.0	0.0	0.0	0.0	0.0	0.0	0.0	0.0	0.0	0.0	0.0	0.0	0.0	0.0	97.0	0.0	0.0	0.0	0.0	0.0	0.0	0.0	0.0	4.0	0.0	0.0	0.0	10.0	0.0	0.0	0.0	0.0	6.0	0.0	0.0	0.0	0.0	0.0	0.0	0.0	0.0	0.0	0.0	0.0	0.0	0.0	0.0	0.0	0.0	0.0	0.0	0.0	0.0	0.0	0.0	0.0	0.0	0.0	0.0	0.0	0.0	0.0	0.0	0.0	0.0	0.0	0.0	0.0	0.0	4.0	0.0	0.0	0.0	0.0	0.0	0.0	0.0	0.0	0.0	0.0	0.0	0.0	0.0	0.0	0.0	0.0	4.0	0.0	0.0	0.0	9.0	0.0	0.0	0.0	0.0	0.0	0.0	0.0	0.0	0.0	0.0	2.0	0.0	0.0	0.0
SRR19309728	7.0	51.0	11.0	1773.0	0.0	6.0	156.0	3.0	57.0	558.0	122.0	160.0	5642.0	802.0	24.0	2344.0	371.0	1225.0	48.0	0.0	0.0	3623.0	45.0	71.0	0.0	3.0	89.0	2185.0	0.0	955.0	27.0	0.0	19.0	0.0	12.0	0.0	0.0	201.0	74.0	0.0	420.0	0.0	2060.0	2078.0	1513.0	370.0	0.0	16.0	0.0	0.0	573.0	0.0	36.0	47.0	10.0	2.0	16.0	0.0	0.0	18.0	0.0	99.0	0.0	33.0	2.0	0.0	957.0	3216.0	0.0	0.0	0.0	80.0	23.0	0.0	0.0	19.0	11.0	243.0	1201.0	0.0	1019.0	0.0	0.0	0.0	66.0	0.0	16.0	4.0	0.0	18.0	90.0	0.0	18.0	364.0	0.0	4.0	3.0	0.0	0.0	0.0	0.0	0.0	0.0	58.0	0.0	44.0	0.0	0.0	0.0	0.0	6.0	48.0	22.0	0.0	0.0	0.0	0.0	0.0	5.0	25.0	1495.0	0.0	0.0	16.0	0.0	120.0	0.0	0.0	65.0	0.0	0.0	0.0	10.0	0.0	0.0	0.0	0.0	0.0	11.0	3.0	310.0	788.0	0.0	0.0	63.0	0.0	33.0	0.0	9.0	0.0	0.0	0.0	0.0	0.0	0.0	0.0	0.0	0.0	10.0	0.0	24.0	0.0	0.0	64.0	0.0	0.0	0.0	0.0	0.0	0.0	0.0	0.0	0.0	0.0	188.0	0.0	0.0	0.0	0.0	87.0	0.0	0.0	0.0	0.0	0.0	0.0	0.0	0.0	0.0	0.0	0.0	0.0	8.0	387.0	0.0	0.0	0.0	0.0	3.0	0.0	0.0	0.0	0.0	0.0	0.0	7.0	3.0	0.0	0.0	0.0	0.0	8.0	0.0	0.0	0.0	0.0	0.0	0.0	0.0	0.0	0.0	0.0	0.0	0.0	0.0	0.0	0.0	0.0	0.0	0.0	0.0	0.0	0.0	0.0	0.0	3.0	0.0	0.0	0.0	0.0	0.0	0.0	0.0	0.0	0.0	0.0	0.0	0.0	6.0	0.0	0.0	0.0	0.0	3.0	0.0	0.0	0.0	0.0	0.0	0.0	0.0	0.0	0.0	0.0	0.0	3.0	0.0	0.0	0.0	15.0	0.0	0.0	0.0	0.0	0.0	2.0	0.0	0.0	0.0	0.0	0.0	0.0	0.0	0.0
SRR19309739	14.0	86.0	343.0	2623.0	0.0	22.0	124.0	3.0	114.0	247.0	760.0	80.0	10417.0	620.0	39.0	2047.0	315.0	430.0	60.0	0.0	0.0	878.0	59.0	7.0	0.0	0.0	28.0	1281.0	0.0	245.0	14.0	0.0	4.0	0.0	83.0	6.0	0.0	43.0	18.0	3.0	419.0	8.0	1842.0	2191.0	1927.0	931.0	5.0	65.0	0.0	3.0	98.0	0.0	57.0	314.0	27.0	0.0	0.0	0.0	0.0	103.0	0.0	53.0	53.0	36.0	22.0	0.0	1403.0	4688.0	0.0	0.0	0.0	0.0	27.0	9.0	0.0	173.0	4.0	714.0	361.0	6.0	224.0	0.0	7.0	0.0	55.0	0.0	17.0	8.0	4.0	0.0	28.0	0.0	68.0	599.0	0.0	0.0	13.0	7.0	11.0	0.0	0.0	0.0	0.0	6.0	53.0	21.0	0.0	0.0	0.0	0.0	6.0	21.0	4.0	0.0	0.0	0.0	0.0	0.0	0.0	30.0	946.0	0.0	0.0	0.0	0.0	131.0	0.0	0.0	44.0	0.0	0.0	0.0	0.0	0.0	0.0	0.0	0.0	0.0	0.0	0.0	538.0	587.0	0.0	0.0	129.0	0.0	19.0	0.0	9.0	3.0	0.0	0.0	0.0	0.0	71.0	0.0	0.0	0.0	4.0	0.0	12.0	0.0	0.0	455.0	0.0	0.0	0.0	0.0	0.0	0.0	0.0	0.0	0.0	0.0	0.0	0.0	0.0	0.0	0.0	0.0	0.0	0.0	0.0	0.0	8.0	0.0	0.0	0.0	0.0	0.0	0.0	0.0	0.0	120.0	0.0	0.0	0.0	0.0	0.0	0.0	0.0	0.0	0.0	0.0	0.0	84.0	0.0	0.0	0.0	0.0	0.0	3.0	0.0	0.0	0.0	0.0	0.0	0.0	0.0	0.0	0.0	0.0	0.0	2.0	0.0	0.0	0.0	0.0	0.0	7.0	0.0	0.0	0.0	0.0	0.0	0.0	0.0	0.0	0.0	0.0	0.0	0.0	0.0	0.0	0.0	0.0	0.0	0.0	36.0	0.0	0.0	0.0	0.0	11.0	0.0	0.0	0.0	0.0	0.0	0.0	0.0	0.0	0.0	0.0	0.0	0.0	0.0	0.0	0.0	45.0	0.0	0.0	0.0	0.0	0.0	0.0	0.0	0.0	0.0	0.0	0.0	0.0	4.0	0.0
SRR19309750	3.0	116.0	214.0	2088.0	0.0	4.0	79.0	0.0	56.0	289.0	75.0	150.0	5300.0	524.0	37.0	2496.0	479.0	571.0	11.0	0.0	0.0	210.0	63.0	0.0	0.0	0.0	59.0	1143.0	0.0	263.0	22.0	0.0	0.0	0.0	9.0	0.0	0.0	76.0	58.0	0.0	355.0	6.0	1995.0	2749.0	3658.0	710.0	2.0	79.0	0.0	0.0	145.0	0.0	54.0	59.0	28.0	0.0	3.0	0.0	4.0	19.0	0.0	68.0	11.0	17.0	5.0	2.0	2082.0	3344.0	0.0	0.0	0.0	24.0	30.0	0.0	0.0	11.0	0.0	124.0	382.0	0.0	356.0	0.0	9.0	0.0	46.0	0.0	15.0	0.0	0.0	0.0	116.0	0.0	0.0	444.0	0.0	19.0	0.0	11.0	9.0	0.0	0.0	0.0	0.0	8.0	0.0	16.0	0.0	0.0	0.0	0.0	0.0	63.0	65.0	0.0	0.0	0.0	0.0	0.0	0.0	21.0	787.0	0.0	0.0	42.0	35.0	351.0	0.0	0.0	59.0	0.0	0.0	0.0	0.0	0.0	0.0	0.0	0.0	0.0	0.0	0.0	7.0	502.0	0.0	0.0	19.0	5.0	25.0	0.0	12.0	6.0	3.0	0.0	8.0	0.0	0.0	0.0	0.0	0.0	0.0	0.0	32.0	0.0	0.0	5.0	0.0	0.0	0.0	0.0	0.0	0.0	0.0	0.0	0.0	0.0	0.0	0.0	0.0	0.0	4.0	7.0	0.0	0.0	0.0	0.0	0.0	0.0	0.0	0.0	0.0	0.0	0.0	0.0	0.0	84.0	0.0	0.0	0.0	11.0	0.0	0.0	0.0	0.0	0.0	0.0	6.0	8.0	7.0	0.0	0.0	0.0	0.0	0.0	0.0	0.0	0.0	0.0	0.0	0.0	13.0	0.0	0.0	0.0	0.0	3.0	0.0	0.0	19.0	0.0	0.0	0.0	0.0	0.0	0.0	0.0	0.0	0.0	0.0	0.0	0.0	0.0	0.0	0.0	0.0	0.0	0.0	0.0	0.0	0.0	0.0	0.0	0.0	0.0	0.0	0.0	0.0	0.0	0.0	0.0	0.0	0.0	0.0	3.0	0.0	0.0	0.0	0.0	0.0	0.0	0.0	17.0	0.0	0.0	0.0	0.0	0.0	0.0	0.0	0.0	0.0	0.0	0.0	0.0	0.0	0.0
SRR19309752	75.0	211.0	1628.0	3365.0	117.0	139.0	3.0	21.0	162.0	958.0	260.0	79.0	10303.0	1095.0	93.0	83.0	784.0	10349.0	126.0	27.0	4.0	601.0	258.0	18.0	2.0	0.0	47.0	1380.0	18.0	0.0	6.0	0.0	66.0	2.0	92.0	697.0	24.0	51.0	1181.0	2.0	397.0	3.0	1136.0	7162.0	626.0	3640.0	0.0	169.0	0.0	0.0	1150.0	0.0	508.0	825.0	649.0	18.0	85.0	116.0	0.0	70.0	10.0	580.0	74.0	2160.0	138.0	44.0	1479.0	5520.0	64.0	0.0	0.0	120.0	127.0	0.0	0.0	442.0	10.0	908.0	18.0	50.0	104.0	4.0	35.0	18.0	125.0	8.0	149.0	0.0	5.0	42.0	17.0	6.0	79.0	296.0	6.0	21.0	50.0	160.0	6.0	22.0	6.0	38.0	0.0	21.0	38.0	225.0	0.0	0.0	16.0	19.0	17.0	125.0	21.0	178.0	7.0	15.0	5.0	0.0	209.0	151.0	414.0	11.0	0.0	0.0	3.0	243.0	26.0	12.0	116.0	0.0	0.0	59.0	13.0	18.0	0.0	7.0	127.0	23.0	50.0	0.0	216.0	1599.0	0.0	70.0	30.0	0.0	133.0	0.0	90.0	0.0	113.0	190.0	116.0	66.0	163.0	76.0	0.0	0.0	30.0	0.0	175.0	4.0	10.0	92.0	0.0	0.0	0.0	32.0	70.0	3.0	0.0	0.0	0.0	31.0	20.0	503.0	41.0	3.0	0.0	18.0	0.0	0.0	7.0	0.0	28.0	203.0	0.0	4.0	72.0	0.0	12.0	7.0	16.0	165.0	3.0	16.0	4.0	0.0	3.0	0.0	0.0	2.0	0.0	0.0	0.0	69.0	5.0	0.0	63.0	181.0	0.0	0.0	0.0	10.0	3.0	0.0	11.0	5.0	0.0	0.0	0.0	0.0	0.0	10.0	0.0	6.0	25.0	0.0	7.0	0.0	0.0	0.0	7.0	25.0	0.0	0.0	6.0	0.0	13.0	11.0	0.0	0.0	0.0	0.0	0.0	0.0	0.0	0.0	134.0	0.0	0.0	0.0	0.0	0.0	0.0	0.0	0.0	13.0	0.0	0.0	0.0	0.0	0.0	0.0	0.0	0.0	0.0	0.0	0.0	0.0	2.0	0.0	0.0	0.0	0.0	0.0	3.0	0.0	0.0	0.0	17.0	16.0	0.0	0.0
SRR19309753	139.0	332.0	1419.0	5293.0	105.0	358.0	22.0	41.0	140.0	564.0	742.0	41.0	7202.0	1216.0	24.0	37.0	1187.0	6709.0	234.0	43.0	4.0	568.0	323.0	19.0	0.0	12.0	55.0	2642.0	0.0	0.0	11.0	0.0	55.0	0.0	74.0	813.0	78.0	57.0	554.0	0.0	267.0	122.0	839.0	4241.0	623.0	2448.0	5.0	151.0	2.0	0.0	830.0	6.0	478.0	1775.0	630.0	28.0	20.0	29.0	29.0	29.0	55.0	501.0	147.0	1435.0	238.0	54.0	1433.0	6132.0	48.0	0.0	0.0	231.0	107.0	34.0	0.0	705.0	29.0	2793.0	13.0	80.0	82.0	9.0	25.0	4.0	140.0	3.0	49.0	0.0	0.0	24.0	13.0	0.0	142.0	345.0	4.0	3.0	111.0	57.0	0.0	23.0	23.0	51.0	0.0	29.0	167.0	79.0	0.0	0.0	12.0	7.0	14.0	193.0	160.0	221.0	17.0	2.0	14.0	5.0	89.0	101.0	340.0	7.0	28.0	0.0	0.0	192.0	86.0	0.0	57.0	0.0	0.0	90.0	21.0	47.0	0.0	0.0	74.0	14.0	28.0	5.0	199.0	1945.0	0.0	86.0	26.0	0.0	219.0	4.0	23.0	0.0	38.0	657.0	0.0	82.0	162.0	81.0	0.0	0.0	47.0	2.0	47.0	0.0	15.0	469.0	0.0	2.0	0.0	20.0	50.0	0.0	0.0	0.0	0.0	27.0	60.0	229.0	134.0	0.0	0.0	3.0	0.0	0.0	29.0	0.0	0.0	272.0	0.0	2.0	65.0	13.0	0.0	8.0	0.0	143.0	7.0	3.0	5.0	5.0	0.0	2.0	0.0	3.0	0.0	0.0	7.0	27.0	0.0	0.0	23.0	122.0	0.0	4.0	0.0	7.0	3.0	0.0	28.0	3.0	0.0	15.0	4.0	11.0	0.0	0.0	2.0	10.0	37.0	0.0	0.0	0.0	8.0	0.0	0.0	39.0	0.0	0.0	0.0	0.0	0.0	0.0	0.0	23.0	27.0	0.0	0.0	0.0	0.0	3.0	42.0	0.0	0.0	0.0	0.0	0.0	0.0	0.0	0.0	0.0	0.0	0.0	0.0	0.0	0.0	0.0	0.0	0.0	0.0	0.0	0.0	18.0	0.0	0.0	0.0	0.0	2.0	0.0	0.0	0.0	3.0	0.0	0.0	10.0	0.0	0.0
SRR19309754	134.0	357.0	1346.0	2562.0	315.0	349.0	24.0	36.0	455.0	614.0	815.0	377.0	5843.0	910.0	80.0	198.0	1147.0	4558.0	140.0	96.0	13.0	725.0	159.0	35.0	3.0	27.0	53.0	1570.0	82.0	7.0	15.0	10.0	37.0	0.0	104.0	541.0	52.0	117.0	502.0	0.0	454.0	42.0	873.0	3039.0	550.0	1872.0	11.0	410.0	0.0	0.0	562.0	2.0	261.0	1244.0	496.0	26.0	15.0	86.0	0.0	127.0	23.0	307.0	168.0	1497.0	222.0	97.0	1097.0	4984.0	107.0	0.0	6.0	131.0	69.0	23.0	0.0	479.0	34.0	1967.0	34.0	109.0	138.0	0.0	80.0	10.0	88.0	13.0	49.0	0.0	0.0	38.0	102.0	4.0	64.0	179.0	7.0	9.0	54.0	134.0	8.0	21.0	0.0	34.0	0.0	35.0	137.0	161.0	0.0	0.0	11.0	16.0	11.0	200.0	172.0	480.0	26.0	0.0	18.0	0.0	142.0	16.0	274.0	0.0	9.0	0.0	0.0	207.0	22.0	2.0	54.0	12.0	2.0	45.0	8.0	30.0	4.0	0.0	106.0	0.0	31.0	6.0	156.0	1533.0	0.0	124.0	28.0	4.0	138.0	4.0	0.0	0.0	63.0	548.0	0.0	53.0	99.0	60.0	0.0	0.0	31.0	5.0	37.0	3.0	2.0	390.0	0.0	7.0	2.0	12.0	35.0	8.0	6.0	0.0	0.0	4.0	27.0	228.0	74.0	3.0	0.0	0.0	0.0	0.0	29.0	0.0	0.0	120.0	0.0	0.0	53.0	0.0	0.0	10.0	15.0	219.0	0.0	0.0	5.0	0.0	4.0	0.0	0.0	0.0	0.0	0.0	6.0	49.0	7.0	0.0	46.0	77.0	0.0	0.0	0.0	2.0	2.0	0.0	9.0	0.0	0.0	11.0	0.0	0.0	0.0	0.0	0.0	11.0	27.0	0.0	0.0	0.0	5.0	0.0	0.0	40.0	0.0	0.0	0.0	0.0	0.0	5.0	0.0	0.0	3.0	8.0	0.0	0.0	0.0	0.0	40.0	0.0	0.0	2.0	0.0	0.0	0.0	0.0	0.0	0.0	0.0	0.0	0.0	0.0	0.0	0.0	0.0	0.0	0.0	0.0	0.0	27.0	0.0	0.0	0.0	0.0	0.0	5.0	0.0	0.0	0.0	0.0	0.0	10.0	0.0	0.0
SRR19309755	96.0	149.0	514.0	1041.0	200.0	55.0	24.0	34.0	1004.0	388.0	838.0	684.0	5394.0	1003.0	133.0	427.0	867.0	1393.0	41.0	106.0	7.0	672.0	108.0	35.0	3.0	24.0	64.0	489.0	189.0	106.0	6.0	11.0	60.0	7.0	194.0	441.0	8.0	187.0	660.0	3.0	453.0	0.0	633.0	2298.0	611.0	1382.0	37.0	386.0	5.0	0.0	193.0	7.0	170.0	324.0	258.0	25.0	33.0	69.0	0.0	555.0	7.0	236.0	102.0	2659.0	50.0	123.0	736.0	3955.0	203.0	0.0	14.0	65.0	69.0	2.0	0.0	184.0	13.0	834.0	56.0	31.0	307.0	2.0	143.0	0.0	21.0	7.0	20.0	9.0	0.0	83.0	473.0	24.0	33.0	72.0	4.0	0.0	43.0	0.0	3.0	38.0	15.0	62.0	18.0	25.0	78.0	247.0	0.0	0.0	2.0	43.0	24.0	159.0	28.0	906.0	0.0	0.0	18.0	0.0	345.0	6.0	149.0	4.0	0.0	11.0	0.0	197.0	23.0	2.0	0.0	0.0	0.0	0.0	37.0	92.0	0.0	0.0	131.0	0.0	0.0	15.0	25.0	890.0	9.0	51.0	43.0	0.0	0.0	0.0	0.0	0.0	27.0	89.0	0.0	9.0	59.0	44.0	0.0	3.0	43.0	0.0	36.0	0.0	15.0	318.0	0.0	0.0	5.0	10.0	30.0	0.0	0.0	0.0	0.0	2.0	15.0	213.0	26.0	0.0	0.0	2.0	0.0	9.0	6.0	0.0	0.0	135.0	0.0	0.0	65.0	0.0	0.0	3.0	32.0	162.0	6.0	0.0	37.0	0.0	5.0	4.0	18.0	11.0	0.0	0.0	24.0	27.0	0.0	4.0	45.0	27.0	0.0	0.0	0.0	4.0	8.0	0.0	5.0	0.0	0.0	4.0	0.0	0.0	0.0	0.0	5.0	3.0	6.0	0.0	0.0	0.0	0.0	0.0	0.0	27.0	0.0	0.0	0.0	0.0	6.0	0.0	0.0	4.0	2.0	0.0	0.0	0.0	0.0	0.0	0.0	0.0	0.0	0.0	6.0	0.0	0.0	0.0	0.0	0.0	0.0	0.0	0.0	0.0	3.0	0.0	0.0	0.0	0.0	0.0	0.0	0.0	0.0	0.0	0.0	0.0	0.0	0.0	0.0	0.0	0.0	0.0	0.0	0.0	0.0	32.0
SRR19309756	23.0	35.0	95.0	766.0	100.0	45.0	22.0	12.0	503.0	259.0	289.0	365.0	3405.0	599.0	102.0	392.0	425.0	975.0	4.0	56.0	0.0	520.0	64.0	15.0	6.0	19.0	182.0	188.0	93.0	62.0	0.0	11.0	24.0	0.0	76.0	227.0	7.0	81.0	587.0	2.0	477.0	0.0	662.0	2412.0	511.0	659.0	4.0	279.0	4.0	0.0	67.0	0.0	63.0	216.0	112.0	14.0	32.0	93.0	0.0	267.0	0.0	111.0	47.0	1530.0	17.0	66.0	985.0	1654.0	152.0	0.0	7.0	11.0	29.0	0.0	0.0	25.0	12.0	80.0	83.0	47.0	331.0	0.0	87.0	0.0	46.0	6.0	20.0	11.0	0.0	100.0	387.0	3.0	5.0	137.0	0.0	0.0	10.0	0.0	0.0	14.0	6.0	32.0	0.0	0.0	15.0	208.0	0.0	0.0	0.0	20.0	2.0	97.0	0.0	634.0	13.0	0.0	16.0	3.0	221.0	0.0	56.0	0.0	0.0	31.0	0.0	173.0	9.0	9.0	0.0	0.0	3.0	9.0	25.0	5.0	0.0	0.0	73.0	3.0	0.0	16.0	82.0	243.0	0.0	11.0	78.0	0.0	0.0	8.0	0.0	0.0	11.0	27.0	30.0	5.0	32.0	17.0	0.0	11.0	8.0	0.0	5.0	0.0	7.0	39.0	0.0	0.0	0.0	8.0	5.0	0.0	0.0	0.0	0.0	0.0	2.0	120.0	0.0	3.0	0.0	0.0	0.0	8.0	0.0	0.0	0.0	57.0	0.0	10.0	6.0	0.0	0.0	0.0	10.0	36.0	10.0	0.0	4.0	0.0	0.0	2.0	21.0	0.0	0.0	0.0	27.0	14.0	0.0	0.0	20.0	11.0	0.0	0.0	0.0	9.0	11.0	0.0	5.0	0.0	0.0	3.0	0.0	0.0	0.0	0.0	0.0	8.0	0.0	0.0	0.0	0.0	0.0	0.0	0.0	0.0	0.0	0.0	0.0	2.0	0.0	2.0	0.0	0.0	6.0	0.0	0.0	0.0	0.0	0.0	0.0	0.0	0.0	0.0	0.0	0.0	0.0	0.0	0.0	0.0	4.0	0.0	0.0	0.0	0.0	0.0	0.0	0.0	0.0	0.0	0.0	0.0	0.0	0.0	0.0	0.0	0.0	0.0	0.0	0.0	0.0	0.0	0.0	0.0	0.0	13.0
SRR19309761	4.0	84.0	70.0	5285.0	0.0	19.0	118.0	3.0	148.0	937.0	178.0	742.0	19754.0	2422.0	224.0	5722.0	890.0	436.0	10.0	0.0	0.0	1616.0	161.0	27.0	0.0	0.0	224.0	4544.0	0.0	1698.0	6.0	0.0	27.0	0.0	26.0	23.0	0.0	519.0	91.0	0.0	1258.0	54.0	6592.0	4868.0	5007.0	1850.0	0.0	4.0	0.0	0.0	0.0	0.0	249.0	89.0	14.0	0.0	7.0	0.0	0.0	13.0	0.0	145.0	108.0	37.0	0.0	0.0	8851.0	9857.0	0.0	0.0	0.0	0.0	57.0	0.0	0.0	39.0	0.0	396.0	2258.0	0.0	1301.0	0.0	0.0	47.0	170.0	0.0	53.0	0.0	0.0	0.0	65.0	0.0	0.0	1056.0	0.0	149.0	12.0	48.0	31.0	0.0	0.0	0.0	0.0	0.0	0.0	52.0	0.0	0.0	0.0	0.0	0.0	133.0	22.0	0.0	4.0	0.0	0.0	0.0	0.0	165.0	2647.0	0.0	0.0	28.0	27.0	1083.0	0.0	0.0	376.0	0.0	0.0	0.0	0.0	0.0	0.0	0.0	0.0	0.0	38.0	0.0	82.0	1585.0	0.0	0.0	119.0	0.0	135.0	0.0	89.0	37.0	0.0	0.0	0.0	0.0	0.0	0.0	0.0	3.0	7.0	0.0	51.0	0.0	0.0	273.0	0.0	0.0	3.0	0.0	0.0	0.0	0.0	0.0	0.0	0.0	4.0	0.0	0.0	0.0	0.0	0.0	0.0	0.0	0.0	0.0	0.0	0.0	0.0	0.0	0.0	0.0	0.0	0.0	0.0	461.0	0.0	0.0	0.0	0.0	0.0	0.0	0.0	0.0	0.0	0.0	52.0	60.0	34.0	0.0	0.0	0.0	0.0	21.0	0.0	0.0	0.0	0.0	0.0	0.0	0.0	0.0	6.0	0.0	0.0	0.0	0.0	0.0	52.0	0.0	0.0	71.0	0.0	0.0	0.0	0.0	0.0	0.0	0.0	0.0	0.0	0.0	0.0	0.0	0.0	0.0	0.0	0.0	14.0	0.0	147.0	0.0	0.0	0.0	0.0	0.0	0.0	0.0	0.0	23.0	0.0	0.0	0.0	0.0	0.0	0.0	0.0	0.0	0.0	0.0	0.0	90.0	0.0	0.0	0.0	0.0	0.0	47.0	0.0	0.0	0.0	0.0	0.0	0.0	0.0	0.0
SRR19309762	48.0	31.0	289.0	694.0	156.0	22.0	9.0	13.0	614.0	343.0	349.0	413.0	4262.0	665.0	86.0	240.0	649.0	1239.0	28.0	69.0	0.0	683.0	53.0	26.0	0.0	21.0	117.0	292.0	123.0	8.0	14.0	4.0	44.0	0.0	83.0	201.0	10.0	75.0	502.0	0.0	338.0	5.0	589.0	1050.0	388.0	1425.0	6.0	211.0	5.0	0.0	199.0	4.0	75.0	207.0	202.0	16.0	43.0	61.0	0.0	244.0	0.0	257.0	43.0	1559.0	79.0	70.0	591.0	1968.0	202.0	0.0	18.0	18.0	35.0	4.0	0.0	142.0	20.0	254.0	24.0	41.0	163.0	0.0	49.0	0.0	0.0	22.0	36.0	2.0	0.0	43.0	227.0	0.0	9.0	21.0	0.0	6.0	0.0	0.0	0.0	39.0	0.0	35.0	11.0	19.0	32.0	139.0	0.0	0.0	6.0	25.0	0.0	88.0	23.0	1172.0	2.0	0.0	19.0	0.0	199.0	24.0	125.0	5.0	7.0	3.0	6.0	73.0	12.0	0.0	20.0	0.0	0.0	10.0	10.0	3.0	0.0	0.0	81.0	0.0	0.0	21.0	80.0	172.0	7.0	67.0	11.0	0.0	14.0	0.0	6.0	4.0	18.0	36.0	0.0	19.0	42.0	33.0	0.0	0.0	18.0	3.0	6.0	0.0	3.0	70.0	0.0	7.0	0.0	14.0	5.0	0.0	0.0	0.0	0.0	2.0	4.0	220.0	0.0	2.0	0.0	0.0	0.0	0.0	15.0	0.0	0.0	57.0	0.0	8.0	45.0	2.0	0.0	0.0	5.0	68.0	4.0	6.0	11.0	0.0	0.0	0.0	0.0	0.0	0.0	0.0	11.0	41.0	0.0	0.0	34.0	86.0	0.0	0.0	0.0	3.0	9.0	0.0	3.0	0.0	0.0	0.0	0.0	0.0	0.0	0.0	7.0	0.0	25.0	0.0	0.0	0.0	0.0	0.0	0.0	22.0	0.0	0.0	0.0	0.0	0.0	0.0	0.0	0.0	0.0	0.0	0.0	0.0	0.0	0.0	0.0	0.0	0.0	4.0	0.0	0.0	0.0	0.0	4.0	0.0	0.0	0.0	0.0	0.0	0.0	0.0	0.0	0.0	0.0	0.0	0.0	14.0	0.0	0.0	0.0	0.0	0.0	0.0	0.0	0.0	0.0	0.0	0.0	0.0	0.0	0.0
SRR19309763	28.0	41.0	71.0	870.0	107.0	7.0	8.0	3.0	711.0	222.0	355.0	481.0	1117.0	846.0	111.0	338.0	471.0	480.0	0.0	135.0	2.0	710.0	28.0	47.0	2.0	25.0	94.0	190.0	76.0	48.0	0.0	9.0	34.0	0.0	51.0	303.0	0.0	136.0	443.0	0.0	206.0	0.0	412.0	1073.0	374.0	1082.0	4.0	351.0	3.0	0.0	53.0	13.0	75.0	79.0	186.0	5.0	48.0	68.0	0.0	444.0	3.0	178.0	59.0	2023.0	51.0	75.0	556.0	1584.0	220.0	0.0	14.0	13.0	29.0	0.0	0.0	42.0	9.0	152.0	78.0	54.0	478.0	3.0	55.0	0.0	31.0	7.0	3.0	0.0	0.0	99.0	518.0	21.0	10.0	7.0	4.0	0.0	5.0	0.0	3.0	38.0	0.0	49.0	0.0	0.0	17.0	189.0	0.0	0.0	5.0	23.0	8.0	134.0	20.0	603.0	14.0	2.0	15.0	0.0	227.0	0.0	65.0	0.0	0.0	7.0	0.0	87.0	13.0	9.0	0.0	0.0	0.0	3.0	18.0	2.0	0.0	0.0	97.0	6.0	0.0	15.0	28.0	129.0	0.0	61.0	88.0	0.0	0.0	36.0	0.0	0.0	0.0	76.0	0.0	0.0	30.0	0.0	0.0	0.0	0.0	0.0	10.0	19.0	0.0	89.0	0.0	0.0	0.0	0.0	23.0	0.0	0.0	0.0	0.0	0.0	3.0	137.0	0.0	9.0	0.0	0.0	0.0	7.0	0.0	0.0	0.0	38.0	0.0	6.0	23.0	0.0	0.0	3.0	19.0	72.0	9.0	7.0	21.0	0.0	0.0	3.0	0.0	0.0	0.0	0.0	0.0	31.0	0.0	0.0	57.0	24.0	0.0	0.0	0.0	4.0	2.0	0.0	4.0	21.0	0.0	14.0	0.0	0.0	0.0	0.0	0.0	6.0	0.0	0.0	0.0	0.0	3.0	0.0	0.0	21.0	0.0	0.0	0.0	0.0	0.0	0.0	0.0	5.0	0.0	0.0	0.0	0.0	0.0	0.0	0.0	0.0	0.0	0.0	0.0	0.0	0.0	0.0	0.0	0.0	0.0	0.0	0.0	0.0	0.0	3.0	0.0	0.0	0.0	2.0	0.0	0.0	0.0	0.0	0.0	0.0	0.0	0.0	0.0	0.0	4.0	0.0	0.0	0.0	0.0	54.0
SRR19309764	8.0	6.0	43.0	262.0	96.0	12.0	2.0	0.0	361.0	161.0	201.0	279.0	568.0	384.0	61.0	85.0	331.0	322.0	0.0	143.0	0.0	403.0	13.0	16.0	6.0	14.0	43.0	60.0	56.0	30.0	0.0	4.0	23.0	3.0	34.0	152.0	0.0	32.0	252.0	3.0	78.0	0.0	318.0	430.0	144.0	544.0	0.0	124.0	0.0	0.0	16.0	10.0	46.0	18.0	90.0	0.0	23.0	21.0	0.0	234.0	3.0	107.0	16.0	1721.0	7.0	38.0	194.0	841.0	214.0	0.0	16.0	8.0	6.0	0.0	0.0	31.0	10.0	46.0	13.0	29.0	302.0	0.0	57.0	0.0	9.0	4.0	3.0	2.0	0.0	71.0	213.0	5.0	15.0	14.0	7.0	0.0	0.0	0.0	0.0	15.0	0.0	38.0	7.0	0.0	3.0	66.0	4.0	0.0	4.0	15.0	0.0	33.0	0.0	529.0	11.0	0.0	5.0	0.0	82.0	0.0	21.0	2.0	5.0	0.0	0.0	75.0	16.0	0.0	0.0	0.0	3.0	4.0	2.0	6.0	0.0	0.0	109.0	0.0	0.0	5.0	9.0	65.0	0.0	30.0	18.0	0.0	0.0	0.0	0.0	0.0	3.0	20.0	0.0	2.0	45.0	39.0	0.0	0.0	2.0	4.0	4.0	9.0	0.0	7.0	0.0	5.0	0.0	0.0	15.0	0.0	0.0	0.0	0.0	0.0	0.0	94.0	0.0	0.0	0.0	7.0	0.0	4.0	0.0	0.0	0.0	22.0	0.0	0.0	27.0	0.0	0.0	5.0	3.0	41.0	7.0	0.0	11.0	0.0	0.0	0.0	11.0	2.0	0.0	0.0	0.0	0.0	0.0	0.0	14.0	16.0	0.0	0.0	0.0	10.0	13.0	0.0	0.0	16.0	0.0	0.0	0.0	0.0	0.0	0.0	0.0	5.0	2.0	0.0	2.0	0.0	0.0	0.0	0.0	41.0	4.0	0.0	0.0	0.0	0.0	0.0	0.0	0.0	0.0	0.0	0.0	0.0	0.0	0.0	0.0	0.0	0.0	3.0	0.0	0.0	0.0	2.0	0.0	0.0	0.0	0.0	0.0	0.0	0.0	0.0	0.0	0.0	0.0	0.0	0.0	0.0	0.0	0.0	0.0	0.0	0.0	0.0	0.0	0.0	4.0	0.0	0.0	0.0	0.0	39.0
SRR19309765	31.0	39.0	40.0	281.0	86.0	2.0	19.0	9.0	491.0	159.0	255.0	393.0	446.0	824.0	91.0	130.0	434.0	342.0	3.0	60.0	0.0	349.0	10.0	16.0	0.0	15.0	5.0	53.0	115.0	38.0	2.0	9.0	29.0	0.0	22.0	218.0	0.0	33.0	286.0	0.0	28.0	0.0	215.0	417.0	88.0	1130.0	6.0	250.0	2.0	0.0	11.0	6.0	29.0	146.0	97.0	0.0	12.0	58.0	0.0	232.0	3.0	89.0	22.0	1642.0	16.0	77.0	134.0	918.0	114.0	0.0	0.0	10.0	19.0	3.0	0.0	86.0	8.0	57.0	45.0	25.0	202.0	0.0	102.0	0.0	18.0	0.0	4.0	0.0	0.0	42.0	286.0	0.0	0.0	18.0	0.0	0.0	0.0	0.0	0.0	13.0	0.0	37.0	8.0	0.0	4.0	58.0	0.0	0.0	0.0	4.0	0.0	57.0	0.0	661.0	12.0	0.0	14.0	0.0	124.0	0.0	109.0	0.0	0.0	0.0	0.0	40.0	0.0	0.0	0.0	0.0	0.0	3.0	51.0	0.0	0.0	0.0	44.0	0.0	0.0	0.0	0.0	67.0	3.0	20.0	6.0	0.0	0.0	0.0	0.0	0.0	4.0	44.0	4.0	8.0	25.0	19.0	0.0	0.0	5.0	0.0	11.0	0.0	0.0	29.0	0.0	0.0	0.0	0.0	11.0	0.0	0.0	0.0	0.0	0.0	0.0	44.0	0.0	0.0	0.0	0.0	0.0	0.0	0.0	0.0	0.0	32.0	0.0	0.0	26.0	0.0	0.0	4.0	3.0	58.0	4.0	0.0	0.0	0.0	0.0	0.0	0.0	6.0	0.0	0.0	0.0	0.0	0.0	3.0	23.0	2.0	0.0	0.0	0.0	0.0	0.0	0.0	4.0	13.0	0.0	0.0	0.0	0.0	0.0	0.0	0.0	4.0	0.0	0.0	0.0	0.0	0.0	0.0	0.0	23.0	0.0	0.0	0.0	16.0	0.0	0.0	0.0	0.0	0.0	0.0	0.0	0.0	0.0	0.0	0.0	0.0	0.0	0.0	0.0	0.0	0.0	0.0	0.0	0.0	9.0	0.0	0.0	0.0	0.0	0.0	0.0	0.0	3.0	0.0	0.0	0.0	0.0	0.0	0.0	0.0	0.0	0.0	0.0	0.0	0.0	0.0	0.0	0.0	0.0	5.0
SRR19309766	5.0	12.0	166.0	345.0	133.0	6.0	21.0	4.0	508.0	163.0	286.0	284.0	2429.0	404.0	59.0	191.0	318.0	783.0	10.0	17.0	0.0	418.0	31.0	12.0	7.0	19.0	38.0	129.0	48.0	57.0	10.0	3.0	20.0	0.0	57.0	143.0	2.0	63.0	377.0	0.0	215.0	0.0	313.0	622.0	203.0	692.0	6.0	141.0	0.0	0.0	72.0	0.0	23.0	68.0	98.0	0.0	30.0	62.0	0.0	275.0	9.0	186.0	36.0	1269.0	23.0	37.0	341.0	1098.0	92.0	0.0	9.0	0.0	35.0	0.0	0.0	69.0	11.0	133.0	32.0	12.0	118.0	0.0	95.0	0.0	18.0	5.0	15.0	5.0	0.0	39.0	185.0	0.0	11.0	6.0	3.0	0.0	9.0	0.0	0.0	6.0	6.0	17.0	6.0	0.0	29.0	91.0	0.0	0.0	0.0	15.0	0.0	58.0	19.0	681.0	0.0	0.0	0.0	0.0	124.0	0.0	72.0	4.0	2.0	6.0	3.0	16.0	6.0	3.0	0.0	0.0	0.0	7.0	3.0	11.0	0.0	0.0	51.0	3.0	4.0	0.0	9.0	139.0	3.0	36.0	7.0	0.0	0.0	0.0	0.0	0.0	10.0	16.0	0.0	0.0	21.0	12.0	0.0	0.0	2.0	4.0	4.0	3.0	0.0	31.0	0.0	4.0	0.0	0.0	12.0	0.0	0.0	0.0	0.0	0.0	0.0	78.0	0.0	3.0	0.0	0.0	0.0	0.0	8.0	0.0	0.0	30.0	0.0	0.0	34.0	3.0	0.0	4.0	0.0	21.0	0.0	3.0	11.0	0.0	0.0	2.0	0.0	6.0	0.0	0.0	0.0	29.0	0.0	0.0	20.0	56.0	0.0	0.0	0.0	0.0	4.0	0.0	0.0	9.0	0.0	7.0	0.0	0.0	0.0	0.0	0.0	6.0	11.0	2.0	0.0	0.0	0.0	0.0	0.0	19.0	0.0	0.0	0.0	0.0	0.0	0.0	0.0	0.0	2.0	4.0	0.0	0.0	0.0	2.0	0.0	0.0	0.0	3.0	0.0	0.0	0.0	0.0	0.0	0.0	0.0	0.0	0.0	0.0	0.0	0.0	0.0	0.0	0.0	0.0	0.0	0.0	0.0	0.0	0.0	0.0	0.0	0.0	0.0	0.0	0.0	0.0	0.0	0.0	0.0	0.0
SRR19309767	31.0	354.0	9.0	1837.0	0.0	2.0	46.0	14.0	102.0	213.0	205.0	712.0	7322.0	512.0	76.0	440.0	575.0	423.0	16.0	0.0	0.0	958.0	54.0	40.0	0.0	3.0	10.0	715.0	8.0	80.0	40.0	0.0	4.0	0.0	14.0	27.0	0.0	819.0	159.0	0.0	569.0	17.0	1974.0	2379.0	806.0	1015.0	0.0	7.0	0.0	0.0	49.0	3.0	39.0	64.0	14.0	0.0	0.0	40.0	10.0	59.0	0.0	55.0	33.0	354.0	4.0	79.0	1175.0	3465.0	23.0	0.0	0.0	9.0	59.0	50.0	0.0	29.0	27.0	186.0	493.0	12.0	378.0	0.0	6.0	18.0	19.0	0.0	42.0	3.0	0.0	0.0	264.0	0.0	7.0	334.0	4.0	22.0	12.0	43.0	0.0	3.0	0.0	0.0	0.0	0.0	12.0	39.0	0.0	0.0	0.0	3.0	7.0	39.0	13.0	42.0	3.0	0.0	0.0	0.0	109.0	25.0	165.0	0.0	0.0	68.0	10.0	114.0	0.0	0.0	67.0	0.0	0.0	0.0	29.0	0.0	0.0	0.0	0.0	0.0	8.0	0.0	273.0	984.0	0.0	0.0	28.0	0.0	49.0	0.0	4.0	21.0	0.0	6.0	0.0	0.0	20.0	0.0	0.0	0.0	0.0	0.0	8.0	3.0	0.0	140.0	0.0	0.0	0.0	0.0	0.0	0.0	0.0	0.0	0.0	5.0	0.0	28.0	0.0	0.0	0.0	19.0	0.0	4.0	0.0	0.0	0.0	0.0	0.0	4.0	0.0	0.0	0.0	0.0	0.0	6.0	0.0	0.0	0.0	0.0	0.0	0.0	0.0	0.0	0.0	0.0	12.0	14.0	0.0	0.0	0.0	0.0	5.0	0.0	0.0	0.0	0.0	0.0	0.0	0.0	10.0	0.0	2.0	0.0	0.0	0.0	0.0	0.0	0.0	0.0	0.0	0.0	0.0	0.0	0.0	0.0	0.0	0.0	0.0	0.0	0.0	0.0	0.0	0.0	0.0	0.0	0.0	0.0	0.0	0.0	13.0	0.0	0.0	0.0	0.0	0.0	0.0	0.0	0.0	0.0	0.0	0.0	0.0	0.0	0.0	0.0	0.0	2.0	0.0	0.0	0.0	14.0	0.0	0.0	0.0	0.0	0.0	0.0	0.0	0.0	0.0	0.0	0.0	0.0	0.0	0.0
SRR19309768	36.0	78.0	12.0	2555.0	0.0	42.0	13.0	9.0	198.0	138.0	474.0	643.0	12892.0	477.0	29.0	1116.0	516.0	581.0	215.0	9.0	0.0	382.0	58.0	10.0	0.0	0.0	53.0	1129.0	0.0	80.0	31.0	4.0	0.0	0.0	49.0	43.0	5.0	95.0	72.0	0.0	935.0	4.0	1779.0	3319.0	1256.0	1325.0	0.0	13.0	0.0	0.0	228.0	0.0	24.0	90.0	20.0	0.0	0.0	5.0	5.0	193.0	0.0	77.0	67.0	254.0	11.0	58.0	1943.0	4815.0	6.0	0.0	0.0	3.0	85.0	10.0	0.0	135.0	66.0	381.0	393.0	5.0	579.0	5.0	11.0	0.0	30.0	0.0	20.0	0.0	0.0	14.0	335.0	3.0	217.0	611.0	0.0	40.0	37.0	15.0	8.0	0.0	3.0	6.0	0.0	0.0	108.0	35.0	3.0	0.0	0.0	0.0	9.0	58.0	50.0	8.0	0.0	0.0	0.0	0.0	60.0	12.0	268.0	4.0	12.0	36.0	0.0	100.0	0.0	0.0	47.0	0.0	0.0	0.0	35.0	6.0	0.0	0.0	0.0	0.0	11.0	0.0	562.0	735.0	0.0	0.0	139.0	0.0	38.0	0.0	11.0	12.0	0.0	0.0	0.0	11.0	5.0	0.0	0.0	0.0	4.0	0.0	0.0	0.0	0.0	374.0	0.0	0.0	0.0	0.0	0.0	0.0	0.0	0.0	0.0	4.0	0.0	16.0	0.0	0.0	0.0	37.0	0.0	4.0	0.0	0.0	0.0	3.0	0.0	0.0	0.0	0.0	0.0	0.0	8.0	48.0	0.0	0.0	0.0	0.0	0.0	0.0	0.0	0.0	0.0	0.0	0.0	47.0	0.0	0.0	6.0	0.0	10.0	0.0	0.0	0.0	0.0	0.0	0.0	2.0	0.0	0.0	0.0	0.0	0.0	3.0	0.0	6.0	0.0	0.0	0.0	0.0	0.0	0.0	0.0	0.0	0.0	0.0	0.0	0.0	0.0	0.0	0.0	0.0	0.0	0.0	0.0	0.0	0.0	0.0	14.0	0.0	0.0	0.0	0.0	0.0	0.0	0.0	0.0	0.0	0.0	0.0	0.0	0.0	0.0	0.0	0.0	0.0	0.0	0.0	0.0	6.0	0.0	0.0	0.0	0.0	0.0	0.0	0.0	0.0	0.0	0.0	0.0	0.0	0.0	0.0
SRR19309769	20.0	46.0	5.0	2090.0	0.0	44.0	9.0	36.0	190.0	218.0	100.0	692.0	8130.0	341.0	25.0	670.0	761.0	1856.0	32.0	0.0	0.0	532.0	94.0	15.0	0.0	0.0	55.0	1542.0	0.0	55.0	21.0	9.0	7.0	0.0	47.0	0.0	0.0	238.0	118.0	0.0	677.0	25.0	1384.0	1861.0	979.0	560.0	5.0	56.0	0.0	0.0	802.0	0.0	68.0	424.0	18.0	2.0	0.0	39.0	4.0	55.0	4.0	118.0	13.0	357.0	14.0	50.0	970.0	3242.0	15.0	0.0	3.0	0.0	79.0	0.0	0.0	57.0	51.0	296.0	426.0	0.0	530.0	0.0	17.0	0.0	25.0	0.0	16.0	0.0	7.0	23.0	124.0	0.0	11.0	319.0	0.0	26.0	0.0	46.0	0.0	0.0	3.0	14.0	0.0	0.0	68.0	40.0	0.0	0.0	0.0	4.0	23.0	14.0	19.0	18.0	0.0	0.0	0.0	0.0	72.0	46.0	168.0	5.0	0.0	0.0	0.0	86.0	6.0	2.0	39.0	0.0	0.0	0.0	33.0	5.0	0.0	0.0	3.0	0.0	16.0	0.0	192.0	385.0	6.0	0.0	32.0	7.0	11.0	0.0	5.0	9.0	0.0	180.0	0.0	0.0	0.0	0.0	0.0	0.0	0.0	0.0	27.0	6.0	0.0	75.0	0.0	0.0	5.0	0.0	0.0	0.0	0.0	0.0	0.0	13.0	2.0	19.0	0.0	0.0	0.0	27.0	0.0	6.0	0.0	0.0	0.0	0.0	0.0	0.0	0.0	0.0	0.0	0.0	8.0	30.0	0.0	0.0	0.0	0.0	0.0	0.0	0.0	0.0	0.0	0.0	7.0	21.0	3.0	0.0	0.0	0.0	0.0	0.0	0.0	0.0	0.0	9.0	0.0	0.0	0.0	0.0	0.0	0.0	0.0	6.0	0.0	0.0	0.0	0.0	0.0	0.0	0.0	0.0	0.0	0.0	0.0	0.0	0.0	0.0	0.0	0.0	0.0	0.0	0.0	0.0	0.0	0.0	0.0	0.0	22.0	5.0	0.0	0.0	0.0	0.0	0.0	0.0	0.0	0.0	0.0	0.0	0.0	0.0	0.0	0.0	0.0	3.0	0.0	0.0	4.0	26.0	0.0	9.0	0.0	0.0	0.0	13.0	0.0	0.0	0.0	0.0	0.0	0.0	0.0	0.0
SRR19309770	92.0	207.0	42.0	1396.0	0.0	78.0	33.0	36.0	220.0	131.0	1252.0	1016.0	7254.0	550.0	38.0	683.0	413.0	1102.0	156.0	0.0	0.0	553.0	210.0	22.0	0.0	0.0	71.0	1931.0	18.0	88.0	5.0	3.0	21.0	0.0	195.0	25.0	0.0	175.0	241.0	0.0	646.0	0.0	2014.0	2069.0	708.0	1917.0	0.0	42.0	0.0	0.0	214.0	0.0	101.0	184.0	58.0	0.0	13.0	0.0	0.0	487.0	48.0	90.0	46.0	439.0	78.0	45.0	949.0	4761.0	22.0	0.0	0.0	0.0	69.0	0.0	0.0	548.0	65.0	969.0	777.0	11.0	379.0	14.0	28.0	0.0	32.0	0.0	32.0	4.0	0.0	23.0	181.0	8.0	14.0	578.0	0.0	0.0	55.0	0.0	2.0	5.0	0.0	0.0	8.0	9.0	113.0	53.0	3.0	0.0	0.0	8.0	14.0	58.0	233.0	26.0	4.0	0.0	0.0	0.0	70.0	20.0	204.0	0.0	0.0	24.0	0.0	157.0	0.0	2.0	0.0	0.0	0.0	0.0	32.0	2.0	0.0	0.0	9.0	0.0	0.0	0.0	905.0	916.0	0.0	0.0	111.0	0.0	5.0	3.0	0.0	15.0	0.0	0.0	0.0	0.0	42.0	0.0	0.0	0.0	15.0	0.0	40.0	0.0	0.0	674.0	0.0	0.0	0.0	7.0	2.0	0.0	0.0	0.0	0.0	0.0	14.0	7.0	13.0	0.0	0.0	13.0	0.0	2.0	0.0	0.0	0.0	0.0	0.0	0.0	0.0	0.0	0.0	0.0	5.0	13.0	0.0	0.0	0.0	0.0	12.0	0.0	0.0	0.0	0.0	0.0	0.0	51.0	0.0	0.0	15.0	0.0	0.0	2.0	0.0	0.0	3.0	0.0	0.0	0.0	0.0	0.0	0.0	0.0	0.0	0.0	0.0	0.0	40.0	0.0	0.0	0.0	0.0	0.0	0.0	0.0	0.0	0.0	0.0	20.0	0.0	0.0	0.0	6.0	0.0	0.0	0.0	0.0	0.0	0.0	0.0	0.0	0.0	0.0	0.0	0.0	0.0	0.0	0.0	0.0	0.0	0.0	0.0	0.0	0.0	0.0	0.0	0.0	0.0	0.0	0.0	0.0	0.0	0.0	0.0	0.0	0.0	0.0	0.0	6.0	0.0	0.0	0.0	0.0	0.0	0.0
SRR19309771	28.0	27.0	116.0	875.0	0.0	15.0	0.0	13.0	74.0	75.0	131.0	438.0	3815.0	220.0	48.0	276.0	227.0	2203.0	44.0	0.0	0.0	290.0	34.0	0.0	0.0	0.0	45.0	456.0	2.0	47.0	20.0	0.0	9.0	0.0	46.0	7.0	0.0	38.0	97.0	0.0	286.0	9.0	1225.0	1173.0	380.0	201.0	0.0	6.0	0.0	0.0	217.0	0.0	20.0	115.0	10.0	0.0	2.0	0.0	0.0	86.0	28.0	48.0	25.0	193.0	0.0	15.0	568.0	1920.0	0.0	0.0	0.0	0.0	61.0	0.0	0.0	54.0	19.0	44.0	298.0	0.0	286.0	0.0	5.0	0.0	0.0	0.0	66.0	0.0	0.0	0.0	28.0	0.0	4.0	240.0	0.0	19.0	17.0	10.0	8.0	0.0	0.0	4.0	0.0	0.0	21.0	31.0	0.0	0.0	0.0	2.0	3.0	35.0	26.0	0.0	0.0	0.0	0.0	0.0	35.0	13.0	39.0	0.0	0.0	19.0	0.0	79.0	0.0	3.0	39.0	0.0	0.0	0.0	5.0	5.0	0.0	0.0	0.0	0.0	16.0	0.0	43.0	434.0	0.0	0.0	37.0	0.0	5.0	0.0	4.0	11.0	0.0	21.0	0.0	0.0	0.0	0.0	0.0	0.0	3.0	0.0	4.0	0.0	0.0	7.0	0.0	0.0	0.0	0.0	4.0	0.0	0.0	0.0	0.0	0.0	0.0	0.0	0.0	0.0	0.0	0.0	0.0	2.0	0.0	0.0	0.0	0.0	0.0	0.0	3.0	0.0	0.0	0.0	0.0	3.0	0.0	0.0	0.0	0.0	2.0	0.0	0.0	0.0	0.0	0.0	0.0	46.0	0.0	0.0	0.0	0.0	0.0	3.0	0.0	0.0	0.0	0.0	0.0	0.0	0.0	0.0	0.0	0.0	0.0	0.0	0.0	0.0	0.0	0.0	0.0	0.0	0.0	0.0	0.0	0.0	0.0	0.0	0.0	8.0	0.0	0.0	0.0	0.0	2.0	0.0	0.0	0.0	0.0	0.0	12.0	0.0	0.0	0.0	0.0	0.0	0.0	0.0	0.0	0.0	0.0	0.0	0.0	0.0	0.0	0.0	0.0	0.0	0.0	0.0	0.0	11.0	0.0	8.0	0.0	0.0	0.0	0.0	0.0	0.0	0.0	0.0	0.0	0.0	0.0	0.0
SRR19309772	0.0	32.0	10.0	2450.0	0.0	0.0	31.0	0.0	17.0	275.0	119.0	323.0	10371.0	561.0	43.0	3871.0	353.0	305.0	0.0	0.0	0.0	910.0	110.0	42.0	0.0	0.0	86.0	3398.0	0.0	253.0	8.0	0.0	9.0	0.0	34.0	4.0	0.0	291.0	67.0	0.0	326.0	35.0	2572.0	2905.0	3978.0	471.0	0.0	0.0	0.0	0.0	19.0	12.0	75.0	103.0	2.0	0.0	0.0	0.0	0.0	0.0	0.0	89.0	19.0	4.0	2.0	6.0	3548.0	4127.0	0.0	0.0	0.0	0.0	53.0	0.0	4.0	16.0	6.0	66.0	1018.0	0.0	453.0	0.0	0.0	0.0	141.0	0.0	0.0	0.0	0.0	0.0	95.0	0.0	0.0	801.0	0.0	45.0	0.0	0.0	8.0	0.0	0.0	0.0	0.0	10.0	0.0	18.0	0.0	0.0	0.0	0.0	0.0	37.0	2.0	0.0	0.0	0.0	0.0	0.0	0.0	45.0	705.0	0.0	0.0	28.0	10.0	532.0	0.0	2.0	141.0	0.0	0.0	0.0	0.0	0.0	0.0	0.0	0.0	0.0	10.0	0.0	0.0	952.0	0.0	0.0	127.0	0.0	43.0	0.0	9.0	0.0	0.0	0.0	0.0	0.0	0.0	0.0	0.0	0.0	0.0	0.0	20.0	0.0	0.0	28.0	0.0	0.0	0.0	0.0	0.0	0.0	0.0	0.0	0.0	0.0	0.0	0.0	0.0	0.0	0.0	0.0	0.0	0.0	0.0	0.0	0.0	0.0	0.0	0.0	0.0	0.0	0.0	0.0	0.0	238.0	0.0	0.0	0.0	0.0	0.0	0.0	0.0	0.0	0.0	0.0	14.0	20.0	0.0	0.0	0.0	0.0	0.0	0.0	0.0	0.0	0.0	0.0	0.0	0.0	0.0	0.0	2.0	0.0	0.0	0.0	0.0	0.0	0.0	0.0	0.0	0.0	0.0	0.0	0.0	0.0	0.0	0.0	0.0	0.0	0.0	0.0	0.0	0.0	0.0	0.0	0.0	0.0	0.0	0.0	13.0	0.0	7.0	0.0	0.0	0.0	0.0	0.0	0.0	0.0	0.0	0.0	0.0	0.0	0.0	0.0	0.0	6.0	0.0	0.0	0.0	39.0	0.0	0.0	0.0	0.0	0.0	0.0	0.0	0.0	0.0	0.0	0.0	0.0	0.0	0.0
SRR19309773	2.0	7.0	7.0	410.0	6.0	0.0	0.0	0.0	33.0	78.0	28.0	396.0	1190.0	121.0	25.0	185.0	184.0	157.0	0.0	0.0	0.0	756.0	28.0	25.0	0.0	6.0	52.0	472.0	11.0	70.0	3.0	0.0	0.0	0.0	0.0	12.0	0.0	57.0	120.0	0.0	341.0	15.0	1793.0	673.0	570.0	76.0	0.0	0.0	0.0	0.0	5.0	0.0	7.0	30.0	0.0	0.0	8.0	5.0	3.0	32.0	4.0	46.0	17.0	228.0	12.0	30.0	938.0	1234.0	21.0	0.0	0.0	0.0	33.0	0.0	0.0	7.0	10.0	29.0	453.0	8.0	285.0	0.0	3.0	4.0	0.0	0.0	6.0	0.0	0.0	0.0	10.0	0.0	2.0	234.0	0.0	9.0	0.0	30.0	5.0	0.0	0.0	15.0	4.0	0.0	0.0	12.0	0.0	0.0	0.0	7.0	5.0	12.0	0.0	59.0	0.0	0.0	0.0	0.0	44.0	21.0	82.0	0.0	7.0	10.0	2.0	272.0	0.0	0.0	11.0	0.0	0.0	0.0	0.0	0.0	0.0	0.0	5.0	0.0	0.0	0.0	3.0	195.0	0.0	0.0	13.0	0.0	4.0	0.0	0.0	13.0	0.0	0.0	0.0	0.0	0.0	0.0	0.0	0.0	0.0	0.0	2.0	0.0	0.0	9.0	0.0	0.0	0.0	0.0	0.0	0.0	0.0	0.0	0.0	0.0	4.0	22.0	0.0	0.0	0.0	18.0	0.0	3.0	0.0	0.0	0.0	0.0	0.0	0.0	0.0	0.0	0.0	0.0	0.0	24.0	0.0	0.0	5.0	0.0	0.0	0.0	0.0	0.0	0.0	0.0	0.0	0.0	4.0	0.0	4.0	0.0	0.0	0.0	0.0	0.0	0.0	0.0	0.0	0.0	0.0	0.0	0.0	0.0	0.0	0.0	0.0	0.0	0.0	0.0	0.0	5.0	0.0	0.0	0.0	0.0	0.0	0.0	0.0	0.0	0.0	0.0	0.0	0.0	0.0	0.0	0.0	0.0	0.0	0.0	9.0	0.0	0.0	0.0	0.0	0.0	0.0	0.0	0.0	0.0	0.0	0.0	0.0	0.0	0.0	0.0	0.0	3.0	0.0	0.0	0.0	11.0	0.0	0.0	0.0	0.0	0.0	0.0	0.0	0.0	0.0	0.0	0.0	0.0	0.0	0.0
SRR19309774	24.0	28.0	0.0	1253.0	0.0	21.0	4.0	14.0	35.0	98.0	53.0	341.0	1836.0	305.0	57.0	346.0	291.0	158.0	0.0	0.0	0.0	616.0	54.0	7.0	0.0	0.0	70.0	572.0	0.0	62.0	0.0	0.0	0.0	0.0	11.0	11.0	0.0	159.0	90.0	0.0	500.0	24.0	1480.0	1167.0	681.0	329.0	0.0	0.0	0.0	0.0	34.0	0.0	19.0	192.0	4.0	0.0	0.0	0.0	0.0	20.0	0.0	47.0	0.0	129.0	0.0	10.0	969.0	2431.0	0.0	0.0	0.0	0.0	42.0	0.0	0.0	26.0	0.0	22.0	344.0	5.0	455.0	0.0	2.0	4.0	6.0	0.0	27.0	2.0	0.0	11.0	88.0	0.0	3.0	535.0	0.0	13.0	0.0	8.0	0.0	0.0	2.0	0.0	0.0	0.0	0.0	9.0	0.0	0.0	0.0	0.0	10.0	14.0	3.0	15.0	0.0	0.0	0.0	0.0	11.0	22.0	83.0	0.0	0.0	45.0	0.0	251.0	0.0	0.0	24.0	0.0	0.0	0.0	16.0	4.0	0.0	0.0	3.0	0.0	7.0	0.0	47.0	420.0	6.0	0.0	115.0	0.0	21.0	0.0	7.0	22.0	0.0	0.0	0.0	0.0	4.0	0.0	0.0	0.0	0.0	0.0	6.0	0.0	0.0	84.0	0.0	0.0	0.0	0.0	0.0	0.0	0.0	0.0	0.0	0.0	0.0	7.0	0.0	0.0	0.0	48.0	0.0	0.0	0.0	0.0	0.0	0.0	3.0	0.0	0.0	0.0	0.0	0.0	2.0	12.0	0.0	0.0	0.0	0.0	0.0	0.0	0.0	0.0	0.0	0.0	10.0	24.0	0.0	0.0	7.0	0.0	0.0	0.0	0.0	0.0	0.0	0.0	0.0	0.0	0.0	5.0	0.0	0.0	0.0	0.0	0.0	0.0	0.0	0.0	0.0	0.0	0.0	0.0	0.0	0.0	0.0	0.0	0.0	0.0	0.0	0.0	0.0	0.0	0.0	0.0	0.0	0.0	0.0	0.0	6.0	0.0	0.0	0.0	0.0	0.0	0.0	0.0	0.0	0.0	0.0	0.0	0.0	0.0	0.0	0.0	0.0	0.0	0.0	0.0	0.0	5.0	0.0	3.0	0.0	0.0	0.0	0.0	0.0	0.0	0.0	0.0	0.0	0.0	0.0	0.0
SRR19309775	3.0	7.0	9.0	1668.0	0.0	0.0	0.0	7.0	46.0	85.0	21.0	156.0	780.0	150.0	44.0	394.0	113.0	102.0	0.0	0.0	0.0	187.0	22.0	0.0	0.0	0.0	37.0	597.0	2.0	48.0	0.0	0.0	0.0	0.0	0.0	0.0	0.0	100.0	24.0	0.0	661.0	3.0	1058.0	891.0	895.0	327.0	0.0	3.0	0.0	0.0	4.0	0.0	12.0	163.0	5.0	0.0	2.0	0.0	8.0	124.0	0.0	23.0	9.0	84.0	4.0	21.0	775.0	1743.0	8.0	0.0	0.0	0.0	16.0	0.0	0.0	6.0	4.0	55.0	154.0	0.0	314.0	5.0	0.0	0.0	0.0	0.0	3.0	0.0	0.0	49.0	212.0	0.0	0.0	322.0	0.0	3.0	0.0	8.0	0.0	0.0	0.0	0.0	0.0	0.0	2.0	14.0	0.0	0.0	0.0	0.0	0.0	11.0	0.0	0.0	3.0	0.0	0.0	0.0	12.0	6.0	56.0	0.0	0.0	0.0	0.0	240.0	0.0	0.0	23.0	0.0	0.0	0.0	4.0	0.0	0.0	0.0	0.0	0.0	9.0	0.0	48.0	241.0	0.0	0.0	96.0	0.0	29.0	0.0	0.0	0.0	0.0	0.0	0.0	0.0	0.0	0.0	0.0	0.0	0.0	0.0	0.0	0.0	0.0	144.0	0.0	0.0	0.0	0.0	0.0	0.0	0.0	0.0	0.0	0.0	6.0	5.0	0.0	0.0	0.0	8.0	0.0	0.0	0.0	0.0	0.0	0.0	0.0	0.0	0.0	0.0	0.0	0.0	0.0	4.0	0.0	0.0	0.0	0.0	0.0	0.0	0.0	0.0	0.0	0.0	10.0	3.0	5.0	0.0	0.0	0.0	0.0	0.0	0.0	0.0	0.0	0.0	0.0	0.0	0.0	0.0	0.0	0.0	0.0	0.0	0.0	0.0	0.0	0.0	0.0	0.0	0.0	0.0	0.0	0.0	0.0	0.0	0.0	0.0	0.0	0.0	0.0	0.0	0.0	0.0	0.0	0.0	0.0	0.0	0.0	0.0	0.0	0.0	0.0	0.0	0.0	0.0	0.0	0.0	0.0	0.0	0.0	0.0	2.0	0.0	0.0	4.0	0.0	0.0	0.0	0.0	0.0	0.0	0.0	0.0	0.0	0.0	0.0	0.0	0.0	0.0	0.0	0.0	0.0	0.0
SRR19309776	8.0	11.0	0.0	1061.0	0.0	3.0	0.0	15.0	79.0	72.0	153.0	353.0	2342.0	259.0	57.0	484.0	366.0	158.0	3.0	3.0	0.0	197.0	66.0	4.0	0.0	0.0	112.0	747.0	0.0	62.0	0.0	0.0	0.0	0.0	0.0	24.0	0.0	57.0	69.0	0.0	848.0	11.0	2562.0	1722.0	1873.0	500.0	0.0	0.0	0.0	0.0	31.0	0.0	18.0	31.0	12.0	2.0	0.0	3.0	7.0	83.0	0.0	93.0	19.0	189.0	0.0	35.0	1654.0	3168.0	0.0	0.0	0.0	0.0	28.0	0.0	0.0	67.0	0.0	130.0	242.0	3.0	417.0	0.0	0.0	0.0	23.0	0.0	28.0	0.0	0.0	20.0	94.0	0.0	0.0	467.0	0.0	19.0	0.0	40.0	12.0	2.0	0.0	2.0	0.0	0.0	0.0	11.0	0.0	0.0	0.0	0.0	0.0	20.0	0.0	8.0	0.0	0.0	0.0	0.0	53.0	27.0	133.0	0.0	13.0	43.0	0.0	690.0	0.0	6.0	143.0	0.0	0.0	0.0	11.0	0.0	0.0	0.0	0.0	0.0	0.0	0.0	95.0	576.0	0.0	0.0	171.0	0.0	81.0	0.0	6.0	39.0	0.0	6.0	0.0	0.0	5.0	0.0	0.0	0.0	0.0	0.0	19.0	0.0	0.0	84.0	0.0	0.0	0.0	0.0	0.0	0.0	0.0	0.0	0.0	7.0	0.0	0.0	0.0	0.0	0.0	7.0	0.0	6.0	0.0	0.0	0.0	0.0	15.0	0.0	4.0	0.0	0.0	0.0	17.0	17.0	0.0	0.0	0.0	4.0	0.0	0.0	0.0	0.0	0.0	0.0	5.0	4.0	9.0	0.0	3.0	0.0	0.0	0.0	0.0	0.0	0.0	0.0	0.0	0.0	0.0	0.0	0.0	0.0	0.0	0.0	0.0	0.0	0.0	0.0	0.0	0.0	0.0	0.0	0.0	0.0	0.0	0.0	0.0	0.0	7.0	0.0	0.0	0.0	5.0	0.0	0.0	0.0	0.0	0.0	20.0	0.0	0.0	0.0	0.0	7.0	0.0	0.0	0.0	0.0	0.0	0.0	0.0	0.0	5.0	0.0	0.0	10.0	0.0	0.0	0.0	14.0	0.0	4.0	0.0	0.0	0.0	0.0	0.0	0.0	0.0	0.0	0.0	0.0	0.0	0.0
SRR19309777	11.0	5.0	0.0	595.0	0.0	0.0	4.0	0.0	78.0	116.0	43.0	450.0	2072.0	279.0	57.0	334.0	203.0	268.0	0.0	2.0	0.0	372.0	69.0	12.0	0.0	0.0	50.0	804.0	0.0	105.0	6.0	2.0	4.0	0.0	0.0	15.0	0.0	79.0	90.0	0.0	702.0	10.0	2025.0	955.0	715.0	270.0	0.0	0.0	0.0	0.0	22.0	0.0	16.0	0.0	12.0	0.0	0.0	0.0	0.0	136.0	0.0	89.0	18.0	169.0	2.0	24.0	774.0	1987.0	0.0	0.0	0.0	3.0	25.0	0.0	4.0	48.0	8.0	109.0	426.0	0.0	339.0	0.0	3.0	5.0	0.0	0.0	26.0	0.0	0.0	5.0	99.0	4.0	0.0	428.0	0.0	0.0	0.0	30.0	0.0	0.0	0.0	0.0	4.0	0.0	0.0	7.0	0.0	0.0	0.0	2.0	7.0	0.0	10.0	22.0	0.0	0.0	0.0	0.0	35.0	24.0	102.0	0.0	0.0	0.0	6.0	243.0	0.0	0.0	54.0	0.0	0.0	0.0	8.0	0.0	0.0	0.0	0.0	0.0	14.0	0.0	45.0	413.0	0.0	2.0	27.0	0.0	38.0	0.0	7.0	26.0	0.0	14.0	9.0	0.0	0.0	0.0	0.0	0.0	2.0	0.0	16.0	0.0	0.0	22.0	0.0	0.0	3.0	0.0	0.0	0.0	0.0	0.0	0.0	5.0	0.0	15.0	0.0	0.0	0.0	0.0	0.0	4.0	0.0	0.0	7.0	0.0	0.0	0.0	0.0	0.0	0.0	0.0	0.0	8.0	0.0	0.0	0.0	0.0	0.0	0.0	0.0	0.0	0.0	0.0	5.0	0.0	0.0	0.0	0.0	0.0	0.0	0.0	0.0	0.0	0.0	0.0	0.0	0.0	0.0	0.0	0.0	0.0	0.0	0.0	0.0	0.0	0.0	0.0	0.0	0.0	0.0	2.0	0.0	0.0	0.0	0.0	0.0	0.0	5.0	0.0	0.0	0.0	0.0	0.0	0.0	0.0	0.0	0.0	8.0	0.0	0.0	0.0	0.0	0.0	0.0	0.0	0.0	0.0	0.0	0.0	0.0	0.0	0.0	0.0	0.0	0.0	0.0	0.0	0.0	26.0	0.0	6.0	0.0	4.0	0.0	0.0	0.0	0.0	0.0	0.0	0.0	0.0	0.0	0.0
SRR19309779	130.0	99.0	1101.0	2032.0	0.0	93.0	146.0	45.0	1258.0	3330.0	2545.0	299.0	6577.0	2344.0	262.0	736.0	752.0	898.0	127.0	589.0	5.0	3125.0	531.0	476.0	89.0	14.0	548.0	910.0	93.0	6.0	3.0	17.0	216.0	0.0	20.0	322.0	7.0	29.0	755.0	0.0	84.0	53.0	321.0	4073.0	1275.0	4338.0	3.0	377.0	0.0	0.0	485.0	0.0	831.0	46.0	1097.0	11.0	961.0	36.0	0.0	209.0	9.0	986.0	126.0	1089.0	71.0	218.0	1161.0	5438.0	22.0	20.0	0.0	106.0	112.0	9.0	0.0	79.0	114.0	852.0	199.0	133.0	357.0	33.0	323.0	9.0	120.0	0.0	33.0	0.0	0.0	92.0	103.0	15.0	47.0	89.0	0.0	0.0	127.0	80.0	3.0	164.0	0.0	19.0	0.0	34.0	43.0	474.0	0.0	2.0	0.0	4.0	0.0	587.0	33.0	120.0	0.0	6.0	17.0	3.0	186.0	73.0	616.0	116.0	0.0	0.0	14.0	243.0	9.0	4.0	79.0	0.0	3.0	37.0	7.0	4.0	0.0	4.0	0.0	0.0	0.0	67.0	267.0	673.0	0.0	53.0	64.0	0.0	140.0	28.0	28.0	0.0	73.0	39.0	0.0	7.0	23.0	195.0	0.0	57.0	21.0	26.0	57.0	0.0	0.0	298.0	0.0	0.0	0.0	9.0	0.0	0.0	0.0	0.0	0.0	18.0	5.0	41.0	12.0	0.0	3.0	280.0	53.0	0.0	0.0	95.0	0.0	30.0	0.0	4.0	0.0	0.0	0.0	0.0	20.0	39.0	0.0	0.0	0.0	0.0	0.0	0.0	8.0	0.0	59.0	0.0	13.0	10.0	0.0	0.0	98.0	52.0	0.0	12.0	0.0	0.0	0.0	0.0	0.0	0.0	0.0	0.0	0.0	0.0	4.0	0.0	0.0	0.0	4.0	0.0	0.0	0.0	0.0	0.0	9.0	0.0	0.0	0.0	0.0	0.0	0.0	4.0	0.0	0.0	0.0	0.0	3.0	0.0	5.0	0.0	11.0	4.0	0.0	0.0	0.0	0.0	0.0	0.0	15.0	7.0	0.0	0.0	0.0	0.0	0.0	0.0	7.0	0.0	0.0	0.0	0.0	21.0	0.0	0.0	0.0	0.0	0.0	6.0	0.0	0.0	0.0	0.0	0.0	0.0	0.0	0.0
SRR19309780	87.0	69.0	972.0	1370.0	0.0	175.0	111.0	13.0	1441.0	2533.0	2008.0	159.0	5261.0	1879.0	219.0	607.0	744.0	717.0	131.0	537.0	11.0	3462.0	361.0	581.0	60.0	22.0	469.0	773.0	40.0	0.0	0.0	8.0	119.0	3.0	17.0	214.0	19.0	12.0	777.0	13.0	29.0	101.0	193.0	2833.0	480.0	4487.0	4.0	307.0	0.0	0.0	319.0	5.0	654.0	146.0	719.0	7.0	1599.0	58.0	0.0	261.0	17.0	871.0	103.0	1009.0	65.0	273.0	572.0	5766.0	54.0	7.0	0.0	162.0	106.0	0.0	0.0	267.0	77.0	659.0	57.0	194.0	61.0	47.0	313.0	9.0	54.0	13.0	54.0	0.0	0.0	59.0	44.0	18.0	97.0	86.0	0.0	40.0	50.0	166.0	7.0	159.0	6.0	9.0	0.0	36.0	68.0	309.0	0.0	25.0	4.0	0.0	3.0	299.0	57.0	97.0	0.0	0.0	0.0	0.0	150.0	63.0	529.0	85.0	32.0	0.0	18.0	81.0	6.0	0.0	155.0	0.0	0.0	19.0	12.0	0.0	0.0	0.0	22.0	0.0	0.0	28.0	104.0	443.0	0.0	39.0	48.0	0.0	202.0	32.0	8.0	2.0	8.0	20.0	0.0	0.0	10.0	166.0	0.0	20.0	4.0	6.0	59.0	0.0	0.0	696.0	8.0	0.0	0.0	0.0	0.0	0.0	0.0	0.0	0.0	24.0	5.0	8.0	21.0	0.0	0.0	379.0	50.0	0.0	0.0	79.0	3.0	68.0	0.0	4.0	0.0	0.0	0.0	0.0	12.0	7.0	0.0	0.0	0.0	0.0	4.0	0.0	0.0	0.0	11.0	0.0	15.0	111.0	7.0	0.0	33.0	53.0	0.0	4.0	0.0	0.0	0.0	0.0	0.0	2.0	0.0	0.0	0.0	0.0	0.0	0.0	0.0	0.0	0.0	0.0	0.0	0.0	0.0	0.0	0.0	0.0	0.0	15.0	5.0	0.0	4.0	0.0	0.0	0.0	4.0	0.0	0.0	0.0	0.0	0.0	24.0	0.0	0.0	0.0	0.0	0.0	0.0	0.0	0.0	12.0	0.0	0.0	0.0	0.0	0.0	0.0	2.0	0.0	0.0	0.0	0.0	48.0	0.0	0.0	0.0	0.0	0.0	23.0	0.0	0.0	0.0	0.0	0.0	0.0	0.0	0.0
SRR19309781	33.0	65.0	3165.0	1149.0	0.0	64.0	52.0	12.0	750.0	1616.0	1245.0	111.0	5332.0	818.0	93.0	862.0	321.0	538.0	96.0	137.0	0.0	2894.0	212.0	167.0	67.0	11.0	269.0	556.0	34.0	21.0	0.0	3.0	99.0	0.0	6.0	113.0	0.0	0.0	495.0	0.0	138.0	71.0	665.0	2350.0	634.0	2728.0	6.0	244.0	0.0	0.0	467.0	2.0	339.0	405.0	433.0	0.0	506.0	6.0	0.0	143.0	4.0	332.0	56.0	386.0	42.0	63.0	1099.0	4311.0	16.0	0.0	0.0	344.0	48.0	4.0	0.0	117.0	66.0	421.0	98.0	69.0	60.0	22.0	225.0	6.0	12.0	11.0	32.0	5.0	0.0	69.0	55.0	6.0	74.0	103.0	0.0	17.0	67.0	138.0	24.0	43.0	7.0	12.0	0.0	19.0	24.0	250.0	0.0	0.0	0.0	0.0	0.0	343.0	13.0	39.0	0.0	0.0	13.0	9.0	68.0	108.0	334.0	55.0	16.0	0.0	0.0	104.0	2.0	0.0	184.0	0.0	0.0	0.0	0.0	5.0	0.0	0.0	9.0	0.0	26.0	36.0	51.0	184.0	0.0	0.0	91.0	7.0	111.0	0.0	6.0	0.0	15.0	16.0	0.0	0.0	4.0	56.0	0.0	13.0	7.0	4.0	14.0	0.0	0.0	94.0	0.0	0.0	0.0	2.0	0.0	0.0	0.0	0.0	0.0	15.0	3.0	18.0	0.0	0.0	0.0	114.0	32.0	0.0	0.0	41.0	0.0	15.0	0.0	0.0	0.0	0.0	0.0	0.0	13.0	6.0	0.0	13.0	0.0	4.0	0.0	0.0	0.0	0.0	5.0	0.0	14.0	3.0	0.0	0.0	19.0	9.0	0.0	0.0	3.0	0.0	0.0	0.0	0.0	0.0	6.0	3.0	7.0	0.0	0.0	7.0	0.0	0.0	0.0	0.0	0.0	0.0	0.0	0.0	0.0	0.0	0.0	0.0	17.0	0.0	0.0	0.0	0.0	0.0	0.0	0.0	0.0	0.0	0.0	0.0	10.0	0.0	0.0	0.0	0.0	10.0	0.0	0.0	0.0	0.0	0.0	0.0	0.0	0.0	0.0	0.0	0.0	0.0	0.0	0.0	0.0	49.0	0.0	0.0	0.0	0.0	0.0	11.0	0.0	0.0	0.0	0.0	0.0	0.0	0.0	0.0
SRR19309782	71.0	184.0	1464.0	1595.0	0.0	115.0	72.0	22.0	522.0	1938.0	2021.0	99.0	3597.0	1282.0	96.0	411.0	500.0	1343.0	138.0	232.0	4.0	1839.0	371.0	252.0	20.0	11.0	221.0	981.0	14.0	7.0	0.0	10.0	76.0	2.0	11.0	156.0	11.0	8.0	283.0	16.0	41.0	85.0	185.0	2277.0	489.0	2716.0	5.0	159.0	0.0	0.0	269.0	12.0	446.0	236.0	564.0	3.0	430.0	22.0	14.0	75.0	5.0	554.0	46.0	693.0	49.0	141.0	705.0	3341.0	10.0	0.0	0.0	54.0	105.0	0.0	0.0	208.0	63.0	1015.0	48.0	95.0	49.0	41.0	194.0	9.0	42.0	0.0	27.0	6.0	0.0	39.0	9.0	6.0	61.0	99.0	0.0	32.0	46.0	45.0	0.0	61.0	4.0	7.0	0.0	19.0	41.0	219.0	0.0	4.0	0.0	2.0	5.0	310.0	17.0	39.0	2.0	3.0	11.0	0.0	90.0	85.0	483.0	99.0	14.0	0.0	8.0	71.0	8.0	3.0	112.0	0.0	0.0	15.0	0.0	18.0	0.0	0.0	5.0	0.0	8.0	20.0	200.0	304.0	0.0	35.0	73.0	19.0	93.0	14.0	0.0	0.0	55.0	146.0	0.0	11.0	14.0	67.0	0.0	11.0	15.0	3.0	33.0	0.0	0.0	343.0	0.0	0.0	0.0	16.0	0.0	0.0	0.0	0.0	0.0	9.0	4.0	16.0	54.0	0.0	0.0	174.0	46.0	0.0	0.0	50.0	25.0	48.0	13.0	2.0	0.0	0.0	0.0	3.0	9.0	19.0	0.0	10.0	0.0	6.0	5.0	0.0	0.0	0.0	41.0	0.0	5.0	3.0	0.0	0.0	10.0	28.0	0.0	3.0	0.0	0.0	0.0	0.0	0.0	0.0	9.0	0.0	0.0	0.0	0.0	0.0	0.0	0.0	6.0	0.0	0.0	0.0	0.0	0.0	0.0	0.0	0.0	0.0	5.0	0.0	0.0	0.0	0.0	5.0	0.0	0.0	0.0	0.0	0.0	0.0	10.0	0.0	0.0	0.0	0.0	16.0	2.0	0.0	7.0	0.0	0.0	0.0	0.0	0.0	0.0	0.0	0.0	0.0	0.0	0.0	0.0	54.0	0.0	0.0	0.0	0.0	0.0	0.0	0.0	0.0	0.0	0.0	0.0	0.0	0.0	0.0
SRR19309783	2.0	64.0	30.0	3322.0	0.0	9.0	88.0	10.0	28.0	430.0	57.0	194.0	8244.0	956.0	71.0	3113.0	420.0	183.0	10.0	0.0	0.0	1234.0	84.0	108.0	0.0	0.0	152.0	3426.0	0.0	1003.0	22.0	0.0	19.0	0.0	22.0	0.0	0.0	180.0	138.0	7.0	812.0	25.0	3593.0	3176.0	4100.0	637.0	0.0	13.0	0.0	0.0	36.0	0.0	72.0	49.0	11.0	0.0	4.0	0.0	14.0	13.0	0.0	51.0	47.0	5.0	0.0	0.0	2886.0	5052.0	0.0	0.0	0.0	0.0	44.0	0.0	4.0	69.0	0.0	29.0	1278.0	0.0	539.0	0.0	0.0	2.0	72.0	0.0	46.0	0.0	3.0	13.0	74.0	0.0	0.0	820.0	0.0	31.0	0.0	22.0	6.0	0.0	0.0	0.0	0.0	0.0	0.0	25.0	0.0	6.0	0.0	0.0	0.0	84.0	0.0	0.0	0.0	0.0	0.0	0.0	0.0	45.0	1300.0	0.0	3.0	20.0	34.0	770.0	0.0	0.0	123.0	0.0	0.0	0.0	4.0	0.0	0.0	0.0	0.0	0.0	0.0	0.0	7.0	887.0	0.0	0.0	296.0	0.0	39.0	0.0	8.0	15.0	0.0	0.0	0.0	0.0	0.0	0.0	0.0	0.0	0.0	0.0	10.0	0.0	0.0	118.0	0.0	0.0	0.0	0.0	0.0	0.0	0.0	0.0	0.0	0.0	0.0	0.0	0.0	0.0	0.0	0.0	0.0	0.0	0.0	0.0	0.0	0.0	0.0	0.0	0.0	0.0	0.0	0.0	0.0	98.0	0.0	0.0	0.0	0.0	0.0	0.0	0.0	0.0	0.0	0.0	0.0	45.0	10.0	0.0	0.0	0.0	3.0	40.0	0.0	0.0	0.0	0.0	0.0	0.0	2.0	0.0	0.0	0.0	0.0	0.0	0.0	0.0	0.0	0.0	0.0	68.0	0.0	0.0	0.0	0.0	0.0	0.0	0.0	0.0	3.0	0.0	0.0	0.0	0.0	0.0	0.0	0.0	15.0	0.0	47.0	0.0	0.0	0.0	0.0	0.0	0.0	0.0	0.0	0.0	0.0	5.0	0.0	0.0	0.0	0.0	0.0	12.0	0.0	0.0	0.0	9.0	0.0	0.0	0.0	0.0	0.0	0.0	0.0	0.0	0.0	0.0	0.0	0.0	8.0	0.0
SRR19309784	29.0	29.0	550.0	1924.0	3.0	56.0	48.0	23.0	412.0	2200.0	1313.0	69.0	4677.0	1387.0	121.0	236.0	398.0	1020.0	87.0	209.0	2.0	1858.0	380.0	234.0	29.0	19.0	202.0	851.0	31.0	0.0	0.0	11.0	90.0	0.0	8.0	197.0	14.0	4.0	354.0	0.0	129.0	45.0	153.0	3087.0	773.0	3039.0	0.0	182.0	0.0	0.0	209.0	5.0	450.0	87.0	601.0	0.0	443.0	16.0	27.0	79.0	16.0	675.0	23.0	550.0	18.0	135.0	1833.0	3996.0	7.0	4.0	0.0	114.0	50.0	11.0	0.0	36.0	37.0	340.0	81.0	156.0	139.0	22.0	149.0	0.0	51.0	0.0	9.0	0.0	0.0	14.0	9.0	4.0	86.0	131.0	0.0	6.0	101.0	45.0	24.0	51.0	0.0	0.0	0.0	23.0	15.0	225.0	0.0	3.0	0.0	0.0	10.0	289.0	13.0	78.0	17.0	4.0	8.0	7.0	113.0	112.0	358.0	92.0	0.0	5.0	0.0	137.0	3.0	0.0	136.0	0.0	0.0	15.0	2.0	0.0	0.0	0.0	7.0	0.0	0.0	14.0	57.0	239.0	0.0	18.0	46.0	0.0	159.0	3.0	30.0	0.0	36.0	4.0	0.0	3.0	11.0	71.0	0.0	19.0	44.0	11.0	44.0	0.0	0.0	85.0	0.0	0.0	0.0	12.0	0.0	3.0	0.0	0.0	0.0	12.0	0.0	30.0	17.0	0.0	0.0	454.0	56.0	6.0	0.0	61.0	0.0	31.0	0.0	0.0	0.0	0.0	0.0	0.0	0.0	19.0	0.0	11.0	0.0	6.0	0.0	0.0	3.0	0.0	100.0	0.0	0.0	6.0	16.0	0.0	31.0	91.0	0.0	4.0	0.0	0.0	0.0	0.0	0.0	0.0	0.0	0.0	0.0	0.0	0.0	0.0	0.0	0.0	0.0	0.0	0.0	0.0	0.0	0.0	0.0	0.0	0.0	0.0	16.0	0.0	0.0	3.0	0.0	0.0	0.0	0.0	0.0	0.0	0.0	0.0	26.0	0.0	0.0	0.0	0.0	0.0	0.0	0.0	0.0	0.0	0.0	0.0	0.0	0.0	0.0	0.0	0.0	0.0	0.0	0.0	0.0	30.0	0.0	0.0	4.0	0.0	0.0	0.0	0.0	0.0	0.0	0.0	0.0	0.0	0.0	0.0
SRR19309789	21.0	24.0	53.0	248.0	0.0	35.0	10.0	19.0	1043.0	867.0	497.0	139.0	986.0	504.0	177.0	356.0	335.0	125.0	0.0	258.0	5.0	1239.0	129.0	239.0	26.0	14.0	208.0	248.0	72.0	0.0	2.0	12.0	92.0	0.0	5.0	78.0	0.0	7.0	288.0	0.0	10.0	0.0	31.0	406.0	125.0	1836.0	9.0	112.0	0.0	0.0	21.0	3.0	212.0	83.0	200.0	0.0	825.0	25.0	0.0	253.0	0.0	211.0	30.0	839.0	15.0	64.0	97.0	1674.0	2.0	0.0	2.0	19.0	55.0	6.0	0.0	44.0	48.0	72.0	65.0	66.0	44.0	3.0	399.0	0.0	6.0	3.0	2.0	9.0	0.0	32.0	62.0	20.0	6.0	5.0	0.0	0.0	25.0	0.0	0.0	174.0	3.0	8.0	0.0	3.0	0.0	141.0	0.0	0.0	3.0	0.0	0.0	122.0	2.0	72.0	5.0	0.0	7.0	0.0	42.0	0.0	87.0	9.0	0.0	0.0	0.0	52.0	2.0	0.0	0.0	0.0	8.0	9.0	4.0	0.0	4.0	0.0	9.0	0.0	0.0	38.0	3.0	30.0	0.0	0.0	0.0	0.0	6.0	7.0	0.0	0.0	0.0	6.0	0.0	2.0	0.0	34.0	0.0	0.0	4.0	8.0	10.0	4.0	0.0	15.0	0.0	0.0	0.0	0.0	0.0	0.0	0.0	0.0	0.0	0.0	0.0	8.0	0.0	0.0	0.0	82.0	23.0	0.0	0.0	17.0	3.0	0.0	0.0	0.0	0.0	0.0	0.0	0.0	2.0	3.0	0.0	0.0	0.0	0.0	0.0	0.0	15.0	0.0	22.0	2.0	0.0	0.0	0.0	0.0	0.0	0.0	0.0	0.0	0.0	3.0	0.0	0.0	0.0	10.0	0.0	0.0	0.0	0.0	0.0	0.0	0.0	0.0	0.0	0.0	0.0	0.0	0.0	0.0	0.0	0.0	0.0	0.0	0.0	0.0	0.0	0.0	0.0	0.0	0.0	0.0	0.0	0.0	0.0	0.0	0.0	0.0	0.0	0.0	0.0	0.0	0.0	0.0	0.0	0.0	0.0	0.0	0.0	0.0	0.0	0.0	5.0	0.0	0.0	0.0	0.0	0.0	0.0	0.0	0.0	0.0	0.0	0.0	0.0	0.0	0.0	0.0	0.0	0.0	0.0	0.0
SRR19309790	37.0	21.0	26.0	245.0	3.0	24.0	20.0	14.0	1158.0	845.0	529.0	146.0	1103.0	595.0	142.0	380.0	237.0	90.0	7.0	277.0	6.0	1252.0	94.0	211.0	34.0	20.0	178.0	245.0	87.0	0.0	2.0	10.0	61.0	0.0	3.0	77.0	0.0	0.0	239.0	0.0	11.0	0.0	22.0	369.0	72.0	1634.0	2.0	133.0	0.0	0.0	11.0	7.0	172.0	59.0	245.0	2.0	942.0	28.0	0.0	222.0	0.0	213.0	99.0	923.0	4.0	135.0	137.0	1537.0	10.0	0.0	0.0	13.0	45.0	2.0	0.0	74.0	20.0	74.0	69.0	58.0	31.0	0.0	342.0	0.0	2.0	0.0	0.0	7.0	0.0	15.0	33.0	16.0	0.0	11.0	0.0	0.0	55.0	0.0	4.0	137.0	0.0	8.0	0.0	3.0	4.0	121.0	0.0	0.0	7.0	0.0	3.0	158.0	0.0	102.0	0.0	0.0	10.0	4.0	95.0	5.0	73.0	7.0	0.0	0.0	3.0	44.0	3.0	0.0	0.0	0.0	6.0	17.0	0.0	3.0	2.0	0.0	5.0	0.0	0.0	30.0	7.0	53.0	0.0	7.0	20.0	0.0	2.0	11.0	0.0	0.0	0.0	5.0	0.0	0.0	0.0	56.0	2.0	14.0	5.0	9.0	11.0	0.0	0.0	25.0	0.0	0.0	0.0	0.0	0.0	0.0	0.0	0.0	0.0	0.0	0.0	11.0	0.0	0.0	0.0	92.0	15.0	3.0	0.0	17.0	0.0	0.0	0.0	2.0	0.0	0.0	0.0	3.0	0.0	6.0	0.0	0.0	0.0	0.0	0.0	0.0	13.0	0.0	52.0	0.0	0.0	0.0	0.0	0.0	9.0	0.0	0.0	0.0	0.0	0.0	0.0	0.0	0.0	11.0	0.0	0.0	0.0	0.0	0.0	0.0	0.0	0.0	0.0	0.0	0.0	0.0	0.0	0.0	0.0	0.0	0.0	0.0	0.0	0.0	2.0	0.0	0.0	0.0	0.0	0.0	0.0	0.0	0.0	0.0	0.0	0.0	0.0	0.0	0.0	0.0	0.0	0.0	0.0	0.0	0.0	0.0	3.0	0.0	0.0	0.0	3.0	0.0	0.0	0.0	0.0	0.0	0.0	0.0	0.0	0.0	0.0	0.0	0.0	0.0	0.0	0.0	0.0	0.0	0.0	0.0
SRR19309791	22.0	30.0	44.0	188.0	2.0	21.0	25.0	22.0	855.0	721.0	396.0	304.0	690.0	580.0	86.0	334.0	210.0	119.0	5.0	220.0	7.0	905.0	85.0	132.0	20.0	12.0	169.0	129.0	34.0	0.0	3.0	15.0	65.0	0.0	0.0	114.0	8.0	13.0	350.0	0.0	11.0	0.0	62.0	512.0	161.0	1601.0	4.0	71.0	0.0	0.0	4.0	3.0	136.0	17.0	227.0	0.0	398.0	33.0	0.0	323.0	0.0	127.0	37.0	1037.0	20.0	132.0	61.0	1528.0	13.0	3.0	2.0	14.0	9.0	5.0	0.0	47.0	17.0	22.0	80.0	24.0	18.0	0.0	314.0	0.0	20.0	0.0	13.0	5.0	0.0	36.0	48.0	7.0	2.0	0.0	0.0	0.0	34.0	0.0	0.0	190.0	0.0	15.0	0.0	0.0	0.0	93.0	0.0	0.0	0.0	0.0	2.0	129.0	0.0	169.0	0.0	0.0	11.0	0.0	58.0	0.0	55.0	2.0	0.0	0.0	3.0	37.0	0.0	0.0	0.0	0.0	4.0	15.0	10.0	7.0	0.0	0.0	4.0	0.0	0.0	26.0	7.0	39.0	0.0	0.0	16.0	0.0	3.0	31.0	0.0	4.0	0.0	6.0	0.0	0.0	0.0	31.0	0.0	12.0	3.0	4.0	21.0	0.0	0.0	15.0	0.0	0.0	0.0	0.0	0.0	0.0	0.0	0.0	0.0	0.0	0.0	29.0	0.0	2.0	2.0	66.0	10.0	0.0	0.0	17.0	0.0	0.0	0.0	0.0	0.0	0.0	0.0	5.0	0.0	5.0	0.0	0.0	0.0	0.0	0.0	0.0	18.0	0.0	0.0	0.0	20.0	0.0	0.0	0.0	18.0	0.0	0.0	8.0	0.0	0.0	2.0	0.0	0.0	8.0	0.0	0.0	0.0	0.0	0.0	0.0	0.0	12.0	0.0	0.0	0.0	0.0	0.0	0.0	0.0	0.0	0.0	0.0	0.0	0.0	0.0	0.0	0.0	0.0	0.0	0.0	0.0	3.0	0.0	0.0	0.0	0.0	0.0	0.0	0.0	0.0	0.0	0.0	0.0	0.0	0.0	0.0	0.0	0.0	0.0	0.0	0.0	0.0	0.0	0.0	0.0	0.0	0.0	0.0	0.0	0.0	0.0	0.0	0.0	0.0	0.0	0.0	0.0	0.0	0.0	0.0
SRR19309792	16.0	25.0	36.0	183.0	0.0	13.0	50.0	8.0	1027.0	893.0	500.0	125.0	1120.0	578.0	112.0	395.0	312.0	105.0	0.0	343.0	4.0	1012.0	70.0	221.0	46.0	10.0	241.0	360.0	58.0	0.0	2.0	13.0	58.0	0.0	7.0	39.0	2.0	5.0	217.0	0.0	5.0	0.0	23.0	318.0	83.0	1430.0	6.0	132.0	0.0	0.0	5.0	5.0	164.0	144.0	86.0	0.0	520.0	26.0	0.0	309.0	0.0	88.0	76.0	839.0	2.0	131.0	69.0	1270.0	8.0	0.0	2.0	34.0	31.0	3.0	0.0	140.0	19.0	52.0	38.0	59.0	41.0	0.0	375.0	0.0	19.0	6.0	3.0	14.0	0.0	51.0	53.0	9.0	4.0	4.0	0.0	0.0	57.0	0.0	0.0	146.0	0.0	0.0	0.0	0.0	5.0	189.0	0.0	0.0	2.0	0.0	7.0	129.0	0.0	30.0	10.0	0.0	3.0	0.0	59.0	0.0	83.0	9.0	0.0	0.0	2.0	38.0	0.0	0.0	0.0	0.0	0.0	12.0	6.0	6.0	0.0	0.0	8.0	0.0	0.0	16.0	0.0	39.0	0.0	6.0	33.0	0.0	0.0	5.0	0.0	0.0	0.0	0.0	0.0	3.0	10.0	54.0	0.0	20.0	5.0	8.0	16.0	0.0	2.0	11.0	0.0	0.0	0.0	0.0	0.0	0.0	0.0	0.0	0.0	0.0	0.0	0.0	0.0	0.0	0.0	38.0	22.0	0.0	0.0	18.0	0.0	0.0	0.0	0.0	0.0	0.0	0.0	0.0	0.0	10.0	0.0	0.0	0.0	0.0	0.0	0.0	0.0	0.0	11.0	0.0	19.0	0.0	0.0	0.0	19.0	0.0	0.0	0.0	0.0	0.0	0.0	0.0	0.0	12.0	0.0	0.0	0.0	0.0	0.0	0.0	0.0	0.0	0.0	4.0	0.0	0.0	0.0	0.0	0.0	0.0	0.0	0.0	0.0	0.0	0.0	0.0	0.0	0.0	0.0	0.0	0.0	0.0	0.0	0.0	0.0	0.0	0.0	0.0	0.0	0.0	0.0	0.0	0.0	0.0	0.0	0.0	0.0	0.0	0.0	0.0	0.0	0.0	0.0	0.0	0.0	0.0	0.0	0.0	0.0	0.0	0.0	0.0	0.0	0.0	0.0	0.0	0.0	0.0	0.0	0.0
SRR19309793	33.0	112.0	55.0	341.0	0.0	44.0	51.0	36.0	1386.0	1171.0	729.0	262.0	1747.0	953.0	249.0	531.0	362.0	265.0	7.0	543.0	2.0	1579.0	194.0	369.0	17.0	30.0	127.0	707.0	91.0	7.0	7.0	14.0	122.0	0.0	29.0	106.0	0.0	0.0	312.0	0.0	10.0	0.0	48.0	483.0	124.0	2835.0	0.0	138.0	0.0	0.0	4.0	0.0	318.0	366.0	317.0	0.0	680.0	33.0	0.0	267.0	0.0	332.0	59.0	1078.0	6.0	45.0	147.0	1686.0	7.0	0.0	0.0	19.0	68.0	6.0	0.0	278.0	44.0	153.0	53.0	103.0	46.0	0.0	331.0	0.0	31.0	0.0	2.0	33.0	0.0	21.0	77.0	14.0	21.0	14.0	0.0	9.0	47.0	11.0	3.0	182.0	0.0	6.0	0.0	0.0	10.0	200.0	0.0	4.0	11.0	2.0	5.0	120.0	0.0	130.0	7.0	0.0	10.0	8.0	100.0	7.0	131.0	13.0	0.0	0.0	0.0	26.0	0.0	0.0	0.0	0.0	0.0	7.0	0.0	4.0	0.0	0.0	0.0	0.0	0.0	17.0	6.0	73.0	0.0	16.0	51.0	0.0	31.0	8.0	0.0	0.0	0.0	7.0	0.0	4.0	7.0	69.0	0.0	24.0	7.0	5.0	30.0	0.0	0.0	8.0	0.0	3.0	0.0	3.0	0.0	0.0	0.0	0.0	0.0	0.0	4.0	9.0	0.0	0.0	0.0	108.0	22.0	0.0	0.0	0.0	2.0	0.0	0.0	0.0	0.0	2.0	0.0	0.0	0.0	3.0	0.0	0.0	0.0	0.0	0.0	0.0	7.0	0.0	31.0	0.0	0.0	0.0	0.0	0.0	0.0	0.0	3.0	0.0	0.0	6.0	0.0	0.0	0.0	0.0	0.0	0.0	0.0	0.0	0.0	0.0	0.0	0.0	0.0	0.0	0.0	0.0	0.0	0.0	0.0	0.0	0.0	0.0	0.0	0.0	2.0	0.0	0.0	0.0	0.0	0.0	0.0	0.0	0.0	0.0	0.0	0.0	0.0	0.0	0.0	0.0	0.0	0.0	0.0	0.0	0.0	0.0	0.0	0.0	0.0	0.0	5.0	6.0	0.0	0.0	0.0	7.0	0.0	0.0	0.0	0.0	0.0	0.0	0.0	0.0	0.0	0.0	0.0	0.0	0.0	0.0
SRR19309794	0.0	152.0	7.0	10208.0	0.0	95.0	16.0	5.0	15.0	1062.0	216.0	88.0	21287.0	1415.0	70.0	1778.0	838.0	623.0	19.0	0.0	0.0	491.0	381.0	44.0	0.0	0.0	90.0	11548.0	0.0	484.0	17.0	0.0	75.0	0.0	17.0	0.0	0.0	264.0	46.0	0.0	1546.0	34.0	7764.0	11082.0	8847.0	1149.0	0.0	18.0	0.0	0.0	40.0	0.0	291.0	234.0	10.0	0.0	0.0	0.0	22.0	0.0	0.0	465.0	67.0	21.0	0.0	8.0	7817.0	12714.0	0.0	0.0	0.0	9.0	77.0	0.0	0.0	63.0	4.0	321.0	671.0	0.0	1117.0	0.0	7.0	0.0	249.0	0.0	37.0	0.0	0.0	0.0	28.0	0.0	0.0	2840.0	0.0	39.0	0.0	36.0	13.0	0.0	0.0	0.0	0.0	4.0	22.0	24.0	0.0	0.0	0.0	0.0	0.0	114.0	67.0	0.0	0.0	0.0	0.0	0.0	0.0	183.0	1851.0	0.0	33.0	0.0	6.0	1570.0	0.0	2.0	80.0	0.0	0.0	0.0	0.0	0.0	0.0	0.0	0.0	0.0	116.0	0.0	206.0	2259.0	0.0	0.0	284.0	0.0	158.0	0.0	10.0	24.0	0.0	0.0	5.0	0.0	0.0	0.0	0.0	0.0	0.0	0.0	22.0	0.0	0.0	217.0	0.0	0.0	0.0	0.0	0.0	0.0	11.0	0.0	0.0	73.0	0.0	0.0	0.0	0.0	0.0	11.0	0.0	0.0	0.0	0.0	0.0	0.0	0.0	0.0	0.0	0.0	0.0	0.0	6.0	442.0	0.0	27.0	0.0	5.0	0.0	0.0	0.0	0.0	0.0	0.0	28.0	18.0	0.0	0.0	0.0	0.0	0.0	24.0	0.0	0.0	0.0	0.0	0.0	0.0	8.0	0.0	0.0	0.0	0.0	0.0	0.0	0.0	13.0	0.0	0.0	3.0	0.0	0.0	5.0	0.0	0.0	0.0	13.0	0.0	0.0	0.0	0.0	0.0	0.0	0.0	0.0	0.0	0.0	0.0	12.0	0.0	0.0	0.0	0.0	0.0	0.0	0.0	0.0	0.0	0.0	0.0	0.0	0.0	0.0	0.0	0.0	3.0	0.0	0.0	0.0	64.0	0.0	0.0	0.0	0.0	0.0	39.0	0.0	0.0	0.0	0.0	0.0	0.0	0.0	0.0
SRR19309795	7.0	130.0	27.0	6104.0	0.0	36.0	33.0	11.0	34.0	717.0	139.0	122.0	12955.0	1042.0	97.0	2229.0	696.0	393.0	3.0	0.0	0.0	544.0	182.0	46.0	0.0	0.0	126.0	7764.0	0.0	453.0	9.0	0.0	30.0	0.0	26.0	8.0	12.0	236.0	56.0	0.0	1043.0	39.0	7086.0	6447.0	5797.0	679.0	0.0	13.0	0.0	0.0	25.0	0.0	169.0	118.0	9.0	0.0	3.0	0.0	0.0	6.0	0.0	287.0	45.0	4.0	0.0	0.0	4783.0	7741.0	0.0	0.0	0.0	0.0	50.0	0.0	0.0	58.0	2.0	245.0	686.0	0.0	904.0	0.0	0.0	0.0	168.0	0.0	32.0	0.0	0.0	7.0	17.0	0.0	0.0	1834.0	0.0	20.0	0.0	0.0	19.0	0.0	0.0	0.0	0.0	0.0	0.0	40.0	0.0	3.0	0.0	0.0	0.0	68.0	16.0	0.0	0.0	0.0	0.0	0.0	3.0	144.0	1354.0	0.0	0.0	0.0	4.0	818.0	0.0	0.0	157.0	0.0	0.0	0.0	0.0	0.0	0.0	0.0	0.0	0.0	0.0	0.0	81.0	1295.0	0.0	0.0	176.0	0.0	148.0	0.0	17.0	24.0	0.0	0.0	0.0	0.0	0.0	0.0	0.0	0.0	0.0	0.0	14.0	0.0	0.0	143.0	0.0	0.0	0.0	0.0	0.0	0.0	0.0	0.0	3.0	49.0	0.0	0.0	0.0	0.0	0.0	0.0	0.0	0.0	0.0	0.0	0.0	0.0	0.0	0.0	0.0	0.0	0.0	0.0	0.0	281.0	0.0	13.0	0.0	0.0	0.0	0.0	0.0	0.0	0.0	0.0	20.0	9.0	0.0	0.0	0.0	0.0	0.0	33.0	0.0	0.0	0.0	0.0	0.0	0.0	0.0	0.0	0.0	0.0	0.0	0.0	0.0	0.0	8.0	0.0	0.0	7.0	0.0	0.0	0.0	0.0	0.0	9.0	0.0	0.0	0.0	0.0	0.0	0.0	0.0	0.0	0.0	0.0	0.0	0.0	74.0	0.0	0.0	0.0	0.0	0.0	0.0	0.0	0.0	0.0	0.0	0.0	0.0	0.0	0.0	0.0	0.0	10.0	0.0	0.0	0.0	0.0	0.0	0.0	0.0	0.0	0.0	0.0	0.0	0.0	0.0	0.0	0.0	0.0	0.0	0.0
