#SampleID	d__Bacteria;p__Actinobacteriota;c__Actinobacteria	d__Bacteria;p__Proteobacteria;c__Gammaproteobacteria	d__Bacteria;p__Chloroflexi;c__Ktedonobacteria	d__Bacteria;p__Gemmatimonadota;c__Gemmatimonadetes	d__Bacteria;p__Verrucomicrobiota;c__Verrucomicrobiae	d__Bacteria;p__Actinobacteriota;c__Rubrobacteria	d__Bacteria;p__Proteobacteria;c__Alphaproteobacteria	d__Bacteria;p__Firmicutes;c__Bacilli	d__Bacteria;p__Bacteroidota;c__Bacteroidia	d__Bacteria;p__Actinobacteriota;c__Thermoleophilia	d__Bacteria;p__Acidobacteriota;c__Vicinamibacteria	d__Bacteria;p__Fibrobacterota;c__Fibrobacteria	d__Bacteria;p__Planctomycetota;c__Planctomycetes	d__Bacteria;p__Acidobacteriota;c__Blastocatellia	d__Bacteria;p__Deinococcota;c__Deinococci	d__Bacteria;p__Chloroflexi;c__Chloroflexia	d__Bacteria;p__Planctomycetota;c__Phycisphaerae	d__Bacteria;p__Bdellovibrionota;c__Oligoflexia	d__Bacteria;p__Bacteroidota;c__Kapabacteria	d__Bacteria;p__Cyanobacteria;c__Cyanobacteriia	d__Bacteria;p__Actinobacteriota;c__Acidimicrobiia	d__Bacteria;p__Myxococcota;c__Polyangia	d__Bacteria;p__Armatimonadota;c__Armatimonadia	d__Bacteria;p__Acidobacteriota;c__Acidobacteriae	d__Bacteria;p__Chloroflexi;c__Anaerolineae	d__Bacteria;p__Cyanobacteria;c__Vampirivibrionia	d__Bacteria;p__Desulfobacterota;c__Desulfuromonadia	d__Bacteria;p__Chloroflexi;c__KD4-96	d__Bacteria;p__Armatimonadota;c__Chthonomonadetes	d__Bacteria;p__Firmicutes;c__Desulfitobacteriia	d__Bacteria;p__Nitrospirota;c__Nitrospiria	d__Bacteria;p__Actinobacteriota;c__MB-A2-108	d__Bacteria;p__Gemmatimonadota;c__Longimicrobia	d__Bacteria;p__Acidobacteriota;c__Holophagae	d__Bacteria;p__Acidobacteriota;c__Subgroup_5	d__Bacteria;p__Sumerlaeota;c__Sumerlaeia	d__Bacteria;p__Dependentiae;c__Babeliae	d__Bacteria;p__Hydrogenedentes;c__Hydrogenedentia	d__Bacteria;p__Latescibacterota;c__Latescibacterota	d__Bacteria;p__Bdellovibrionota;c__Bdellovibrionia	d__Bacteria;p__Halanaerobiaeota;c__Halanaerobiia	d__Bacteria;p__Armatimonadota;c__Fimbriimonadia	d__Bacteria;p__Chloroflexi;c__JG30-KF-CM66	d__Bacteria;p__Firmicutes;c__Clostridia	d__Bacteria;p__Chloroflexi;c__Gitt-GS-136	d__Bacteria;p__Chloroflexi;c__Dehalococcoidia	d__Bacteria;p__Firmicutes;c__Negativicutes	d__Bacteria;p__Myxococcota;c__Myxococcia	d__Bacteria;p__Chloroflexi;c__TK10	d__Bacteria;p__Entotheonellaeota;c__Entotheonellia	d__Bacteria;p__Acidobacteriota;c__Thermoanaerobaculia	d__Bacteria;p__Armatimonadota;c__uncultured	d__Bacteria;p__Elusimicrobiota;c__Elusimicrobia	d__Bacteria;p__Myxococcota;c__bacteriap25	d__Bacteria;p__Methylomirabilota;c__Methylomirabilia	d__Bacteria;p__Gemmatimonadota;c__S0134_terrestrial_group	d__Bacteria;p__Chloroflexi;c__OLB14	d__Bacteria;p__Abditibacteriota;c__Abditibacteria	d__Bacteria;p__Elusimicrobiota;c__Lineage_IIa	d__Bacteria;p__Patescibacteria;c__uncultured	d__Bacteria;p__Desulfobacterota;c__uncultured	d__Bacteria;p__Patescibacteria;c__WWE3	d__Bacteria;p__Cyanobacteria;c__Sericytochromatia	d__Bacteria;p__Planctomycetota;c__BD7-11	d__Bacteria;p__Verrucomicrobiota;c__Chlamydiae	d__Bacteria;p__Fusobacteriota;c__Fusobacteriia	d__Bacteria;p__Planctomycetota;c__vadinHA49	d__Bacteria;p__Patescibacteria;c__Parcubacteria	d__Bacteria;p__Patescibacteria;c__Gracilibacteria	d__Bacteria;p__RCP2-54;c__RCP2-54	d__Bacteria;p__Desulfobacterota;c__Desulfovibrionia	d__Bacteria;p__Bacteroidota;c__Rhodothermia	d__Bacteria;p__Acidobacteriota;c__Subgroup_25	d__Bacteria;p__Chloroflexi;c__AD3	d__Bacteria;p__WPS-2;c__WPS-2	d__Bacteria;p__WS2;c__WS2	d__Bacteria;p__Firmicutes;c__Symbiobacteriia
SRR22815539	17265.0	21513.0	0.0	0.0	0.0	0.0	4567.0	23.0	2357.0	0.0	0.0	0.0	0.0	0.0	0.0	3.0	0.0	0.0	0.0	0.0	5.0	0.0	0.0	0.0	0.0	0.0	0.0	0.0	0.0	0.0	0.0	0.0	0.0	0.0	0.0	0.0	0.0	0.0	0.0	0.0	0.0	0.0	0.0	158.0	0.0	0.0	0.0	0.0	0.0	0.0	0.0	0.0	0.0	0.0	0.0	0.0	0.0	0.0	0.0	0.0	0.0	0.0	0.0	0.0	0.0	0.0	0.0	0.0	0.0	0.0	0.0	0.0	0.0	0.0	0.0	0.0	0.0
SRR22815560	14494.0	17248.0	0.0	0.0	0.0	0.0	3014.0	107.0	1890.0	0.0	0.0	0.0	0.0	12.0	0.0	0.0	0.0	48.0	0.0	0.0	0.0	34.0	0.0	358.0	0.0	120.0	0.0	0.0	0.0	0.0	144.0	0.0	0.0	0.0	0.0	0.0	0.0	0.0	0.0	0.0	0.0	0.0	0.0	0.0	0.0	0.0	0.0	0.0	0.0	0.0	0.0	0.0	42.0	0.0	0.0	0.0	0.0	0.0	0.0	0.0	0.0	0.0	0.0	0.0	0.0	0.0	0.0	0.0	0.0	0.0	0.0	0.0	0.0	0.0	0.0	0.0	0.0
SRR22815561	13480.0	36810.0	0.0	0.0	5.0	0.0	14621.0	33.0	7691.0	35.0	0.0	0.0	7.0	0.0	0.0	0.0	0.0	0.0	0.0	0.0	0.0	0.0	0.0	1282.0	0.0	0.0	0.0	0.0	0.0	0.0	0.0	0.0	0.0	0.0	0.0	0.0	463.0	0.0	0.0	0.0	0.0	0.0	0.0	21.0	33.0	0.0	0.0	0.0	0.0	0.0	0.0	0.0	21.0	0.0	0.0	0.0	0.0	0.0	0.0	0.0	0.0	0.0	0.0	0.0	0.0	4.0	0.0	0.0	0.0	0.0	0.0	0.0	0.0	0.0	0.0	0.0	0.0
SRR22815571	14610.0	40123.0	0.0	0.0	0.0	0.0	10573.0	1163.0	9706.0	67.0	32.0	0.0	10.0	0.0	0.0	12.0	0.0	0.0	0.0	0.0	0.0	0.0	0.0	216.0	0.0	0.0	0.0	0.0	0.0	0.0	0.0	0.0	0.0	0.0	0.0	0.0	326.0	0.0	0.0	0.0	0.0	0.0	0.0	0.0	32.0	0.0	0.0	0.0	0.0	0.0	0.0	0.0	0.0	0.0	0.0	0.0	0.0	0.0	0.0	0.0	0.0	0.0	0.0	0.0	0.0	0.0	0.0	0.0	0.0	0.0	0.0	0.0	0.0	0.0	31.0	0.0	0.0
SRR22815574	1393.0	12141.0	0.0	0.0	0.0	0.0	6314.0	268.0	348.0	51.0	0.0	0.0	20.0	21.0	0.0	76.0	0.0	0.0	0.0	0.0	0.0	18.0	0.0	29.0	43.0	0.0	0.0	0.0	0.0	8.0	20.0	0.0	0.0	0.0	0.0	0.0	0.0	0.0	0.0	0.0	0.0	0.0	0.0	0.0	0.0	0.0	0.0	30.0	0.0	0.0	0.0	0.0	0.0	0.0	0.0	56.0	0.0	0.0	0.0	0.0	0.0	0.0	0.0	0.0	0.0	0.0	0.0	0.0	0.0	0.0	0.0	0.0	0.0	0.0	0.0	0.0	0.0
SRR22815591	13294.0	21826.0	0.0	37.0	0.0	0.0	12689.0	101.0	2169.0	15.0	0.0	0.0	0.0	16.0	3.0	0.0	0.0	0.0	0.0	16.0	0.0	0.0	0.0	657.0	0.0	0.0	0.0	0.0	9.0	0.0	0.0	0.0	0.0	0.0	0.0	0.0	11.0	0.0	0.0	0.0	0.0	0.0	0.0	0.0	0.0	0.0	0.0	0.0	0.0	0.0	0.0	0.0	0.0	0.0	0.0	0.0	0.0	0.0	0.0	0.0	0.0	0.0	0.0	0.0	0.0	0.0	0.0	0.0	0.0	0.0	0.0	0.0	0.0	0.0	0.0	0.0	0.0
SRR22815596	2734.0	19701.0	0.0	0.0	0.0	0.0	15159.0	20.0	2969.0	0.0	0.0	0.0	0.0	0.0	0.0	0.0	0.0	0.0	0.0	0.0	0.0	0.0	0.0	0.0	0.0	0.0	0.0	0.0	0.0	0.0	0.0	0.0	0.0	0.0	0.0	0.0	0.0	0.0	0.0	0.0	0.0	0.0	0.0	0.0	0.0	0.0	0.0	0.0	0.0	0.0	0.0	0.0	0.0	0.0	0.0	0.0	0.0	0.0	0.0	0.0	0.0	0.0	0.0	0.0	66.0	0.0	0.0	0.0	0.0	0.0	0.0	0.0	0.0	0.0	0.0	0.0	0.0
SRR22815602	25.0	9049.0	0.0	12.0	5.0	0.0	1011.0	34.0	165.0	9.0	0.0	0.0	27.0	0.0	0.0	0.0	0.0	0.0	0.0	0.0	0.0	8.0	0.0	2.0	20.0	0.0	0.0	0.0	0.0	0.0	0.0	0.0	0.0	0.0	0.0	0.0	0.0	0.0	0.0	0.0	0.0	0.0	0.0	0.0	18.0	0.0	0.0	0.0	0.0	0.0	0.0	0.0	0.0	0.0	0.0	0.0	0.0	0.0	0.0	0.0	0.0	0.0	0.0	0.0	0.0	0.0	0.0	0.0	0.0	0.0	0.0	0.0	0.0	0.0	0.0	0.0	0.0
SRR22815604	5732.0	9569.0	0.0	0.0	0.0	0.0	1846.0	4.0	694.0	0.0	0.0	0.0	0.0	0.0	0.0	0.0	0.0	0.0	0.0	0.0	0.0	0.0	0.0	0.0	0.0	0.0	0.0	0.0	0.0	0.0	0.0	0.0	0.0	0.0	0.0	0.0	0.0	0.0	0.0	0.0	0.0	0.0	0.0	0.0	4.0	0.0	0.0	0.0	0.0	0.0	0.0	0.0	0.0	0.0	0.0	0.0	0.0	0.0	0.0	0.0	0.0	0.0	0.0	0.0	0.0	0.0	0.0	0.0	0.0	0.0	0.0	0.0	0.0	0.0	0.0	0.0	0.0
SRR22815614	5280.0	18432.0	0.0	6.0	0.0	0.0	4938.0	0.0	2741.0	0.0	0.0	0.0	0.0	0.0	0.0	0.0	0.0	0.0	0.0	0.0	0.0	0.0	0.0	45.0	0.0	0.0	0.0	0.0	0.0	0.0	0.0	0.0	0.0	0.0	0.0	0.0	58.0	0.0	0.0	0.0	0.0	0.0	0.0	0.0	0.0	0.0	0.0	0.0	0.0	0.0	0.0	0.0	0.0	0.0	0.0	2.0	0.0	0.0	0.0	0.0	0.0	0.0	0.0	0.0	0.0	0.0	0.0	0.0	0.0	0.0	0.0	0.0	0.0	0.0	0.0	0.0	0.0
SRR22815616	5923.0	15579.0	0.0	42.0	86.0	0.0	13585.0	978.0	8582.0	0.0	41.0	0.0	0.0	145.0	0.0	0.0	0.0	0.0	0.0	0.0	0.0	0.0	0.0	354.0	0.0	0.0	0.0	175.0	45.0	0.0	0.0	0.0	27.0	0.0	0.0	0.0	88.0	0.0	0.0	0.0	0.0	0.0	0.0	0.0	0.0	0.0	0.0	37.0	0.0	16.0	0.0	0.0	0.0	0.0	0.0	0.0	0.0	0.0	0.0	0.0	0.0	0.0	0.0	0.0	0.0	0.0	0.0	0.0	0.0	0.0	0.0	0.0	0.0	0.0	0.0	0.0	0.0
SRR22815617	7146.0	20115.0	0.0	0.0	0.0	0.0	7365.0	4.0	1846.0	0.0	0.0	0.0	0.0	0.0	0.0	0.0	0.0	0.0	0.0	20.0	0.0	0.0	0.0	6.0	15.0	0.0	0.0	0.0	0.0	0.0	0.0	0.0	0.0	0.0	0.0	0.0	72.0	0.0	0.0	0.0	0.0	0.0	0.0	0.0	0.0	0.0	0.0	0.0	0.0	0.0	0.0	0.0	0.0	0.0	0.0	0.0	0.0	0.0	0.0	0.0	0.0	0.0	0.0	0.0	0.0	0.0	0.0	0.0	0.0	0.0	0.0	0.0	0.0	0.0	0.0	0.0	0.0
SRR22815624	2016.0	11079.0	0.0	0.0	0.0	0.0	1572.0	42.0	769.0	0.0	0.0	0.0	6.0	0.0	0.0	0.0	4.0	0.0	0.0	0.0	0.0	0.0	0.0	0.0	0.0	0.0	0.0	0.0	0.0	0.0	0.0	0.0	0.0	0.0	0.0	0.0	50.0	0.0	0.0	0.0	0.0	0.0	0.0	33.0	0.0	0.0	0.0	0.0	0.0	0.0	0.0	0.0	0.0	0.0	0.0	0.0	0.0	0.0	0.0	0.0	0.0	0.0	0.0	0.0	0.0	0.0	0.0	0.0	0.0	0.0	0.0	0.0	0.0	0.0	0.0	0.0	0.0
SRR22815625	13172.0	19942.0	33.0	0.0	30.0	0.0	10721.0	156.0	6697.0	112.0	105.0	0.0	0.0	0.0	0.0	63.0	0.0	67.0	0.0	0.0	177.0	0.0	0.0	203.0	0.0	41.0	0.0	0.0	0.0	0.0	0.0	3.0	0.0	0.0	0.0	0.0	74.0	0.0	0.0	0.0	0.0	0.0	0.0	0.0	0.0	0.0	0.0	0.0	0.0	0.0	0.0	0.0	0.0	0.0	0.0	0.0	0.0	0.0	0.0	0.0	0.0	0.0	0.0	0.0	0.0	0.0	0.0	0.0	0.0	0.0	0.0	0.0	0.0	0.0	0.0	0.0	0.0
SRR22815632	7766.0	12282.0	0.0	0.0	0.0	0.0	2885.0	0.0	2575.0	41.0	0.0	0.0	0.0	0.0	0.0	0.0	0.0	0.0	0.0	0.0	0.0	0.0	0.0	10.0	0.0	0.0	0.0	0.0	0.0	0.0	0.0	0.0	0.0	0.0	0.0	0.0	0.0	0.0	0.0	0.0	0.0	0.0	0.0	0.0	0.0	0.0	0.0	0.0	0.0	0.0	0.0	0.0	0.0	0.0	0.0	0.0	0.0	0.0	0.0	0.0	0.0	0.0	0.0	0.0	0.0	0.0	0.0	0.0	0.0	0.0	0.0	0.0	0.0	0.0	0.0	0.0	0.0
SRR22815639	13413.0	11944.0	0.0	0.0	0.0	0.0	3260.0	203.0	2703.0	0.0	0.0	0.0	0.0	0.0	0.0	0.0	0.0	0.0	0.0	0.0	0.0	0.0	0.0	73.0	0.0	0.0	0.0	0.0	0.0	0.0	0.0	0.0	0.0	0.0	0.0	0.0	133.0	0.0	0.0	0.0	0.0	0.0	0.0	0.0	0.0	0.0	0.0	0.0	0.0	0.0	0.0	0.0	0.0	0.0	0.0	0.0	0.0	0.0	0.0	0.0	0.0	0.0	0.0	0.0	0.0	0.0	0.0	0.0	0.0	0.0	0.0	0.0	0.0	0.0	0.0	0.0	0.0
SRR22815672	1696.0	7643.0	3.0	2.0	43.0	0.0	335.0	35.0	66.0	47.0	4.0	0.0	19.0	41.0	0.0	3.0	0.0	0.0	0.0	0.0	7.0	84.0	0.0	20.0	3.0	0.0	3.0	6.0	0.0	0.0	0.0	0.0	0.0	0.0	0.0	0.0	0.0	0.0	0.0	8.0	0.0	0.0	4.0	0.0	0.0	0.0	0.0	0.0	0.0	0.0	0.0	0.0	0.0	0.0	0.0	0.0	0.0	0.0	0.0	0.0	0.0	0.0	0.0	0.0	0.0	0.0	0.0	0.0	0.0	0.0	0.0	0.0	0.0	0.0	0.0	4.0	0.0
SRR22815676	6410.0	12496.0	0.0	0.0	36.0	0.0	2640.0	1151.0	620.0	64.0	0.0	0.0	0.0	0.0	0.0	14.0	0.0	0.0	0.0	0.0	0.0	0.0	0.0	116.0	0.0	0.0	0.0	0.0	0.0	0.0	0.0	0.0	45.0	0.0	0.0	0.0	0.0	0.0	0.0	0.0	0.0	0.0	0.0	50.0	0.0	0.0	0.0	0.0	0.0	0.0	0.0	0.0	0.0	0.0	0.0	0.0	0.0	0.0	0.0	0.0	6.0	0.0	0.0	0.0	0.0	0.0	0.0	0.0	0.0	0.0	0.0	0.0	0.0	0.0	29.0	0.0	0.0
SRR22815677	1198.0	8237.0	8.0	0.0	62.0	4.0	2341.0	0.0	1874.0	52.0	25.0	3.0	12.0	23.0	0.0	15.0	0.0	0.0	0.0	15.0	16.0	80.0	0.0	4.0	5.0	0.0	0.0	40.0	6.0	0.0	0.0	0.0	3.0	0.0	0.0	0.0	0.0	0.0	0.0	6.0	0.0	2.0	0.0	0.0	0.0	0.0	0.0	0.0	0.0	0.0	0.0	0.0	0.0	0.0	0.0	0.0	0.0	0.0	0.0	0.0	0.0	0.0	0.0	0.0	2.0	0.0	0.0	0.0	0.0	0.0	0.0	0.0	0.0	0.0	0.0	0.0	0.0
SRR22815693	81.0	10088.0	161.0	341.0	1610.0	0.0	1731.0	0.0	2783.0	267.0	0.0	28.0	888.0	36.0	0.0	76.0	200.0	12.0	201.0	1078.0	149.0	486.0	6.0	518.0	478.0	16.0	0.0	10.0	12.0	0.0	12.0	0.0	53.0	28.0	0.0	0.0	7.0	13.0	0.0	0.0	0.0	130.0	0.0	0.0	0.0	0.0	0.0	84.0	44.0	0.0	0.0	12.0	0.0	4.0	0.0	0.0	0.0	0.0	0.0	0.0	27.0	4.0	0.0	0.0	2.0	0.0	0.0	7.0	0.0	0.0	0.0	0.0	0.0	0.0	0.0	0.0	0.0
SRR22815694	1890.0	7720.0	0.0	49.0	77.0	0.0	2659.0	71.0	2748.0	40.0	23.0	0.0	50.0	7.0	0.0	30.0	6.0	0.0	34.0	7.0	3.0	68.0	0.0	5.0	29.0	13.0	0.0	0.0	0.0	0.0	0.0	0.0	0.0	6.0	0.0	0.0	5.0	0.0	0.0	0.0	0.0	33.0	0.0	0.0	0.0	0.0	0.0	6.0	2.0	0.0	26.0	2.0	0.0	0.0	0.0	0.0	0.0	0.0	0.0	0.0	0.0	0.0	0.0	0.0	0.0	0.0	0.0	0.0	0.0	0.0	0.0	0.0	0.0	0.0	0.0	0.0	0.0
SRR22815696	12542.0	24583.0	0.0	0.0	35.0	0.0	17160.0	3776.0	2195.0	108.0	28.0	0.0	0.0	0.0	0.0	113.0	0.0	0.0	0.0	0.0	0.0	0.0	0.0	928.0	0.0	0.0	0.0	0.0	0.0	0.0	15.0	0.0	15.0	0.0	0.0	0.0	0.0	0.0	0.0	0.0	0.0	0.0	0.0	40.0	0.0	0.0	0.0	0.0	0.0	0.0	4.0	0.0	0.0	0.0	0.0	0.0	0.0	0.0	49.0	0.0	0.0	0.0	0.0	0.0	0.0	0.0	0.0	0.0	0.0	0.0	0.0	0.0	0.0	0.0	33.0	0.0	0.0
SRR22815707	2426.0	32215.0	0.0	12.0	0.0	0.0	3726.0	85.0	3434.0	11.0	0.0	0.0	0.0	0.0	0.0	0.0	0.0	0.0	0.0	0.0	0.0	0.0	47.0	0.0	0.0	0.0	0.0	0.0	0.0	0.0	0.0	0.0	12.0	0.0	0.0	0.0	120.0	0.0	39.0	0.0	0.0	0.0	0.0	0.0	0.0	0.0	0.0	4.0	0.0	0.0	0.0	0.0	0.0	0.0	0.0	0.0	0.0	0.0	0.0	0.0	0.0	0.0	0.0	0.0	0.0	0.0	0.0	0.0	0.0	0.0	0.0	0.0	0.0	0.0	0.0	0.0	0.0
SRR22815739	11540.0	6976.0	64.0	267.0	472.0	0.0	3938.0	759.0	2494.0	181.0	17.0	0.0	337.0	57.0	17.0	156.0	63.0	10.0	169.0	66.0	397.0	323.0	36.0	20.0	53.0	110.0	0.0	0.0	0.0	0.0	0.0	21.0	19.0	0.0	20.0	4.0	10.0	0.0	6.0	179.0	0.0	79.0	0.0	16.0	0.0	0.0	0.0	78.0	0.0	0.0	0.0	0.0	0.0	30.0	11.0	14.0	0.0	20.0	0.0	0.0	0.0	0.0	0.0	0.0	0.0	0.0	0.0	22.0	0.0	0.0	0.0	0.0	0.0	0.0	0.0	0.0	0.0
SRR22815740	8416.0	7892.0	115.0	178.0	314.0	0.0	4937.0	1338.0	1151.0	85.0	142.0	0.0	390.0	36.0	0.0	173.0	81.0	26.0	173.0	11.0	449.0	76.0	0.0	64.0	82.0	76.0	0.0	47.0	0.0	0.0	82.0	25.0	64.0	0.0	0.0	11.0	12.0	0.0	16.0	91.0	0.0	66.0	12.0	25.0	0.0	22.0	0.0	25.0	65.0	0.0	0.0	11.0	0.0	20.0	0.0	17.0	0.0	0.0	0.0	0.0	0.0	0.0	25.0	0.0	0.0	0.0	0.0	0.0	0.0	0.0	0.0	0.0	38.0	19.0	0.0	0.0	20.0
SRR22815741	3181.0	8364.0	3.0	46.0	66.0	0.0	697.0	0.0	110.0	125.0	17.0	0.0	23.0	20.0	0.0	20.0	0.0	0.0	0.0	0.0	44.0	119.0	0.0	40.0	16.0	2.0	0.0	0.0	2.0	0.0	0.0	0.0	7.0	2.0	0.0	0.0	0.0	0.0	0.0	8.0	0.0	16.0	0.0	0.0	0.0	0.0	0.0	0.0	0.0	0.0	0.0	0.0	0.0	0.0	0.0	5.0	0.0	0.0	0.0	0.0	0.0	0.0	0.0	0.0	0.0	0.0	0.0	0.0	3.0	0.0	0.0	0.0	0.0	0.0	0.0	0.0	0.0
SRR22815742	5728.0	3432.0	0.0	43.0	76.0	0.0	779.0	68.0	217.0	54.0	0.0	5.0	28.0	0.0	0.0	53.0	0.0	0.0	3.0	8.0	6.0	117.0	0.0	8.0	8.0	19.0	0.0	28.0	0.0	0.0	0.0	6.0	0.0	4.0	0.0	0.0	0.0	0.0	0.0	6.0	0.0	6.0	0.0	0.0	0.0	0.0	0.0	31.0	0.0	0.0	16.0	0.0	0.0	0.0	0.0	0.0	0.0	0.0	0.0	0.0	0.0	0.0	0.0	0.0	0.0	0.0	0.0	0.0	0.0	0.0	0.0	0.0	0.0	0.0	0.0	0.0	0.0
SRR22815772	2538.0	4944.0	0.0	0.0	0.0	0.0	2649.0	0.0	641.0	0.0	0.0	0.0	0.0	0.0	0.0	0.0	0.0	0.0	0.0	0.0	0.0	0.0	0.0	31.0	0.0	0.0	0.0	0.0	0.0	0.0	0.0	0.0	0.0	0.0	0.0	0.0	0.0	0.0	0.0	0.0	0.0	0.0	0.0	0.0	0.0	0.0	0.0	0.0	0.0	0.0	0.0	0.0	0.0	0.0	0.0	0.0	0.0	0.0	0.0	0.0	0.0	0.0	0.0	0.0	0.0	0.0	0.0	0.0	0.0	0.0	0.0	0.0	0.0	0.0	0.0	0.0	0.0
SRR22815779	5498.0	6899.0	29.0	140.0	119.0	0.0	816.0	430.0	197.0	530.0	52.0	0.0	179.0	0.0	0.0	96.0	0.0	0.0	109.0	47.0	77.0	448.0	0.0	79.0	0.0	0.0	0.0	0.0	0.0	0.0	40.0	7.0	0.0	23.0	8.0	0.0	21.0	0.0	0.0	0.0	0.0	35.0	0.0	29.0	0.0	17.0	0.0	0.0	24.0	0.0	0.0	0.0	0.0	12.0	0.0	0.0	28.0	13.0	0.0	0.0	14.0	0.0	0.0	0.0	0.0	0.0	0.0	0.0	0.0	0.0	0.0	0.0	0.0	0.0	0.0	0.0	0.0
SRR22815781	6435.0	4145.0	19.0	116.0	28.0	0.0	809.0	305.0	673.0	90.0	46.0	0.0	84.0	110.0	0.0	17.0	33.0	0.0	0.0	34.0	38.0	191.0	0.0	27.0	62.0	0.0	0.0	0.0	0.0	0.0	34.0	0.0	0.0	46.0	0.0	0.0	0.0	0.0	0.0	0.0	0.0	0.0	0.0	0.0	0.0	20.0	0.0	9.0	48.0	0.0	32.0	0.0	0.0	0.0	0.0	0.0	0.0	22.0	0.0	0.0	5.0	0.0	0.0	0.0	0.0	0.0	0.0	0.0	0.0	8.0	0.0	0.0	0.0	0.0	0.0	0.0	0.0
SRR22815798	3769.0	5523.0	136.0	554.0	755.0	0.0	2418.0	1521.0	2198.0	186.0	307.0	0.0	352.0	105.0	44.0	86.0	118.0	0.0	0.0	59.0	43.0	224.0	15.0	99.0	29.0	20.0	21.0	0.0	0.0	0.0	0.0	12.0	21.0	65.0	0.0	0.0	0.0	0.0	38.0	52.0	0.0	62.0	0.0	76.0	0.0	0.0	28.0	45.0	41.0	0.0	15.0	74.0	0.0	20.0	0.0	0.0	0.0	25.0	0.0	0.0	9.0	0.0	33.0	0.0	0.0	69.0	0.0	0.0	0.0	0.0	0.0	0.0	0.0	0.0	0.0	0.0	0.0
SRR22815802	2908.0	8602.0	0.0	0.0	0.0	0.0	311.0	0.0	2.0	0.0	0.0	0.0	0.0	0.0	0.0	0.0	0.0	0.0	0.0	0.0	0.0	0.0	0.0	0.0	0.0	0.0	0.0	0.0	0.0	0.0	0.0	0.0	0.0	0.0	0.0	0.0	0.0	0.0	0.0	0.0	0.0	0.0	0.0	0.0	0.0	0.0	0.0	0.0	0.0	0.0	0.0	0.0	0.0	0.0	0.0	0.0	0.0	0.0	0.0	0.0	0.0	0.0	0.0	0.0	0.0	0.0	0.0	0.0	0.0	0.0	0.0	0.0	0.0	0.0	0.0	0.0	0.0
SRR22815812	11421.0	23130.0	0.0	132.0	0.0	60.0	17752.0	639.0	6639.0	297.0	0.0	0.0	38.0	250.0	57.0	0.0	0.0	71.0	104.0	0.0	19.0	360.0	200.0	1073.0	0.0	101.0	0.0	140.0	0.0	0.0	0.0	11.0	0.0	0.0	0.0	0.0	47.0	0.0	0.0	0.0	0.0	0.0	0.0	0.0	0.0	0.0	51.0	0.0	0.0	0.0	94.0	0.0	0.0	0.0	0.0	15.0	0.0	0.0	0.0	0.0	0.0	0.0	0.0	0.0	0.0	0.0	0.0	0.0	0.0	0.0	0.0	0.0	0.0	0.0	0.0	0.0	0.0
SRR22815827	2128.0	20302.0	0.0	0.0	0.0	0.0	2392.0	59.0	3584.0	0.0	0.0	0.0	0.0	0.0	0.0	0.0	0.0	0.0	0.0	0.0	0.0	0.0	0.0	0.0	0.0	0.0	0.0	0.0	0.0	0.0	0.0	0.0	0.0	0.0	0.0	0.0	0.0	0.0	0.0	0.0	0.0	0.0	0.0	0.0	0.0	0.0	0.0	0.0	0.0	0.0	0.0	0.0	0.0	0.0	0.0	0.0	0.0	0.0	0.0	0.0	0.0	0.0	0.0	0.0	0.0	0.0	0.0	0.0	0.0	0.0	0.0	0.0	0.0	0.0	0.0	0.0	0.0
SRR22815831	2448.0	24074.0	0.0	0.0	0.0	0.0	5226.0	119.0	3321.0	183.0	0.0	0.0	0.0	0.0	0.0	0.0	0.0	96.0	0.0	0.0	0.0	0.0	0.0	305.0	0.0	0.0	0.0	0.0	0.0	0.0	0.0	0.0	0.0	0.0	0.0	0.0	144.0	0.0	0.0	0.0	0.0	0.0	0.0	142.0	0.0	0.0	0.0	0.0	0.0	0.0	0.0	0.0	0.0	0.0	0.0	0.0	0.0	0.0	0.0	0.0	0.0	0.0	0.0	0.0	0.0	0.0	0.0	0.0	0.0	0.0	22.0	0.0	0.0	0.0	0.0	0.0	0.0
SRR22815840	2643.0	9856.0	0.0	0.0	0.0	0.0	1075.0	3.0	2020.0	0.0	0.0	0.0	5.0	0.0	0.0	0.0	0.0	0.0	0.0	0.0	0.0	0.0	0.0	0.0	0.0	0.0	0.0	0.0	0.0	0.0	0.0	0.0	0.0	0.0	0.0	0.0	117.0	0.0	0.0	0.0	0.0	0.0	0.0	0.0	0.0	0.0	0.0	0.0	0.0	0.0	0.0	0.0	0.0	0.0	0.0	0.0	0.0	0.0	0.0	0.0	0.0	0.0	2.0	0.0	0.0	0.0	0.0	0.0	0.0	0.0	0.0	0.0	0.0	0.0	0.0	0.0	0.0
SRR22815861	2464.0	12952.0	0.0	61.0	17.0	0.0	2125.0	188.0	556.0	77.0	4.0	0.0	66.0	31.0	0.0	64.0	4.0	0.0	0.0	6.0	8.0	3.0	9.0	86.0	21.0	8.0	0.0	80.0	6.0	0.0	11.0	0.0	5.0	3.0	0.0	0.0	0.0	0.0	0.0	0.0	0.0	8.0	0.0	9.0	11.0	0.0	0.0	0.0	0.0	0.0	0.0	0.0	0.0	0.0	0.0	0.0	0.0	0.0	0.0	6.0	0.0	0.0	4.0	0.0	0.0	0.0	0.0	0.0	0.0	0.0	0.0	0.0	0.0	0.0	0.0	0.0	0.0
SRR22815918	1278.0	14863.0	0.0	0.0	0.0	0.0	889.0	1116.0	289.0	0.0	0.0	0.0	0.0	0.0	0.0	0.0	0.0	0.0	0.0	0.0	0.0	0.0	0.0	0.0	0.0	0.0	0.0	0.0	0.0	0.0	0.0	0.0	0.0	0.0	0.0	0.0	0.0	0.0	0.0	0.0	0.0	0.0	0.0	0.0	0.0	0.0	0.0	0.0	0.0	0.0	0.0	0.0	0.0	0.0	0.0	0.0	0.0	0.0	0.0	0.0	0.0	0.0	0.0	0.0	0.0	0.0	0.0	0.0	0.0	0.0	0.0	0.0	0.0	0.0	0.0	0.0	0.0
SRR22815937	4140.0	15621.0	0.0	0.0	0.0	0.0	9430.0	26.0	913.0	134.0	0.0	0.0	0.0	0.0	0.0	0.0	0.0	36.0	0.0	12.0	74.0	0.0	0.0	60.0	0.0	0.0	0.0	0.0	0.0	0.0	0.0	0.0	0.0	0.0	0.0	0.0	83.0	0.0	0.0	0.0	0.0	0.0	0.0	0.0	0.0	0.0	0.0	0.0	0.0	0.0	0.0	0.0	0.0	0.0	0.0	0.0	0.0	0.0	0.0	0.0	0.0	0.0	0.0	0.0	0.0	0.0	0.0	0.0	0.0	0.0	0.0	0.0	0.0	0.0	0.0	0.0	0.0
SRR22815940	10009.0	30407.0	0.0	257.0	0.0	0.0	22137.0	143.0	4361.0	174.0	41.0	0.0	14.0	701.0	0.0	7.0	0.0	57.0	0.0	0.0	193.0	117.0	161.0	462.0	0.0	0.0	0.0	19.0	0.0	0.0	170.0	0.0	0.0	0.0	0.0	0.0	99.0	0.0	0.0	0.0	29.0	0.0	34.0	62.0	0.0	0.0	0.0	0.0	0.0	2.0	0.0	0.0	42.0	0.0	0.0	0.0	0.0	22.0	0.0	0.0	0.0	0.0	0.0	0.0	0.0	0.0	0.0	0.0	0.0	0.0	0.0	50.0	0.0	0.0	0.0	0.0	0.0
SRR22815944	10482.0	11861.0	0.0	0.0	20.0	0.0	8845.0	607.0	7033.0	196.0	756.0	0.0	96.0	0.0	0.0	32.0	0.0	58.0	0.0	0.0	0.0	0.0	0.0	87.0	250.0	191.0	0.0	150.0	0.0	0.0	0.0	0.0	0.0	0.0	0.0	0.0	0.0	0.0	0.0	0.0	0.0	276.0	0.0	0.0	0.0	0.0	96.0	14.0	176.0	0.0	0.0	0.0	0.0	0.0	0.0	0.0	0.0	0.0	0.0	0.0	0.0	0.0	0.0	0.0	0.0	0.0	0.0	0.0	0.0	0.0	0.0	0.0	0.0	0.0	0.0	0.0	0.0
SRR22815954	6601.0	13397.0	0.0	0.0	0.0	0.0	2734.0	57.0	3762.0	0.0	0.0	0.0	0.0	0.0	0.0	0.0	0.0	0.0	0.0	0.0	0.0	0.0	0.0	10.0	0.0	0.0	0.0	0.0	0.0	0.0	0.0	0.0	0.0	0.0	0.0	0.0	0.0	0.0	0.0	0.0	0.0	0.0	0.0	0.0	0.0	0.0	0.0	0.0	0.0	0.0	0.0	0.0	0.0	0.0	0.0	0.0	0.0	0.0	0.0	0.0	0.0	0.0	0.0	0.0	0.0	0.0	0.0	0.0	0.0	0.0	0.0	0.0	0.0	0.0	0.0	0.0	0.0
SRR22815955	2751.0	11463.0	0.0	0.0	0.0	0.0	474.0	30.0	348.0	52.0	0.0	0.0	28.0	55.0	0.0	0.0	0.0	3.0	0.0	0.0	0.0	37.0	0.0	11.0	0.0	0.0	0.0	117.0	0.0	0.0	16.0	0.0	0.0	0.0	0.0	0.0	0.0	0.0	0.0	0.0	0.0	5.0	0.0	0.0	0.0	0.0	0.0	25.0	0.0	0.0	0.0	0.0	0.0	0.0	0.0	0.0	0.0	0.0	0.0	0.0	0.0	0.0	0.0	18.0	0.0	0.0	0.0	0.0	0.0	0.0	0.0	0.0	0.0	0.0	0.0	0.0	0.0
SRR22815957	863.0	14258.0	0.0	0.0	0.0	0.0	7368.0	0.0	658.0	7.0	0.0	0.0	0.0	0.0	0.0	0.0	0.0	0.0	0.0	0.0	0.0	0.0	0.0	0.0	0.0	0.0	0.0	0.0	0.0	0.0	0.0	0.0	0.0	0.0	0.0	0.0	0.0	0.0	0.0	0.0	0.0	0.0	0.0	0.0	0.0	0.0	0.0	0.0	0.0	0.0	0.0	0.0	0.0	0.0	0.0	0.0	0.0	23.0	0.0	0.0	0.0	0.0	0.0	0.0	0.0	0.0	0.0	0.0	0.0	0.0	0.0	0.0	0.0	0.0	0.0	0.0	0.0
SRR22815962	2871.0	12909.0	0.0	0.0	0.0	0.0	278.0	50.0	433.0	0.0	0.0	0.0	0.0	0.0	0.0	0.0	0.0	0.0	0.0	0.0	0.0	0.0	0.0	0.0	0.0	0.0	0.0	0.0	0.0	0.0	0.0	0.0	0.0	0.0	0.0	0.0	0.0	0.0	0.0	0.0	0.0	0.0	0.0	0.0	0.0	0.0	0.0	0.0	0.0	0.0	0.0	0.0	0.0	0.0	0.0	0.0	0.0	0.0	0.0	0.0	0.0	0.0	0.0	0.0	0.0	0.0	0.0	0.0	0.0	0.0	0.0	0.0	0.0	0.0	0.0	0.0	0.0
SRR22815964	9082.0	12496.0	0.0	0.0	0.0	0.0	476.0	0.0	17.0	0.0	0.0	0.0	0.0	0.0	0.0	0.0	0.0	0.0	0.0	0.0	0.0	0.0	0.0	0.0	0.0	0.0	0.0	0.0	0.0	0.0	0.0	0.0	0.0	0.0	0.0	0.0	0.0	0.0	0.0	0.0	0.0	0.0	0.0	0.0	0.0	0.0	0.0	0.0	0.0	0.0	0.0	0.0	0.0	0.0	2.0	0.0	0.0	0.0	0.0	0.0	0.0	0.0	0.0	0.0	0.0	0.0	0.0	0.0	0.0	0.0	0.0	0.0	0.0	0.0	0.0	0.0	0.0
SRR22815979	2677.0	12282.0	0.0	4.0	0.0	5.0	1896.0	79.0	2064.0	0.0	0.0	0.0	0.0	0.0	11.0	6.0	0.0	0.0	0.0	8.0	0.0	0.0	0.0	39.0	0.0	0.0	0.0	0.0	0.0	0.0	0.0	4.0	0.0	0.0	0.0	0.0	0.0	0.0	0.0	0.0	0.0	0.0	0.0	0.0	0.0	0.0	0.0	0.0	0.0	0.0	0.0	0.0	0.0	0.0	0.0	0.0	0.0	0.0	0.0	0.0	0.0	0.0	0.0	0.0	0.0	0.0	0.0	0.0	0.0	0.0	0.0	0.0	0.0	0.0	0.0	0.0	0.0
SRR22815981	14799.0	24358.0	0.0	5.0	0.0	0.0	5676.0	0.0	4928.0	0.0	4.0	0.0	0.0	0.0	0.0	28.0	0.0	0.0	0.0	0.0	8.0	6.0	0.0	16.0	0.0	0.0	0.0	0.0	0.0	0.0	0.0	0.0	0.0	0.0	0.0	0.0	0.0	0.0	0.0	0.0	0.0	0.0	0.0	0.0	0.0	0.0	0.0	0.0	0.0	0.0	0.0	0.0	0.0	0.0	0.0	0.0	0.0	0.0	0.0	0.0	0.0	0.0	0.0	0.0	34.0	0.0	0.0	0.0	0.0	0.0	0.0	0.0	0.0	0.0	0.0	0.0	0.0
SRR22815988	5625.0	3397.0	0.0	0.0	0.0	0.0	1657.0	0.0	350.0	0.0	0.0	0.0	0.0	0.0	0.0	0.0	0.0	0.0	0.0	0.0	0.0	0.0	0.0	0.0	0.0	0.0	0.0	0.0	0.0	0.0	0.0	0.0	0.0	0.0	0.0	0.0	0.0	0.0	0.0	0.0	0.0	0.0	0.0	0.0	0.0	0.0	0.0	0.0	0.0	0.0	0.0	0.0	0.0	0.0	0.0	0.0	0.0	0.0	0.0	0.0	0.0	0.0	0.0	0.0	0.0	0.0	0.0	0.0	0.0	0.0	0.0	0.0	0.0	0.0	0.0	0.0	0.0
SRR22816000	6478.0	26726.0	0.0	443.0	570.0	182.0	17560.0	17087.0	5999.0	0.0	0.0	0.0	33.0	0.0	0.0	51.0	0.0	0.0	0.0	0.0	92.0	0.0	0.0	376.0	0.0	74.0	0.0	0.0	0.0	0.0	0.0	0.0	0.0	0.0	0.0	0.0	95.0	0.0	0.0	367.0	0.0	0.0	0.0	0.0	0.0	0.0	0.0	69.0	0.0	0.0	0.0	0.0	150.0	0.0	0.0	0.0	0.0	0.0	0.0	0.0	0.0	0.0	0.0	0.0	0.0	0.0	0.0	0.0	0.0	0.0	0.0	0.0	0.0	0.0	0.0	0.0	0.0
SRR22816003	9256.0	23270.0	0.0	0.0	0.0	0.0	13572.0	73.0	4058.0	0.0	0.0	0.0	0.0	0.0	0.0	0.0	0.0	0.0	0.0	0.0	0.0	9.0	0.0	174.0	0.0	0.0	0.0	0.0	0.0	0.0	0.0	0.0	0.0	0.0	0.0	0.0	333.0	0.0	0.0	11.0	0.0	0.0	0.0	2.0	0.0	0.0	0.0	0.0	0.0	0.0	0.0	0.0	0.0	0.0	0.0	0.0	10.0	0.0	0.0	0.0	0.0	0.0	0.0	0.0	0.0	0.0	0.0	0.0	0.0	0.0	0.0	0.0	0.0	0.0	0.0	0.0	0.0
SRR22816015	2016.0	13391.0	0.0	0.0	0.0	0.0	3505.0	45.0	81.0	0.0	0.0	0.0	0.0	0.0	0.0	0.0	0.0	0.0	0.0	0.0	0.0	0.0	0.0	0.0	0.0	0.0	0.0	0.0	0.0	0.0	0.0	0.0	0.0	0.0	0.0	0.0	0.0	0.0	0.0	0.0	0.0	0.0	0.0	0.0	0.0	0.0	0.0	0.0	0.0	0.0	0.0	0.0	0.0	0.0	0.0	0.0	0.0	0.0	0.0	0.0	0.0	0.0	0.0	0.0	0.0	0.0	0.0	0.0	0.0	0.0	0.0	0.0	0.0	0.0	0.0	0.0	0.0
SRR22816016	9914.0	26262.0	0.0	0.0	0.0	0.0	17511.0	145.0	2499.0	50.0	0.0	0.0	0.0	0.0	20.0	17.0	0.0	0.0	0.0	37.0	0.0	14.0	0.0	60.0	0.0	0.0	0.0	0.0	0.0	0.0	0.0	0.0	0.0	0.0	0.0	0.0	0.0	0.0	0.0	0.0	0.0	0.0	0.0	19.0	0.0	0.0	0.0	0.0	0.0	0.0	0.0	0.0	0.0	0.0	0.0	0.0	0.0	0.0	0.0	0.0	0.0	0.0	0.0	0.0	0.0	0.0	0.0	0.0	0.0	0.0	0.0	0.0	0.0	0.0	0.0	0.0	0.0
SRR22816017	7891.0	29938.0	0.0	0.0	0.0	0.0	3624.0	54.0	3778.0	0.0	0.0	0.0	0.0	0.0	0.0	4.0	0.0	0.0	0.0	0.0	0.0	0.0	0.0	0.0	0.0	0.0	0.0	29.0	0.0	0.0	0.0	0.0	0.0	0.0	0.0	0.0	43.0	0.0	0.0	0.0	0.0	0.0	0.0	0.0	0.0	0.0	0.0	0.0	0.0	0.0	0.0	0.0	0.0	0.0	12.0	0.0	0.0	0.0	0.0	0.0	0.0	0.0	0.0	0.0	0.0	0.0	0.0	0.0	0.0	0.0	0.0	0.0	0.0	0.0	0.0	0.0	0.0
SRR22816025	4708.0	9202.0	0.0	10.0	0.0	0.0	796.0	0.0	1996.0	2.0	0.0	0.0	0.0	0.0	0.0	0.0	0.0	0.0	0.0	0.0	0.0	0.0	0.0	64.0	0.0	0.0	0.0	0.0	0.0	0.0	0.0	0.0	0.0	0.0	0.0	0.0	0.0	0.0	0.0	0.0	0.0	0.0	0.0	0.0	0.0	0.0	0.0	0.0	0.0	0.0	0.0	0.0	0.0	0.0	0.0	0.0	0.0	0.0	0.0	0.0	0.0	0.0	0.0	0.0	0.0	0.0	0.0	0.0	0.0	0.0	0.0	0.0	0.0	0.0	0.0	0.0	0.0
SRR22816032	267.0	12022.0	0.0	0.0	0.0	0.0	71.0	0.0	401.0	0.0	0.0	0.0	0.0	0.0	0.0	0.0	0.0	0.0	0.0	0.0	0.0	0.0	0.0	0.0	0.0	0.0	0.0	0.0	0.0	0.0	0.0	0.0	0.0	0.0	0.0	0.0	0.0	0.0	0.0	0.0	0.0	0.0	0.0	0.0	0.0	0.0	0.0	0.0	0.0	0.0	0.0	0.0	0.0	0.0	0.0	0.0	0.0	0.0	0.0	0.0	0.0	0.0	0.0	0.0	0.0	0.0	0.0	0.0	0.0	0.0	0.0	0.0	0.0	0.0	0.0	0.0	0.0
SRR22816033	6596.0	15857.0	0.0	16.0	0.0	0.0	4250.0	62.0	4630.0	39.0	0.0	0.0	33.0	0.0	79.0	0.0	0.0	0.0	0.0	0.0	0.0	30.0	0.0	73.0	0.0	0.0	0.0	0.0	0.0	0.0	0.0	0.0	0.0	0.0	0.0	0.0	55.0	0.0	0.0	0.0	0.0	0.0	0.0	0.0	0.0	0.0	0.0	0.0	0.0	0.0	0.0	0.0	0.0	0.0	0.0	0.0	0.0	0.0	0.0	0.0	0.0	0.0	0.0	0.0	0.0	0.0	0.0	0.0	0.0	0.0	0.0	0.0	0.0	0.0	0.0	0.0	0.0
SRR22816055	15909.0	33736.0	0.0	278.0	0.0	33.0	14175.0	3966.0	1794.0	383.0	0.0	0.0	0.0	0.0	0.0	1668.0	0.0	0.0	0.0	0.0	135.0	455.0	0.0	875.0	0.0	0.0	0.0	114.0	0.0	0.0	0.0	0.0	0.0	0.0	0.0	0.0	0.0	0.0	0.0	111.0	0.0	0.0	0.0	0.0	0.0	0.0	0.0	0.0	0.0	0.0	0.0	0.0	0.0	0.0	0.0	0.0	0.0	0.0	0.0	0.0	0.0	0.0	0.0	0.0	0.0	0.0	1278.0	0.0	0.0	0.0	0.0	0.0	0.0	0.0	0.0	0.0	0.0
SRR22816058	3533.0	9200.0	0.0	0.0	15.0	0.0	2124.0	0.0	887.0	23.0	0.0	0.0	0.0	0.0	0.0	0.0	0.0	0.0	0.0	0.0	0.0	0.0	0.0	0.0	0.0	0.0	0.0	0.0	0.0	0.0	0.0	0.0	0.0	0.0	0.0	0.0	15.0	0.0	0.0	0.0	0.0	0.0	0.0	0.0	0.0	0.0	0.0	0.0	0.0	0.0	0.0	0.0	0.0	0.0	0.0	0.0	0.0	0.0	0.0	0.0	0.0	0.0	0.0	0.0	0.0	0.0	0.0	0.0	0.0	0.0	0.0	0.0	0.0	0.0	0.0	0.0	0.0
SRR22816063	2489.0	12242.0	0.0	0.0	0.0	0.0	11829.0	32.0	4067.0	12.0	0.0	0.0	0.0	0.0	0.0	0.0	0.0	0.0	0.0	0.0	13.0	0.0	0.0	0.0	0.0	0.0	0.0	0.0	0.0	0.0	0.0	0.0	0.0	0.0	0.0	0.0	0.0	0.0	0.0	0.0	0.0	0.0	0.0	0.0	0.0	0.0	0.0	0.0	0.0	0.0	0.0	0.0	0.0	0.0	0.0	0.0	0.0	0.0	0.0	0.0	0.0	0.0	0.0	0.0	0.0	0.0	0.0	0.0	0.0	0.0	0.0	0.0	0.0	0.0	0.0	0.0	0.0
