#SampleID	d__Bacteria;p__Actinobacteriota;c__Actinobacteria;o__PeM15	d__Bacteria;p__Proteobacteria;c__Gammaproteobacteria;o__Burkholderiales	d__Bacteria;p__Chloroflexi;c__Ktedonobacteria;o__C0119	d__Bacteria;p__Gemmatimonadota;c__Gemmatimonadetes;o__Gemmatimonadales	d__Bacteria;p__Proteobacteria;c__Gammaproteobacteria;o__Diplorickettsiales	d__Bacteria;p__Verrucomicrobiota;c__Verrucomicrobiae;o__Opitutales	d__Bacteria;p__Actinobacteriota;c__Rubrobacteria;o__Rubrobacterales	d__Bacteria;p__Actinobacteriota;c__Actinobacteria;o__Micrococcales	d__Bacteria;p__Firmicutes;c__Bacilli;o__Paenibacillales	d__Bacteria;p__Bacteroidota;c__Bacteroidia;o__Flavobacteriales	d__Bacteria;p__Proteobacteria;c__Alphaproteobacteria;o__Defluviicoccales	d__Bacteria;p__Actinobacteriota;c__Actinobacteria;o__Pseudonocardiales	d__Bacteria;p__Actinobacteriota;c__Thermoleophilia;o__Gaiellales	d__Bacteria;p__Bacteroidota;c__Bacteroidia;o__Cytophagales	d__Bacteria;p__Actinobacteriota;c__Actinobacteria;o__Bifidobacteriales	d__Bacteria;p__Acidobacteriota;c__Vicinamibacteria;o__Vicinamibacterales	d__Bacteria;p__Fibrobacterota;c__Fibrobacteria;o__Fibrobacterales	d__Bacteria;p__Proteobacteria;c__Gammaproteobacteria;o__Xanthomonadales	d__Bacteria;p__Firmicutes;c__Bacilli;o__Lactobacillales	d__Bacteria;p__Proteobacteria;c__Alphaproteobacteria;o__Reyranellales	d__Bacteria;p__Proteobacteria;c__Alphaproteobacteria;o__Caulobacterales	d__Bacteria;p__Proteobacteria;c__Gammaproteobacteria;o__Pseudomonadales	d__Bacteria;p__Planctomycetota;c__Planctomycetes;o__Pirellulales	d__Bacteria;p__Proteobacteria;c__Alphaproteobacteria;o__Sphingomonadales	d__Bacteria;p__Proteobacteria;c__Alphaproteobacteria;o__Rhizobiales	d__Bacteria;p__Proteobacteria;c__Alphaproteobacteria;o__Azospirillales	d__Bacteria;p__Bacteroidota;c__Bacteroidia;o__Sphingobacteriales	d__Bacteria;p__Acidobacteriota;c__Blastocatellia;o__Pyrinomonadales	d__Bacteria;p__Deinococcota;c__Deinococci;o__Deinococcales	d__Bacteria;p__Proteobacteria;c__Alphaproteobacteria;o__Rickettsiales	d__Bacteria;p__Chloroflexi;c__Chloroflexia;o__Thermomicrobiales	d__Bacteria;p__Planctomycetota;c__Phycisphaerae;o__Tepidisphaerales	d__Bacteria;p__Bacteroidota;c__Bacteroidia;o__Chitinophagales	d__Bacteria;p__Bdellovibrionota;c__Oligoflexia;o__0319-6G20	d__Bacteria;p__Verrucomicrobiota;c__Verrucomicrobiae;o__Verrucomicrobiales	d__Bacteria;p__Bacteroidota;c__Kapabacteria;o__Kapabacteriales	d__Bacteria;p__Verrucomicrobiota;c__Verrucomicrobiae;o__Pedosphaerales	d__Bacteria;p__Actinobacteriota;c__Thermoleophilia;o__Solirubrobacterales	d__Bacteria;p__Proteobacteria;c__Alphaproteobacteria;o__Rhodobacterales	d__Bacteria;p__Cyanobacteria;c__Cyanobacteriia;o__Cyanobacteriales	d__Bacteria;p__Proteobacteria;c__Alphaproteobacteria;o__Acetobacterales	d__Bacteria;p__Acidobacteriota;c__Blastocatellia;o__Blastocatellales	d__Bacteria;p__Proteobacteria;c__Gammaproteobacteria;o__Gammaproteobacteria_Incertae_Sedis	d__Bacteria;p__Proteobacteria;c__Gammaproteobacteria;o__Salinisphaerales	d__Bacteria;p__Firmicutes;c__Bacilli;o__Brevibacillales	d__Bacteria;p__Actinobacteriota;c__Acidimicrobiia;o__Microtrichales	d__Bacteria;p__Bacteroidota;c__Bacteroidia;o__Bacteroidales	d__Bacteria;p__Planctomycetota;c__Planctomycetes;o__Isosphaerales	d__Bacteria;p__Myxococcota;c__Polyangia;o__Polyangiales	d__Bacteria;p__Actinobacteriota;c__Actinobacteria;o__Propionibacteriales	d__Bacteria;p__Proteobacteria;c__Gammaproteobacteria;o__Steroidobacterales	d__Bacteria;p__Planctomycetota;c__Planctomycetes;o__Gemmatales	d__Bacteria;p__Proteobacteria;c__Alphaproteobacteria;o__Paracaedibacterales	d__Bacteria;p__Armatimonadota;c__Armatimonadia;o__Armatimonadales	d__Bacteria;p__Acidobacteriota;c__Acidobacteriae;o__Acidobacteriales	d__Bacteria;p__Chloroflexi;c__Anaerolineae;o__SBR1031	d__Bacteria;p__Actinobacteriota;c__Actinobacteria;o__Corynebacteriales	d__Bacteria;p__Cyanobacteria;c__Vampirivibrionia;o__Vampirovibrionales	d__Bacteria;p__Firmicutes;c__Bacilli;o__Bacillales	d__Bacteria;p__Desulfobacterota;c__Desulfuromonadia;o__Geobacterales	d__Bacteria;p__Chloroflexi;c__KD4-96;o__KD4-96	d__Bacteria;p__Proteobacteria;c__Alphaproteobacteria;o__Caedibacterales	d__Bacteria;p__Actinobacteriota;c__Actinobacteria;o__Micromonosporales	d__Bacteria;p__Armatimonadota;c__Chthonomonadetes;o__Chthonomonadales	d__Bacteria;p__Firmicutes;c__Desulfitobacteriia;o__Desulfitobacteriales	d__Bacteria;p__Nitrospirota;c__Nitrospiria;o__Nitrospirales	d__Bacteria;p__Firmicutes;c__Bacilli;o__RF39	d__Bacteria;p__Chloroflexi;c__Chloroflexia;o__Kallotenuales	d__Bacteria;p__Actinobacteriota;c__MB-A2-108;o__MB-A2-108	d__Bacteria;p__Actinobacteriota;c__Actinobacteria;o__Streptomycetales	d__Bacteria;p__Firmicutes;c__Bacilli;o__Thermicanales	d__Bacteria;p__Gemmatimonadota;c__Longimicrobia;o__Longimicrobiales	d__Bacteria;p__Cyanobacteria;c__Vampirivibrionia;o__Obscuribacterales	d__Bacteria;p__Acidobacteriota;c__Holophagae;o__Subgroup_7	d__Bacteria;p__Acidobacteriota;c__Subgroup_5;o__Subgroup_5	d__Bacteria;p__Acidobacteriota;c__Acidobacteriae;o__AKIW659	d__Bacteria;p__Sumerlaeota;c__Sumerlaeia;o__Sumerlaeales	d__Bacteria;p__Chloroflexi;c__Chloroflexia;o__Chloroflexales	d__Bacteria;p__Acidobacteriota;c__Acidobacteriae;o__Solibacterales	d__Bacteria;p__Dependentiae;c__Babeliae;o__Babeliales	d__Bacteria;p__Chloroflexi;c__Anaerolineae;o__RBG-13-54-9	d__Bacteria;p__Chloroflexi;c__Anaerolineae;o__Anaerolineales	d__Bacteria;p__Firmicutes;c__Bacilli;o__Entomoplasmatales	d__Bacteria;p__Hydrogenedentes;c__Hydrogenedentia;o__Hydrogenedentiales	d__Bacteria;p__Actinobacteriota;c__Actinobacteria;o__Catenulisporales	d__Bacteria;p__Latescibacterota;c__Latescibacterota;o__Latescibacterota	d__Bacteria;p__Proteobacteria;c__Alphaproteobacteria;o__Micropepsales	d__Bacteria;p__Bdellovibrionota;c__Bdellovibrionia;o__Bacteriovoracales	d__Bacteria;p__Halanaerobiaeota;c__Halanaerobiia;o__Halanaerobiales	d__Bacteria;p__Armatimonadota;c__Fimbriimonadia;o__Fimbriimonadales	d__Bacteria;p__Actinobacteriota;c__Actinobacteria;o__Frankiales	d__Bacteria;p__Chloroflexi;c__JG30-KF-CM66;o__JG30-KF-CM66	d__Bacteria;p__Firmicutes;c__Clostridia;o__Clostridiales	d__Bacteria;p__Chloroflexi;c__Gitt-GS-136;o__Gitt-GS-136	d__Bacteria;p__Acidobacteriota;c__Acidobacteriae;o__Subgroup_2	d__Bacteria;p__Chloroflexi;c__Dehalococcoidia;o__S085	d__Bacteria;p__Planctomycetota;c__Planctomycetes;o__Planctomycetales	d__Bacteria;p__Actinobacteriota;c__Acidimicrobiia;o__IMCC26256	d__Bacteria;p__Firmicutes;c__Negativicutes;o__Veillonellales-Selenomonadales	d__Bacteria;p__Myxococcota;c__Myxococcia;o__Myxococcales	d__Bacteria;p__Verrucomicrobiota;c__Verrucomicrobiae;o__Chthoniobacterales	d__Bacteria;p__Proteobacteria;c__Alphaproteobacteria;o__Kiloniellales	d__Bacteria;p__Cyanobacteria;c__Cyanobacteriia;o__Leptolyngbyales	d__Bacteria;p__Proteobacteria;c__Alphaproteobacteria;o__Elsterales	d__Bacteria;p__Bdellovibrionota;c__Bdellovibrionia;o__Bdellovibrionales	d__Bacteria;p__Proteobacteria;c__Gammaproteobacteria;o__Enterobacterales	d__Bacteria;p__Actinobacteriota;c__Actinobacteria;o__Streptosporangiales	d__Bacteria;p__Myxococcota;c__Polyangia;o__Haliangiales	d__Bacteria;p__Firmicutes;c__Bacilli;o__Staphylococcales	d__Bacteria;p__Proteobacteria;c__Alphaproteobacteria;o__Rhodospirillales	d__Bacteria;p__Chloroflexi;c__TK10;o__TK10	d__Bacteria;p__Acidobacteriota;c__Vicinamibacteria;o__Subgroup_17	d__Bacteria;p__Entotheonellaeota;c__Entotheonellia;o__Entotheonellales	d__Bacteria;p__Proteobacteria;c__Alphaproteobacteria;o__uncultured	d__Bacteria;p__Acidobacteriota;c__Thermoanaerobaculia;o__Thermoanaerobaculales	d__Bacteria;p__Actinobacteriota;c__Actinobacteria;o__Actinomycetales	d__Bacteria;p__Acidobacteriota;c__Blastocatellia;o__DS-100	d__Bacteria;p__Armatimonadota;c__uncultured;o__uncultured	d__Bacteria;p__Elusimicrobiota;c__Elusimicrobia;o__Lineage_IV	d__Bacteria;p__Myxococcota;c__bacteriap25;o__bacteriap25	d__Bacteria;p__Methylomirabilota;c__Methylomirabilia;o__Rokubacteriales	d__Bacteria;p__Acidobacteriota;c__Acidobacteriae;o__Elev-16S-1166	d__Bacteria;p__Chloroflexi;c__Ktedonobacteria;o__Ktedonobacterales	d__Bacteria;p__Myxococcota;c__Polyangia;o__Blfdi19	d__Bacteria;p__Gemmatimonadota;c__S0134_terrestrial_group;o__S0134_terrestrial_group	d__Bacteria;p__Firmicutes;c__Bacilli;o__Alicyclobacillales	d__Bacteria;p__Chloroflexi;c__OLB14;o__OLB14	d__Bacteria;p__Abditibacteriota;c__Abditibacteria;o__Abditibacteriales	d__Bacteria;p__Proteobacteria;c__Alphaproteobacteria;o__Parvibaculales	d__Bacteria;p__Elusimicrobiota;c__Lineage_IIa;o__Lineage_IIa	d__Bacteria;p__Actinobacteriota;c__Acidimicrobiia;o__uncultured	d__Bacteria;p__Acidobacteriota;c__Acidobacteriae;o__Bryobacterales	d__Bacteria;p__Patescibacteria;c__uncultured;o__uncultured	d__Bacteria;p__Firmicutes;c__Clostridia;o__Peptostreptococcales-Tissierellales	d__Bacteria;p__Desulfobacterota;c__uncultured;o__uncultured	d__Bacteria;p__Chloroflexi;c__Anaerolineae;o__Caldilineales	d__Bacteria;p__Patescibacteria;c__WWE3;o__WWE3	d__Bacteria;p__Actinobacteriota;c__Thermoleophilia;o__uncultured	d__Bacteria;p__Cyanobacteria;c__Sericytochromatia;o__Sericytochromatia	d__Bacteria;p__Planctomycetota;c__BD7-11;o__BD7-11	d__Bacteria;p__Chloroflexi;c__Anaerolineae;o__Anaerolineae	d__Bacteria;p__Cyanobacteria;c__Cyanobacteriia;o__Oxyphotobacteria_Incertae_Sedis	d__Bacteria;p__Acidobacteriota;c__Blastocatellia;o__11-24	d__Bacteria;p__Proteobacteria;c__Gammaproteobacteria;o__Legionellales	d__Bacteria;p__Proteobacteria;c__Alphaproteobacteria;o__Dongiales	d__Bacteria;p__Verrucomicrobiota;c__Chlamydiae;o__Chlamydiales	d__Bacteria;p__Proteobacteria;c__Gammaproteobacteria;o__PLTA13	d__Bacteria;p__Actinobacteriota;c__Actinobacteria;o__Glycomycetales	d__Bacteria;p__Myxococcota;c__Polyangia;o__mle1-27	d__Bacteria;p__Fusobacteriota;c__Fusobacteriia;o__Fusobacteriales	d__Bacteria;p__Firmicutes;c__Clostridia;o__Lachnospirales	d__Bacteria;p__Planctomycetota;c__vadinHA49;o__vadinHA49	d__Bacteria;p__Firmicutes;c__Bacilli;o__Thermoactinomycetales	d__Bacteria;p__Patescibacteria;c__Parcubacteria;o__Parcubacteria	d__Bacteria;p__Patescibacteria;c__Gracilibacteria;o__Candidatus_Peribacteria	d__Bacteria;p__RCP2-54;c__RCP2-54;o__RCP2-54	d__Bacteria;p__Acidobacteriota;c__Blastocatellia;o__Elev-16S-573	d__Bacteria;p__Acidobacteriota;c__Acidobacteriae;o__Acidobacteriae	d__Bacteria;p__Myxococcota;c__Polyangia;o__UASB-TL25	d__Bacteria;p__Desulfobacterota;c__Desulfovibrionia;o__Desulfovibrionales	d__Bacteria;p__Bacteroidota;c__Rhodothermia;o__Rhodothermales	d__Bacteria;p__Firmicutes;c__Clostridia;o__Oscillospirales	d__Bacteria;p__Proteobacteria;c__Alphaproteobacteria;o__Holosporales	d__Bacteria;p__Acidobacteriota;c__Subgroup_25;o__Subgroup_25	d__Bacteria;p__Chloroflexi;c__AD3;o__AD3	d__Bacteria;p__Proteobacteria;c__Gammaproteobacteria;o__Ga0077536	d__Bacteria;p__Patescibacteria;c__Parcubacteria;o__Candidatus_Kaiserbacteria	d__Bacteria;p__WPS-2;c__WPS-2;o__WPS-2	d__Bacteria;p__WS2;c__WS2;o__WS2	d__Bacteria;p__Verrucomicrobiota;c__Verrucomicrobiae;o__S-BQ2-57_soil_group	d__Bacteria;p__Firmicutes;c__Symbiobacteriia;o__Symbiobacteriales	d__Bacteria;p__Actinobacteriota;c__Actinobacteria;o__0319-7L14
SRR22815539	0.0	16521.0	0.0	0.0	56.0	0.0	0.0	16909.0	23.0	0.0	0.0	0.0	0.0	1748.0	42.0	0.0	0.0	4888.0	0.0	275.0	70.0	0.0	0.0	2403.0	1768.0	0.0	592.0	0.0	0.0	0.0	3.0	0.0	8.0	0.0	0.0	0.0	0.0	0.0	0.0	0.0	0.0	0.0	0.0	38.0	0.0	0.0	9.0	0.0	0.0	0.0	0.0	0.0	0.0	0.0	0.0	0.0	0.0	0.0	0.0	0.0	0.0	0.0	0.0	0.0	0.0	0.0	0.0	0.0	0.0	310.0	0.0	0.0	0.0	0.0	0.0	0.0	0.0	0.0	0.0	0.0	0.0	0.0	0.0	0.0	0.0	0.0	0.0	0.0	0.0	0.0	0.0	0.0	149.0	0.0	0.0	0.0	0.0	0.0	0.0	0.0	0.0	0.0	0.0	0.0	0.0	0.0	0.0	0.0	0.0	0.0	0.0	0.0	0.0	0.0	0.0	0.0	0.0	0.0	0.0	0.0	0.0	0.0	0.0	0.0	0.0	0.0	0.0	0.0	0.0	0.0	5.0	0.0	0.0	0.0	0.0	0.0	0.0	0.0	0.0	0.0	0.0	0.0	0.0	0.0	0.0	0.0	0.0	0.0	0.0	0.0	9.0	0.0	0.0	0.0	0.0	0.0	0.0	0.0	0.0	0.0	0.0	0.0	0.0	0.0	0.0	0.0	0.0	0.0	0.0	0.0	0.0	0.0
SRR22815560	0.0	14468.0	0.0	0.0	0.0	0.0	0.0	6165.0	4.0	261.0	0.0	3447.0	0.0	1243.0	0.0	0.0	0.0	677.0	103.0	1817.0	0.0	881.0	0.0	555.0	140.0	0.0	386.0	12.0	0.0	0.0	0.0	0.0	0.0	48.0	0.0	0.0	0.0	0.0	0.0	0.0	0.0	0.0	0.0	923.0	0.0	0.0	0.0	0.0	34.0	969.0	157.0	0.0	0.0	0.0	0.0	0.0	263.0	0.0	0.0	0.0	0.0	0.0	0.0	0.0	0.0	144.0	0.0	0.0	0.0	3650.0	0.0	0.0	120.0	0.0	0.0	0.0	0.0	0.0	0.0	0.0	0.0	0.0	0.0	0.0	0.0	0.0	51.0	0.0	0.0	0.0	0.0	0.0	0.0	0.0	358.0	0.0	0.0	0.0	0.0	0.0	0.0	0.0	0.0	0.0	0.0	142.0	0.0	0.0	0.0	0.0	0.0	0.0	0.0	0.0	0.0	0.0	0.0	0.0	42.0	0.0	0.0	0.0	0.0	0.0	0.0	0.0	0.0	0.0	0.0	0.0	0.0	0.0	0.0	0.0	0.0	0.0	0.0	0.0	0.0	0.0	0.0	0.0	0.0	0.0	0.0	0.0	0.0	0.0	0.0	0.0	0.0	0.0	0.0	0.0	0.0	0.0	0.0	0.0	0.0	0.0	0.0	0.0	0.0	0.0	0.0	0.0	0.0	0.0	0.0	0.0	0.0	0.0
SRR22815561	0.0	30096.0	0.0	0.0	221.0	0.0	0.0	7327.0	3.0	0.0	0.0	0.0	8.0	4115.0	0.0	0.0	0.0	3066.0	30.0	0.0	2008.0	2384.0	0.0	3018.0	9592.0	0.0	3378.0	0.0	0.0	3.0	0.0	0.0	198.0	0.0	0.0	0.0	0.0	18.0	0.0	0.0	0.0	0.0	825.0	0.0	0.0	0.0	0.0	7.0	0.0	1969.0	0.0	0.0	0.0	0.0	1214.0	0.0	124.0	0.0	0.0	0.0	0.0	0.0	270.0	0.0	0.0	0.0	0.0	0.0	0.0	1033.0	0.0	0.0	0.0	0.0	0.0	0.0	0.0	0.0	0.0	463.0	0.0	0.0	0.0	0.0	29.0	0.0	0.0	0.0	0.0	0.0	0.0	0.0	21.0	33.0	68.0	0.0	0.0	0.0	0.0	0.0	5.0	0.0	0.0	0.0	0.0	168.0	0.0	0.0	0.0	0.0	0.0	0.0	0.0	0.0	0.0	0.0	0.0	0.0	21.0	0.0	0.0	0.0	0.0	0.0	0.0	0.0	0.0	0.0	0.0	0.0	0.0	0.0	0.0	0.0	0.0	0.0	0.0	0.0	0.0	0.0	0.0	0.0	0.0	0.0	0.0	0.0	0.0	0.0	0.0	4.0	0.0	0.0	0.0	0.0	0.0	0.0	0.0	0.0	0.0	0.0	0.0	0.0	0.0	0.0	0.0	0.0	0.0	0.0	0.0	0.0	0.0	0.0
SRR22815571	0.0	32332.0	0.0	0.0	0.0	0.0	0.0	10414.0	45.0	0.0	0.0	0.0	54.0	3515.0	0.0	0.0	0.0	4216.0	259.0	1116.0	1724.0	2580.0	0.0	499.0	6942.0	0.0	6128.0	0.0	0.0	0.0	0.0	0.0	63.0	0.0	0.0	0.0	0.0	13.0	0.0	0.0	10.0	0.0	84.0	136.0	11.0	0.0	0.0	10.0	0.0	2996.0	0.0	0.0	71.0	0.0	112.0	0.0	114.0	0.0	579.0	0.0	0.0	0.0	0.0	0.0	0.0	0.0	0.0	12.0	0.0	413.0	0.0	0.0	0.0	0.0	0.0	0.0	0.0	0.0	0.0	326.0	0.0	0.0	0.0	0.0	29.0	0.0	74.0	0.0	0.0	0.0	0.0	0.0	0.0	32.0	80.0	0.0	0.0	0.0	0.0	0.0	0.0	0.0	0.0	0.0	0.0	759.0	0.0	0.0	269.0	0.0	0.0	32.0	0.0	0.0	0.0	0.0	0.0	0.0	0.0	0.0	0.0	0.0	0.0	0.0	0.0	0.0	0.0	0.0	0.0	0.0	0.0	24.0	0.0	0.0	0.0	0.0	0.0	0.0	0.0	0.0	0.0	0.0	0.0	0.0	0.0	0.0	0.0	0.0	0.0	0.0	0.0	0.0	0.0	0.0	0.0	0.0	0.0	0.0	0.0	0.0	0.0	0.0	0.0	0.0	0.0	0.0	0.0	31.0	0.0	0.0	0.0	0.0
SRR22815574	0.0	10568.0	0.0	0.0	70.0	0.0	0.0	861.0	32.0	0.0	0.0	0.0	51.0	56.0	0.0	0.0	0.0	1392.0	68.0	1188.0	2759.0	68.0	0.0	639.0	1637.0	0.0	160.0	0.0	0.0	0.0	61.0	0.0	132.0	0.0	0.0	0.0	0.0	0.0	91.0	0.0	0.0	21.0	0.0	0.0	0.0	0.0	0.0	0.0	18.0	92.0	0.0	20.0	0.0	0.0	0.0	43.0	312.0	0.0	0.0	0.0	0.0	0.0	45.0	0.0	8.0	20.0	0.0	0.0	0.0	0.0	0.0	0.0	0.0	0.0	0.0	0.0	0.0	15.0	0.0	0.0	0.0	0.0	0.0	0.0	0.0	0.0	0.0	0.0	0.0	0.0	0.0	0.0	0.0	0.0	0.0	0.0	0.0	0.0	0.0	30.0	0.0	0.0	0.0	0.0	0.0	0.0	83.0	0.0	0.0	0.0	0.0	0.0	0.0	0.0	0.0	0.0	0.0	0.0	0.0	0.0	0.0	0.0	0.0	0.0	56.0	0.0	0.0	0.0	0.0	0.0	0.0	29.0	0.0	0.0	0.0	0.0	0.0	0.0	0.0	0.0	0.0	0.0	0.0	0.0	0.0	0.0	0.0	0.0	0.0	0.0	0.0	0.0	0.0	0.0	0.0	0.0	0.0	0.0	0.0	0.0	0.0	0.0	0.0	0.0	0.0	0.0	0.0	0.0	0.0	0.0	0.0	0.0
SRR22815591	0.0	19955.0	0.0	37.0	0.0	0.0	0.0	12461.0	0.0	0.0	0.0	0.0	6.0	0.0	0.0	0.0	0.0	1779.0	0.0	0.0	126.0	71.0	0.0	8388.0	4058.0	0.0	2069.0	16.0	3.0	6.0	0.0	0.0	100.0	0.0	0.0	0.0	0.0	0.0	0.0	0.0	0.0	0.0	0.0	0.0	0.0	0.0	0.0	0.0	0.0	301.0	0.0	0.0	0.0	0.0	657.0	0.0	347.0	0.0	101.0	0.0	0.0	0.0	0.0	9.0	0.0	0.0	0.0	0.0	0.0	185.0	0.0	0.0	0.0	0.0	0.0	0.0	0.0	0.0	0.0	11.0	0.0	0.0	0.0	0.0	0.0	0.0	15.0	0.0	0.0	0.0	0.0	0.0	0.0	0.0	0.0	0.0	0.0	0.0	0.0	0.0	0.0	0.0	16.0	0.0	0.0	21.0	0.0	0.0	0.0	0.0	0.0	0.0	0.0	0.0	0.0	0.0	0.0	0.0	0.0	0.0	0.0	0.0	0.0	0.0	0.0	0.0	0.0	0.0	0.0	0.0	0.0	0.0	0.0	0.0	0.0	0.0	0.0	0.0	0.0	0.0	0.0	0.0	0.0	0.0	0.0	0.0	0.0	0.0	0.0	0.0	0.0	0.0	0.0	0.0	0.0	0.0	0.0	0.0	0.0	0.0	0.0	0.0	0.0	0.0	0.0	0.0	0.0	0.0	0.0	0.0	0.0	0.0
SRR22815596	0.0	14755.0	0.0	0.0	0.0	0.0	0.0	2164.0	0.0	205.0	0.0	27.0	0.0	2762.0	0.0	0.0	0.0	0.0	0.0	200.0	3555.0	4913.0	0.0	3842.0	6800.0	0.0	2.0	0.0	0.0	0.0	0.0	0.0	0.0	0.0	0.0	0.0	0.0	0.0	0.0	0.0	0.0	0.0	0.0	0.0	0.0	0.0	0.0	0.0	0.0	543.0	0.0	0.0	762.0	0.0	0.0	0.0	0.0	0.0	20.0	0.0	0.0	0.0	0.0	0.0	0.0	0.0	0.0	0.0	0.0	0.0	0.0	0.0	0.0	0.0	0.0	0.0	0.0	0.0	0.0	0.0	0.0	0.0	0.0	0.0	0.0	0.0	0.0	0.0	0.0	0.0	0.0	0.0	0.0	0.0	0.0	0.0	0.0	0.0	0.0	0.0	0.0	0.0	0.0	0.0	0.0	33.0	0.0	0.0	0.0	0.0	0.0	0.0	0.0	0.0	0.0	0.0	0.0	0.0	0.0	0.0	0.0	0.0	0.0	0.0	0.0	0.0	0.0	0.0	0.0	0.0	0.0	0.0	0.0	0.0	0.0	0.0	0.0	0.0	0.0	0.0	0.0	0.0	0.0	0.0	0.0	66.0	0.0	0.0	0.0	0.0	0.0	0.0	0.0	0.0	0.0	0.0	0.0	0.0	0.0	0.0	0.0	0.0	0.0	0.0	0.0	0.0	0.0	0.0	0.0	0.0	0.0	0.0
SRR22815602	0.0	8908.0	0.0	12.0	0.0	5.0	0.0	0.0	34.0	0.0	0.0	0.0	0.0	62.0	0.0	0.0	0.0	0.0	0.0	0.0	141.0	0.0	4.0	306.0	460.0	0.0	0.0	0.0	0.0	0.0	0.0	0.0	103.0	0.0	0.0	0.0	0.0	0.0	0.0	0.0	12.0	0.0	0.0	0.0	0.0	0.0	0.0	0.0	8.0	0.0	0.0	23.0	0.0	0.0	0.0	20.0	0.0	0.0	0.0	0.0	0.0	0.0	0.0	0.0	0.0	0.0	0.0	0.0	0.0	0.0	0.0	0.0	0.0	0.0	0.0	0.0	0.0	0.0	0.0	0.0	0.0	0.0	0.0	0.0	0.0	0.0	13.0	0.0	0.0	0.0	0.0	0.0	0.0	18.0	0.0	0.0	0.0	0.0	0.0	0.0	0.0	0.0	0.0	0.0	0.0	3.0	0.0	0.0	0.0	0.0	0.0	0.0	0.0	0.0	0.0	0.0	0.0	0.0	0.0	0.0	0.0	0.0	0.0	0.0	0.0	0.0	0.0	0.0	0.0	0.0	0.0	0.0	0.0	0.0	0.0	0.0	0.0	0.0	0.0	0.0	0.0	0.0	0.0	0.0	0.0	0.0	0.0	0.0	0.0	0.0	0.0	0.0	0.0	0.0	0.0	0.0	0.0	0.0	0.0	0.0	0.0	0.0	0.0	0.0	0.0	0.0	0.0	0.0	0.0	0.0	0.0	0.0
SRR22815604	0.0	8925.0	0.0	0.0	0.0	0.0	0.0	5621.0	0.0	0.0	0.0	0.0	0.0	619.0	0.0	0.0	0.0	93.0	0.0	143.0	1199.0	535.0	0.0	0.0	492.0	0.0	75.0	0.0	0.0	0.0	0.0	0.0	0.0	0.0	0.0	0.0	0.0	0.0	8.0	0.0	4.0	0.0	0.0	16.0	0.0	0.0	0.0	0.0	0.0	0.0	0.0	0.0	0.0	0.0	0.0	0.0	0.0	0.0	0.0	0.0	0.0	0.0	0.0	0.0	0.0	0.0	0.0	0.0	0.0	0.0	0.0	0.0	0.0	0.0	0.0	0.0	0.0	0.0	0.0	0.0	0.0	0.0	0.0	0.0	0.0	0.0	0.0	0.0	0.0	0.0	111.0	0.0	0.0	4.0	0.0	0.0	0.0	0.0	0.0	0.0	0.0	0.0	0.0	0.0	0.0	0.0	0.0	0.0	0.0	0.0	0.0	0.0	0.0	0.0	0.0	0.0	0.0	0.0	0.0	0.0	0.0	0.0	0.0	0.0	0.0	4.0	0.0	0.0	0.0	0.0	0.0	0.0	0.0	0.0	0.0	0.0	0.0	0.0	0.0	0.0	0.0	0.0	0.0	0.0	0.0	0.0	0.0	0.0	0.0	0.0	0.0	0.0	0.0	0.0	0.0	0.0	0.0	0.0	0.0	0.0	0.0	0.0	0.0	0.0	0.0	0.0	0.0	0.0	0.0	0.0	0.0	0.0
SRR22815614	0.0	16171.0	0.0	6.0	71.0	0.0	0.0	5062.0	0.0	0.0	0.0	85.0	0.0	1136.0	0.0	0.0	0.0	1929.0	0.0	235.0	2983.0	228.0	0.0	557.0	1113.0	0.0	1605.0	0.0	0.0	0.0	0.0	0.0	0.0	0.0	0.0	0.0	0.0	0.0	0.0	0.0	50.0	0.0	13.0	0.0	0.0	0.0	0.0	0.0	0.0	0.0	20.0	0.0	0.0	0.0	45.0	0.0	133.0	0.0	0.0	0.0	0.0	0.0	0.0	0.0	0.0	0.0	0.0	0.0	0.0	0.0	0.0	0.0	0.0	0.0	0.0	0.0	0.0	0.0	0.0	58.0	0.0	0.0	0.0	0.0	0.0	0.0	0.0	0.0	0.0	0.0	0.0	0.0	0.0	0.0	0.0	0.0	0.0	0.0	0.0	0.0	0.0	0.0	0.0	0.0	0.0	0.0	0.0	0.0	0.0	0.0	0.0	0.0	0.0	0.0	0.0	0.0	0.0	0.0	0.0	0.0	0.0	0.0	0.0	0.0	2.0	0.0	0.0	0.0	0.0	0.0	0.0	0.0	0.0	0.0	0.0	0.0	0.0	0.0	0.0	0.0	0.0	0.0	0.0	0.0	0.0	0.0	0.0	0.0	0.0	0.0	0.0	0.0	0.0	0.0	0.0	0.0	0.0	0.0	0.0	0.0	0.0	0.0	0.0	0.0	0.0	0.0	0.0	0.0	0.0	0.0	0.0	0.0
SRR22815616	0.0	13285.0	0.0	42.0	119.0	0.0	0.0	2482.0	11.0	1825.0	0.0	1916.0	0.0	4809.0	0.0	41.0	0.0	80.0	930.0	3380.0	786.0	1384.0	0.0	1213.0	7293.0	0.0	1285.0	0.0	0.0	26.0	0.0	0.0	554.0	0.0	0.0	0.0	0.0	0.0	75.0	0.0	14.0	145.0	0.0	470.0	0.0	0.0	109.0	0.0	0.0	1096.0	0.0	0.0	0.0	0.0	61.0	0.0	4.0	0.0	0.0	0.0	175.0	0.0	0.0	45.0	0.0	0.0	0.0	0.0	0.0	247.0	37.0	27.0	0.0	0.0	0.0	0.0	0.0	0.0	0.0	88.0	0.0	0.0	0.0	0.0	0.0	0.0	0.0	0.0	0.0	0.0	178.0	0.0	0.0	0.0	275.0	0.0	0.0	0.0	0.0	37.0	86.0	0.0	0.0	0.0	0.0	0.0	0.0	0.0	0.0	0.0	0.0	0.0	16.0	0.0	0.0	0.0	0.0	0.0	0.0	0.0	0.0	0.0	0.0	0.0	0.0	0.0	0.0	0.0	0.0	0.0	0.0	2.0	0.0	0.0	0.0	0.0	0.0	0.0	0.0	0.0	0.0	0.0	0.0	0.0	0.0	0.0	0.0	0.0	0.0	0.0	0.0	0.0	0.0	0.0	0.0	0.0	0.0	0.0	0.0	0.0	0.0	0.0	0.0	0.0	0.0	0.0	0.0	0.0	0.0	0.0	0.0	0.0
SRR22815617	0.0	17103.0	0.0	0.0	49.0	0.0	0.0	7061.0	0.0	10.0	0.0	37.0	0.0	1351.0	0.0	0.0	0.0	760.0	0.0	0.0	1102.0	2148.0	0.0	2735.0	3515.0	0.0	475.0	0.0	0.0	0.0	0.0	0.0	10.0	0.0	0.0	0.0	0.0	0.0	9.0	20.0	0.0	0.0	0.0	8.0	0.0	0.0	0.0	0.0	0.0	48.0	0.0	0.0	0.0	0.0	6.0	13.0	0.0	0.0	0.0	0.0	0.0	0.0	0.0	0.0	0.0	0.0	0.0	0.0	0.0	0.0	0.0	0.0	0.0	0.0	0.0	0.0	0.0	0.0	0.0	72.0	2.0	0.0	0.0	0.0	0.0	0.0	0.0	0.0	0.0	0.0	0.0	0.0	0.0	0.0	0.0	0.0	0.0	0.0	0.0	0.0	0.0	0.0	0.0	0.0	0.0	0.0	0.0	0.0	4.0	0.0	0.0	0.0	0.0	0.0	0.0	0.0	0.0	0.0	0.0	0.0	0.0	0.0	0.0	0.0	0.0	0.0	0.0	0.0	0.0	0.0	0.0	0.0	0.0	0.0	0.0	0.0	0.0	0.0	0.0	0.0	0.0	0.0	0.0	0.0	0.0	0.0	0.0	0.0	0.0	0.0	0.0	0.0	0.0	0.0	0.0	0.0	0.0	0.0	0.0	0.0	0.0	0.0	0.0	0.0	0.0	0.0	0.0	0.0	0.0	0.0	0.0	0.0
SRR22815624	0.0	8378.0	0.0	0.0	0.0	0.0	0.0	1726.0	4.0	0.0	0.0	0.0	0.0	0.0	0.0	0.0	0.0	2701.0	23.0	169.0	26.0	0.0	0.0	1234.0	143.0	0.0	764.0	0.0	0.0	0.0	0.0	4.0	5.0	0.0	0.0	0.0	0.0	0.0	0.0	0.0	0.0	0.0	0.0	0.0	0.0	0.0	0.0	6.0	0.0	234.0	0.0	0.0	0.0	0.0	0.0	0.0	8.0	0.0	15.0	0.0	0.0	0.0	0.0	0.0	0.0	0.0	0.0	0.0	0.0	46.0	0.0	0.0	0.0	0.0	0.0	0.0	0.0	0.0	0.0	50.0	0.0	0.0	0.0	0.0	2.0	0.0	0.0	0.0	0.0	0.0	0.0	0.0	33.0	0.0	0.0	0.0	0.0	0.0	0.0	0.0	0.0	0.0	0.0	0.0	0.0	0.0	0.0	0.0	0.0	0.0	0.0	0.0	0.0	0.0	0.0	0.0	0.0	0.0	0.0	0.0	0.0	0.0	0.0	0.0	0.0	0.0	0.0	0.0	0.0	0.0	0.0	0.0	0.0	0.0	0.0	0.0	0.0	0.0	0.0	0.0	0.0	0.0	0.0	0.0	0.0	0.0	0.0	0.0	0.0	0.0	0.0	0.0	0.0	0.0	0.0	0.0	0.0	0.0	0.0	0.0	0.0	0.0	0.0	0.0	0.0	0.0	0.0	0.0	0.0	0.0	0.0	0.0
SRR22815625	0.0	16668.0	0.0	0.0	0.0	0.0	0.0	6935.0	0.0	124.0	0.0	856.0	112.0	2157.0	6.0	105.0	0.0	2869.0	25.0	1866.0	48.0	316.0	0.0	3215.0	5416.0	0.0	4360.0	0.0	0.0	0.0	63.0	0.0	56.0	67.0	0.0	0.0	0.0	0.0	27.0	0.0	70.0	0.0	41.0	0.0	0.0	177.0	0.0	0.0	0.0	0.0	0.0	0.0	0.0	0.0	46.0	0.0	104.0	0.0	0.0	0.0	0.0	0.0	0.0	0.0	0.0	0.0	0.0	0.0	3.0	3767.0	0.0	0.0	41.0	0.0	0.0	0.0	0.0	0.0	0.0	74.0	0.0	0.0	0.0	0.0	0.0	0.0	79.0	0.0	0.0	0.0	1504.0	0.0	0.0	0.0	157.0	0.0	0.0	0.0	0.0	0.0	30.0	0.0	0.0	0.0	0.0	48.0	0.0	0.0	109.0	0.0	0.0	0.0	0.0	0.0	0.0	0.0	0.0	0.0	0.0	0.0	0.0	0.0	33.0	0.0	0.0	0.0	0.0	0.0	0.0	0.0	0.0	0.0	0.0	0.0	0.0	0.0	0.0	0.0	0.0	0.0	0.0	0.0	0.0	0.0	0.0	0.0	0.0	0.0	0.0	0.0	0.0	0.0	22.0	0.0	0.0	0.0	0.0	0.0	0.0	0.0	0.0	0.0	0.0	0.0	0.0	0.0	0.0	0.0	0.0	0.0	0.0	0.0
SRR22815632	0.0	11880.0	0.0	0.0	0.0	0.0	0.0	4075.0	0.0	0.0	0.0	0.0	0.0	99.0	0.0	0.0	0.0	73.0	0.0	139.0	203.0	319.0	0.0	1776.0	761.0	0.0	2476.0	0.0	0.0	0.0	0.0	0.0	0.0	0.0	0.0	0.0	0.0	14.0	6.0	0.0	0.0	0.0	0.0	0.0	0.0	0.0	0.0	0.0	0.0	3621.0	0.0	0.0	0.0	0.0	10.0	0.0	0.0	0.0	0.0	0.0	0.0	0.0	0.0	0.0	0.0	0.0	0.0	0.0	0.0	70.0	0.0	0.0	0.0	0.0	0.0	0.0	0.0	0.0	0.0	0.0	0.0	0.0	0.0	0.0	0.0	0.0	0.0	0.0	0.0	0.0	0.0	0.0	0.0	0.0	0.0	0.0	0.0	0.0	0.0	0.0	0.0	0.0	0.0	0.0	0.0	10.0	0.0	0.0	0.0	0.0	0.0	0.0	0.0	0.0	0.0	0.0	0.0	0.0	0.0	0.0	0.0	0.0	0.0	0.0	0.0	0.0	0.0	0.0	0.0	0.0	0.0	0.0	0.0	0.0	0.0	0.0	0.0	27.0	0.0	0.0	0.0	0.0	0.0	0.0	0.0	0.0	0.0	0.0	0.0	0.0	0.0	0.0	0.0	0.0	0.0	0.0	0.0	0.0	0.0	0.0	0.0	0.0	0.0	0.0	0.0	0.0	0.0	0.0	0.0	0.0	0.0	0.0
SRR22815639	0.0	11875.0	0.0	0.0	61.0	0.0	0.0	13055.0	0.0	0.0	0.0	0.0	0.0	11.0	0.0	0.0	0.0	0.0	124.0	210.0	0.0	8.0	0.0	543.0	2431.0	0.0	2577.0	0.0	0.0	21.0	0.0	0.0	115.0	0.0	0.0	0.0	0.0	0.0	0.0	0.0	0.0	0.0	0.0	0.0	0.0	0.0	0.0	0.0	0.0	192.0	0.0	0.0	28.0	0.0	73.0	0.0	0.0	0.0	0.0	0.0	0.0	0.0	0.0	0.0	0.0	0.0	0.0	0.0	0.0	30.0	0.0	0.0	0.0	0.0	0.0	0.0	0.0	0.0	0.0	133.0	0.0	0.0	0.0	0.0	0.0	0.0	0.0	0.0	0.0	0.0	0.0	0.0	0.0	0.0	0.0	0.0	0.0	0.0	0.0	0.0	0.0	0.0	0.0	0.0	0.0	0.0	0.0	0.0	79.0	0.0	0.0	0.0	0.0	0.0	0.0	0.0	0.0	0.0	0.0	0.0	0.0	0.0	0.0	0.0	0.0	0.0	0.0	0.0	0.0	0.0	0.0	0.0	0.0	0.0	0.0	0.0	0.0	0.0	0.0	0.0	0.0	0.0	0.0	0.0	0.0	0.0	0.0	0.0	0.0	0.0	0.0	0.0	0.0	0.0	0.0	0.0	0.0	0.0	0.0	0.0	0.0	0.0	0.0	0.0	0.0	0.0	0.0	0.0	0.0	0.0	0.0	0.0
SRR22815672	0.0	7629.0	3.0	2.0	0.0	23.0	0.0	1523.0	0.0	0.0	0.0	0.0	23.0	14.0	0.0	4.0	0.0	0.0	35.0	0.0	65.0	0.0	0.0	0.0	261.0	0.0	34.0	28.0	0.0	0.0	0.0	0.0	18.0	0.0	0.0	0.0	18.0	20.0	0.0	0.0	9.0	13.0	12.0	0.0	0.0	5.0	0.0	9.0	55.0	63.0	2.0	10.0	0.0	0.0	0.0	0.0	5.0	0.0	0.0	3.0	6.0	0.0	81.0	0.0	0.0	0.0	0.0	0.0	0.0	0.0	0.0	0.0	0.0	0.0	0.0	0.0	0.0	3.0	20.0	0.0	0.0	3.0	0.0	0.0	0.0	0.0	0.0	0.0	0.0	0.0	0.0	4.0	0.0	0.0	0.0	0.0	0.0	0.0	0.0	0.0	2.0	0.0	0.0	0.0	8.0	0.0	15.0	12.0	0.0	0.0	0.0	0.0	0.0	0.0	0.0	0.0	0.0	0.0	0.0	0.0	0.0	0.0	0.0	17.0	0.0	0.0	0.0	0.0	0.0	0.0	2.0	0.0	0.0	0.0	0.0	0.0	0.0	0.0	0.0	0.0	0.0	0.0	0.0	0.0	0.0	0.0	0.0	0.0	0.0	0.0	0.0	0.0	0.0	0.0	0.0	0.0	0.0	0.0	0.0	0.0	0.0	0.0	0.0	0.0	0.0	0.0	0.0	0.0	4.0	0.0	0.0	0.0
SRR22815676	0.0	9129.0	0.0	0.0	0.0	36.0	0.0	6170.0	47.0	0.0	0.0	42.0	64.0	136.0	0.0	0.0	0.0	125.0	1057.0	1247.0	252.0	382.0	0.0	27.0	699.0	0.0	407.0	0.0	0.0	0.0	14.0	0.0	77.0	0.0	0.0	0.0	0.0	0.0	22.0	0.0	0.0	0.0	0.0	233.0	0.0	0.0	0.0	0.0	0.0	82.0	0.0	0.0	0.0	0.0	0.0	0.0	6.0	0.0	0.0	0.0	0.0	0.0	0.0	0.0	0.0	0.0	0.0	0.0	0.0	0.0	0.0	45.0	0.0	0.0	0.0	0.0	0.0	0.0	0.0	0.0	0.0	0.0	0.0	0.0	0.0	0.0	14.0	0.0	0.0	0.0	0.0	0.0	50.0	0.0	116.0	0.0	0.0	0.0	0.0	0.0	0.0	0.0	0.0	0.0	0.0	2430.0	102.0	0.0	0.0	0.0	0.0	0.0	0.0	0.0	0.0	8.0	0.0	0.0	0.0	0.0	0.0	0.0	0.0	0.0	0.0	27.0	0.0	0.0	0.0	0.0	0.0	0.0	0.0	0.0	6.0	0.0	0.0	0.0	0.0	0.0	0.0	0.0	0.0	0.0	0.0	0.0	0.0	0.0	0.0	0.0	0.0	0.0	20.0	0.0	0.0	0.0	0.0	0.0	0.0	0.0	0.0	0.0	0.0	0.0	0.0	0.0	0.0	29.0	0.0	0.0	0.0	0.0
SRR22815677	0.0	8085.0	8.0	0.0	0.0	0.0	4.0	994.0	0.0	0.0	0.0	0.0	41.0	1787.0	0.0	25.0	3.0	123.0	0.0	203.0	7.0	26.0	5.0	1074.0	1049.0	0.0	0.0	7.0	0.0	0.0	0.0	0.0	74.0	0.0	22.0	0.0	40.0	0.0	0.0	0.0	4.0	16.0	0.0	0.0	0.0	16.0	0.0	0.0	0.0	26.0	0.0	7.0	0.0	0.0	0.0	5.0	3.0	0.0	0.0	0.0	40.0	0.0	52.0	6.0	0.0	0.0	0.0	0.0	0.0	29.0	0.0	3.0	0.0	0.0	0.0	4.0	0.0	15.0	0.0	0.0	0.0	0.0	0.0	0.0	0.0	0.0	0.0	0.0	0.0	2.0	79.0	0.0	0.0	0.0	0.0	0.0	0.0	0.0	0.0	0.0	0.0	0.0	15.0	0.0	6.0	3.0	15.0	80.0	0.0	0.0	0.0	0.0	0.0	0.0	0.0	0.0	0.0	0.0	0.0	0.0	0.0	0.0	0.0	0.0	0.0	0.0	0.0	0.0	0.0	0.0	0.0	0.0	0.0	0.0	0.0	0.0	0.0	11.0	0.0	0.0	0.0	0.0	0.0	0.0	0.0	2.0	0.0	0.0	0.0	0.0	0.0	0.0	0.0	0.0	0.0	0.0	0.0	0.0	0.0	0.0	0.0	0.0	0.0	0.0	0.0	0.0	0.0	0.0	0.0	0.0	0.0	0.0
SRR22815693	0.0	8521.0	52.0	341.0	50.0	902.0	0.0	0.0	0.0	0.0	33.0	0.0	33.0	858.0	0.0	0.0	28.0	798.0	0.0	97.0	0.0	46.0	167.0	217.0	923.0	124.0	30.0	13.0	0.0	0.0	30.0	200.0	1700.0	12.0	201.0	201.0	504.0	234.0	4.0	369.0	44.0	20.0	88.0	0.0	0.0	97.0	0.0	44.0	268.0	31.0	0.0	677.0	65.0	6.0	53.0	53.0	4.0	16.0	0.0	0.0	10.0	0.0	0.0	12.0	0.0	12.0	0.0	0.0	0.0	0.0	0.0	53.0	0.0	28.0	0.0	0.0	0.0	46.0	253.0	7.0	21.0	0.0	0.0	13.0	0.0	0.0	181.0	0.0	0.0	130.0	32.0	0.0	0.0	0.0	0.0	0.0	0.0	43.0	0.0	84.0	3.0	0.0	709.0	0.0	0.0	532.0	4.0	218.0	0.0	20.0	44.0	0.0	0.0	0.0	0.0	0.0	0.0	12.0	0.0	4.0	0.0	23.0	109.0	0.0	0.0	0.0	0.0	0.0	0.0	0.0	0.0	189.0	0.0	0.0	27.0	19.0	4.0	0.0	0.0	0.0	0.0	0.0	0.0	0.0	0.0	2.0	0.0	0.0	0.0	0.0	0.0	0.0	0.0	7.0	0.0	0.0	0.0	0.0	0.0	0.0	0.0	0.0	0.0	0.0	0.0	0.0	0.0	0.0	0.0	0.0	0.0	0.0
SRR22815694	0.0	7431.0	0.0	49.0	0.0	25.0	0.0	1580.0	47.0	140.0	0.0	97.0	22.0	1586.0	0.0	20.0	0.0	15.0	24.0	142.0	91.0	205.0	21.0	1033.0	1332.0	11.0	892.0	0.0	0.0	0.0	6.0	6.0	126.0	0.0	46.0	34.0	6.0	18.0	0.0	7.0	0.0	7.0	34.0	8.0	0.0	0.0	0.0	0.0	39.0	101.0	15.0	29.0	0.0	0.0	0.0	29.0	68.0	13.0	0.0	0.0	0.0	0.0	0.0	0.0	0.0	0.0	0.0	0.0	0.0	0.0	0.0	0.0	0.0	6.0	0.0	0.0	0.0	24.0	2.0	5.0	0.0	0.0	0.0	0.0	0.0	0.0	0.0	0.0	0.0	33.0	44.0	0.0	0.0	0.0	0.0	0.0	0.0	0.0	0.0	6.0	0.0	0.0	0.0	9.0	0.0	0.0	0.0	24.0	0.0	0.0	2.0	3.0	0.0	0.0	26.0	0.0	0.0	2.0	0.0	0.0	0.0	0.0	0.0	2.0	0.0	0.0	0.0	0.0	0.0	0.0	0.0	3.0	0.0	0.0	0.0	0.0	0.0	0.0	0.0	0.0	0.0	0.0	0.0	0.0	26.0	0.0	0.0	0.0	0.0	0.0	0.0	0.0	0.0	0.0	0.0	0.0	0.0	0.0	3.0	0.0	0.0	0.0	0.0	0.0	0.0	0.0	0.0	0.0	0.0	0.0	0.0	0.0
SRR22815696	0.0	12891.0	0.0	0.0	67.0	0.0	0.0	7625.0	14.0	0.0	0.0	327.0	108.0	1039.0	0.0	28.0	0.0	7293.0	2185.0	0.0	1550.0	634.0	0.0	4539.0	10921.0	0.0	1121.0	0.0	0.0	0.0	0.0	0.0	35.0	0.0	35.0	0.0	0.0	0.0	0.0	0.0	150.0	0.0	0.0	0.0	0.0	0.0	0.0	0.0	0.0	2933.0	0.0	0.0	0.0	0.0	836.0	0.0	933.0	0.0	975.0	0.0	0.0	0.0	0.0	0.0	0.0	15.0	0.0	69.0	0.0	0.0	0.0	15.0	0.0	0.0	0.0	0.0	0.0	44.0	0.0	0.0	0.0	0.0	0.0	0.0	0.0	0.0	0.0	0.0	0.0	0.0	724.0	0.0	40.0	0.0	92.0	0.0	0.0	0.0	0.0	0.0	0.0	0.0	0.0	0.0	0.0	3604.0	0.0	0.0	579.0	0.0	0.0	0.0	0.0	0.0	4.0	0.0	0.0	0.0	0.0	0.0	0.0	0.0	0.0	0.0	0.0	0.0	0.0	0.0	0.0	49.0	0.0	0.0	0.0	0.0	0.0	0.0	0.0	0.0	0.0	0.0	0.0	0.0	0.0	0.0	0.0	0.0	0.0	0.0	0.0	0.0	0.0	0.0	23.0	0.0	0.0	0.0	0.0	0.0	0.0	0.0	0.0	0.0	0.0	0.0	0.0	0.0	0.0	33.0	0.0	0.0	0.0	0.0
SRR22815707	0.0	31018.0	0.0	12.0	0.0	0.0	0.0	2228.0	0.0	38.0	0.0	0.0	11.0	1871.0	0.0	0.0	0.0	941.0	60.0	2042.0	211.0	114.0	0.0	322.0	749.0	0.0	1487.0	0.0	0.0	0.0	0.0	0.0	38.0	0.0	0.0	0.0	0.0	0.0	10.0	0.0	0.0	0.0	0.0	142.0	0.0	0.0	0.0	0.0	0.0	85.0	0.0	0.0	0.0	47.0	0.0	0.0	0.0	0.0	25.0	0.0	0.0	0.0	113.0	0.0	0.0	0.0	0.0	0.0	0.0	0.0	0.0	12.0	0.0	0.0	0.0	0.0	0.0	0.0	0.0	120.0	0.0	0.0	0.0	0.0	0.0	39.0	77.0	0.0	0.0	0.0	0.0	0.0	0.0	0.0	0.0	0.0	0.0	0.0	0.0	4.0	0.0	0.0	0.0	0.0	0.0	0.0	0.0	0.0	0.0	0.0	0.0	0.0	0.0	0.0	0.0	0.0	0.0	0.0	0.0	0.0	0.0	0.0	0.0	0.0	0.0	0.0	0.0	0.0	0.0	0.0	0.0	0.0	0.0	0.0	0.0	0.0	0.0	0.0	0.0	0.0	0.0	0.0	0.0	0.0	0.0	0.0	0.0	0.0	0.0	0.0	0.0	0.0	0.0	0.0	0.0	0.0	0.0	0.0	0.0	0.0	0.0	0.0	0.0	0.0	0.0	0.0	0.0	0.0	0.0	0.0	0.0	0.0
SRR22815739	24.0	5592.0	20.0	267.0	44.0	271.0	0.0	7315.0	47.0	168.0	0.0	9.0	84.0	992.0	0.0	17.0	0.0	976.0	319.0	0.0	292.0	25.0	136.0	1199.0	2371.0	30.0	532.0	0.0	17.0	0.0	50.0	63.0	744.0	10.0	0.0	169.0	183.0	97.0	0.0	55.0	0.0	0.0	59.0	91.0	17.0	0.0	0.0	68.0	201.0	456.0	54.0	133.0	0.0	36.0	11.0	53.0	0.0	21.0	311.0	0.0	0.0	0.0	15.0	0.0	0.0	0.0	0.0	10.0	21.0	3593.0	0.0	19.0	89.0	0.0	20.0	0.0	4.0	96.0	0.0	10.0	0.0	0.0	13.0	0.0	0.0	6.0	0.0	175.0	0.0	79.0	0.0	0.0	16.0	0.0	9.0	0.0	0.0	8.0	0.0	78.0	0.0	0.0	11.0	9.0	4.0	17.0	119.0	122.0	34.0	0.0	0.0	0.0	0.0	17.0	0.0	0.0	0.0	0.0	0.0	30.0	11.0	0.0	44.0	0.0	14.0	18.0	0.0	20.0	9.0	0.0	0.0	0.0	0.0	0.0	0.0	0.0	0.0	0.0	0.0	0.0	0.0	0.0	0.0	0.0	11.0	0.0	0.0	9.0	0.0	0.0	0.0	0.0	0.0	0.0	0.0	0.0	0.0	0.0	0.0	0.0	0.0	0.0	0.0	0.0	0.0	0.0	22.0	0.0	0.0	18.0	0.0	0.0
SRR22815740	0.0	7293.0	87.0	178.0	62.0	0.0	0.0	2165.0	21.0	84.0	0.0	0.0	21.0	365.0	0.0	142.0	0.0	420.0	898.0	0.0	927.0	20.0	149.0	1059.0	2278.0	96.0	0.0	0.0	0.0	0.0	13.0	81.0	641.0	26.0	52.0	173.0	179.0	64.0	0.0	11.0	50.0	0.0	0.0	0.0	0.0	0.0	0.0	58.0	52.0	0.0	52.0	42.0	12.0	0.0	41.0	56.0	51.0	31.0	419.0	0.0	47.0	0.0	151.0	0.0	0.0	82.0	0.0	0.0	25.0	5975.0	0.0	64.0	45.0	0.0	0.0	0.0	11.0	160.0	0.0	12.0	0.0	0.0	0.0	0.0	0.0	16.0	264.0	60.0	0.0	66.0	0.0	12.0	25.0	0.0	0.0	22.0	141.0	19.0	0.0	25.0	83.0	14.0	0.0	0.0	31.0	0.0	63.0	24.0	0.0	0.0	65.0	0.0	0.0	4.0	0.0	11.0	14.0	11.0	0.0	20.0	0.0	0.0	28.0	0.0	17.0	0.0	0.0	0.0	0.0	0.0	0.0	23.0	0.0	0.0	0.0	0.0	0.0	0.0	25.0	0.0	12.0	0.0	22.0	25.0	176.0	0.0	0.0	0.0	0.0	0.0	0.0	0.0	0.0	0.0	0.0	0.0	0.0	0.0	0.0	0.0	0.0	0.0	0.0	38.0	19.0	0.0	0.0	0.0	0.0	0.0	20.0	0.0
SRR22815741	3.0	8160.0	3.0	46.0	2.0	0.0	0.0	2710.0	0.0	2.0	0.0	41.0	34.0	0.0	0.0	17.0	0.0	131.0	0.0	48.0	92.0	55.0	0.0	11.0	544.0	0.0	0.0	11.0	0.0	0.0	0.0	0.0	108.0	0.0	0.0	0.0	44.0	74.0	0.0	0.0	0.0	9.0	0.0	0.0	0.0	4.0	0.0	0.0	45.0	177.0	0.0	23.0	0.0	0.0	29.0	10.0	42.0	2.0	0.0	0.0	0.0	2.0	63.0	2.0	0.0	0.0	0.0	0.0	0.0	73.0	0.0	7.0	0.0	2.0	0.0	0.0	0.0	20.0	0.0	0.0	0.0	0.0	0.0	0.0	11.0	0.0	0.0	8.0	0.0	16.0	13.0	0.0	0.0	0.0	0.0	0.0	0.0	0.0	0.0	0.0	22.0	0.0	0.0	0.0	0.0	0.0	24.0	56.0	0.0	0.0	0.0	0.0	0.0	0.0	0.0	0.0	0.0	0.0	0.0	0.0	0.0	0.0	0.0	18.0	5.0	0.0	0.0	0.0	0.0	0.0	0.0	0.0	0.0	0.0	0.0	0.0	0.0	17.0	0.0	0.0	0.0	0.0	0.0	0.0	0.0	0.0	0.0	0.0	0.0	0.0	0.0	0.0	0.0	0.0	3.0	0.0	0.0	11.0	0.0	0.0	0.0	0.0	0.0	0.0	0.0	0.0	0.0	0.0	0.0	0.0	0.0	0.0
SRR22815742	0.0	3219.0	0.0	43.0	0.0	63.0	0.0	5468.0	10.0	0.0	0.0	9.0	54.0	20.0	0.0	0.0	5.0	126.0	58.0	85.0	189.0	7.0	10.0	223.0	210.0	0.0	97.0	0.0	0.0	0.0	3.0	0.0	92.0	0.0	0.0	3.0	13.0	0.0	0.0	8.0	13.0	0.0	26.0	0.0	0.0	0.0	0.0	18.0	78.0	0.0	22.0	0.0	0.0	0.0	5.0	3.0	101.0	19.0	0.0	0.0	28.0	0.0	82.0	0.0	0.0	0.0	0.0	0.0	6.0	42.0	0.0	0.0	0.0	4.0	0.0	0.0	0.0	50.0	3.0	0.0	5.0	0.0	0.0	0.0	0.0	0.0	0.0	0.0	0.0	6.0	23.0	0.0	0.0	0.0	0.0	0.0	0.0	6.0	0.0	31.0	0.0	0.0	0.0	0.0	6.0	0.0	0.0	39.0	0.0	5.0	0.0	0.0	0.0	0.0	16.0	0.0	0.0	0.0	0.0	0.0	0.0	0.0	0.0	0.0	0.0	0.0	0.0	0.0	0.0	0.0	0.0	0.0	0.0	0.0	0.0	0.0	0.0	0.0	0.0	0.0	0.0	0.0	0.0	0.0	0.0	0.0	0.0	0.0	0.0	0.0	0.0	0.0	0.0	0.0	0.0	0.0	0.0	0.0	0.0	0.0	0.0	0.0	0.0	0.0	0.0	0.0	0.0	0.0	0.0	0.0	0.0	0.0
SRR22815772	0.0	4346.0	0.0	0.0	0.0	0.0	0.0	2370.0	0.0	0.0	0.0	0.0	0.0	641.0	0.0	0.0	0.0	566.0	0.0	0.0	111.0	0.0	0.0	1137.0	1401.0	0.0	0.0	0.0	0.0	0.0	0.0	0.0	0.0	0.0	0.0	0.0	0.0	0.0	0.0	0.0	0.0	0.0	0.0	0.0	0.0	0.0	0.0	0.0	0.0	168.0	0.0	0.0	0.0	0.0	31.0	0.0	0.0	0.0	0.0	0.0	0.0	0.0	0.0	0.0	0.0	0.0	0.0	0.0	0.0	0.0	0.0	0.0	0.0	0.0	0.0	0.0	0.0	0.0	0.0	0.0	0.0	0.0	0.0	0.0	0.0	0.0	0.0	0.0	0.0	0.0	0.0	0.0	0.0	0.0	0.0	0.0	0.0	0.0	0.0	0.0	0.0	0.0	0.0	0.0	0.0	32.0	0.0	0.0	0.0	0.0	0.0	0.0	0.0	0.0	0.0	0.0	0.0	0.0	0.0	0.0	0.0	0.0	0.0	0.0	0.0	0.0	0.0	0.0	0.0	0.0	0.0	0.0	0.0	0.0	0.0	0.0	0.0	0.0	0.0	0.0	0.0	0.0	0.0	0.0	0.0	0.0	0.0	0.0	0.0	0.0	0.0	0.0	0.0	0.0	0.0	0.0	0.0	0.0	0.0	0.0	0.0	0.0	0.0	0.0	0.0	0.0	0.0	0.0	0.0	0.0	0.0	0.0
SRR22815779	15.0	6422.0	29.0	140.0	4.0	0.0	0.0	1724.0	0.0	0.0	0.0	0.0	93.0	66.0	0.0	52.0	0.0	307.0	0.0	0.0	73.0	38.0	92.0	0.0	253.0	0.0	51.0	0.0	0.0	0.0	43.0	0.0	0.0	0.0	53.0	109.0	66.0	384.0	0.0	0.0	26.0	0.0	0.0	29.0	0.0	52.0	0.0	0.0	37.0	211.0	0.0	40.0	0.0	0.0	54.0	0.0	0.0	0.0	236.0	0.0	0.0	0.0	53.0	0.0	0.0	40.0	0.0	24.0	7.0	3330.0	0.0	0.0	0.0	23.0	8.0	0.0	0.0	29.0	25.0	21.0	0.0	0.0	0.0	0.0	16.0	0.0	299.0	0.0	0.0	35.0	0.0	0.0	29.0	0.0	0.0	17.0	47.0	0.0	0.0	0.0	0.0	0.0	47.0	0.0	0.0	0.0	49.0	325.0	194.0	31.0	24.0	0.0	0.0	0.0	0.0	0.0	0.0	0.0	0.0	12.0	0.0	0.0	0.0	86.0	0.0	0.0	28.0	13.0	0.0	0.0	0.0	0.0	0.0	0.0	14.0	0.0	0.0	0.0	0.0	0.0	0.0	0.0	0.0	0.0	114.0	0.0	0.0	0.0	0.0	0.0	0.0	0.0	0.0	0.0	0.0	0.0	0.0	0.0	0.0	0.0	0.0	0.0	0.0	0.0	0.0	0.0	0.0	0.0	0.0	0.0	0.0	0.0
SRR22815781	0.0	3552.0	19.0	116.0	0.0	22.0	0.0	3204.0	8.0	0.0	8.0	0.0	53.0	274.0	0.0	46.0	0.0	323.0	284.0	0.0	59.0	102.0	27.0	100.0	504.0	35.0	113.0	91.0	0.0	0.0	12.0	33.0	277.0	0.0	0.0	0.0	0.0	22.0	0.0	12.0	35.0	0.0	49.0	13.0	0.0	0.0	0.0	41.0	59.0	8.0	66.0	8.0	0.0	0.0	9.0	62.0	127.0	0.0	0.0	0.0	0.0	0.0	342.0	0.0	0.0	34.0	0.0	0.0	0.0	2657.0	0.0	0.0	0.0	46.0	0.0	0.0	0.0	5.0	9.0	0.0	0.0	0.0	0.0	0.0	14.0	0.0	0.0	0.0	0.0	0.0	66.0	0.0	0.0	0.0	0.0	20.0	8.0	21.0	0.0	9.0	6.0	0.0	12.0	0.0	0.0	0.0	0.0	15.0	0.0	0.0	48.0	0.0	0.0	0.0	32.0	0.0	0.0	0.0	0.0	0.0	0.0	0.0	0.0	106.0	0.0	13.0	0.0	22.0	15.0	0.0	17.0	9.0	0.0	0.0	5.0	0.0	0.0	0.0	0.0	0.0	0.0	10.0	12.0	4.0	0.0	0.0	0.0	0.0	0.0	0.0	0.0	0.0	0.0	0.0	0.0	8.0	7.0	0.0	0.0	0.0	0.0	0.0	0.0	0.0	0.0	0.0	0.0	0.0	0.0	0.0	0.0	0.0
SRR22815798	29.0	4801.0	115.0	554.0	78.0	353.0	0.0	340.0	43.0	107.0	41.0	3.0	80.0	213.0	0.0	307.0	0.0	267.0	1004.0	0.0	433.0	165.0	178.0	167.0	1430.0	64.0	94.0	0.0	44.0	0.0	22.0	118.0	1368.0	0.0	127.0	0.0	221.0	82.0	26.0	0.0	170.0	78.0	80.0	21.0	20.0	0.0	180.0	49.0	119.0	108.0	81.0	125.0	0.0	15.0	38.0	0.0	358.0	0.0	193.0	21.0	0.0	0.0	73.0	0.0	0.0	0.0	0.0	20.0	12.0	2649.0	0.0	21.0	20.0	65.0	0.0	0.0	0.0	44.0	0.0	0.0	15.0	0.0	0.0	0.0	0.0	38.0	10.0	52.0	0.0	62.0	0.0	0.0	0.0	0.0	0.0	0.0	0.0	0.0	28.0	45.0	54.0	0.0	59.0	0.0	0.0	0.0	80.0	5.0	189.0	0.0	41.0	0.0	0.0	0.0	15.0	0.0	0.0	74.0	0.0	20.0	0.0	0.0	21.0	71.0	0.0	51.0	0.0	25.0	24.0	0.0	24.0	61.0	0.0	17.0	9.0	0.0	0.0	24.0	33.0	0.0	0.0	0.0	0.0	0.0	0.0	0.0	20.0	0.0	29.0	69.0	45.0	0.0	21.0	0.0	0.0	0.0	0.0	0.0	0.0	0.0	0.0	14.0	0.0	0.0	0.0	0.0	0.0	0.0	0.0	0.0	0.0	15.0
SRR22815802	0.0	8599.0	0.0	0.0	0.0	0.0	0.0	2789.0	0.0	0.0	0.0	0.0	0.0	0.0	3.0	0.0	0.0	0.0	0.0	89.0	48.0	3.0	0.0	4.0	161.0	0.0	0.0	0.0	0.0	0.0	0.0	0.0	2.0	0.0	0.0	0.0	0.0	0.0	0.0	0.0	0.0	0.0	0.0	0.0	0.0	0.0	0.0	0.0	0.0	94.0	0.0	0.0	0.0	0.0	0.0	0.0	0.0	0.0	0.0	0.0	0.0	0.0	0.0	0.0	0.0	0.0	0.0	0.0	0.0	22.0	0.0	0.0	0.0	0.0	0.0	0.0	0.0	0.0	0.0	0.0	0.0	0.0	0.0	0.0	0.0	0.0	0.0	0.0	0.0	0.0	0.0	0.0	0.0	0.0	0.0	0.0	0.0	0.0	0.0	0.0	0.0	0.0	0.0	0.0	0.0	0.0	0.0	0.0	0.0	0.0	0.0	0.0	0.0	0.0	0.0	0.0	0.0	0.0	0.0	0.0	0.0	0.0	0.0	0.0	0.0	0.0	0.0	0.0	0.0	0.0	0.0	0.0	0.0	0.0	0.0	0.0	0.0	0.0	0.0	0.0	0.0	0.0	0.0	0.0	0.0	0.0	0.0	0.0	0.0	0.0	0.0	0.0	0.0	0.0	0.0	0.0	0.0	0.0	0.0	0.0	0.0	0.0	0.0	0.0	0.0	0.0	0.0	0.0	0.0	0.0	0.0	0.0
SRR22815812	0.0	20720.0	0.0	132.0	0.0	0.0	60.0	7429.0	59.0	0.0	0.0	160.0	29.0	1400.0	28.0	0.0	0.0	1626.0	500.0	5186.0	1445.0	46.0	0.0	4593.0	4735.0	0.0	4877.0	250.0	57.0	0.0	0.0	0.0	362.0	71.0	0.0	104.0	0.0	268.0	93.0	0.0	498.0	0.0	0.0	654.0	0.0	0.0	0.0	38.0	40.0	2883.0	0.0	0.0	0.0	200.0	0.0	0.0	846.0	0.0	46.0	0.0	140.0	0.0	0.0	0.0	0.0	0.0	34.0	0.0	11.0	0.0	0.0	0.0	101.0	0.0	0.0	0.0	0.0	0.0	0.0	47.0	0.0	0.0	0.0	0.0	0.0	0.0	0.0	0.0	0.0	0.0	0.0	0.0	0.0	0.0	1004.0	0.0	0.0	19.0	51.0	0.0	0.0	0.0	0.0	0.0	0.0	84.0	0.0	320.0	0.0	0.0	0.0	0.0	0.0	142.0	94.0	75.0	0.0	0.0	0.0	0.0	0.0	0.0	0.0	0.0	15.0	0.0	0.0	0.0	0.0	0.0	0.0	69.0	0.0	0.0	0.0	0.0	0.0	0.0	0.0	0.0	0.0	0.0	0.0	0.0	0.0	0.0	0.0	0.0	0.0	0.0	0.0	0.0	0.0	0.0	0.0	0.0	0.0	0.0	0.0	0.0	0.0	0.0	0.0	0.0	0.0	0.0	0.0	0.0	0.0	0.0	0.0	0.0
SRR22815827	0.0	17684.0	0.0	0.0	0.0	0.0	0.0	2128.0	0.0	0.0	0.0	0.0	0.0	0.0	0.0	0.0	0.0	270.0	0.0	0.0	1388.0	2348.0	0.0	75.0	927.0	0.0	3584.0	0.0	0.0	0.0	0.0	0.0	0.0	0.0	0.0	0.0	0.0	0.0	0.0	0.0	0.0	0.0	0.0	0.0	0.0	0.0	0.0	0.0	0.0	0.0	0.0	0.0	0.0	0.0	0.0	0.0	0.0	0.0	59.0	0.0	0.0	0.0	0.0	0.0	0.0	0.0	0.0	0.0	0.0	0.0	0.0	0.0	0.0	0.0	0.0	0.0	0.0	0.0	0.0	0.0	0.0	0.0	0.0	0.0	0.0	0.0	0.0	0.0	0.0	0.0	0.0	0.0	0.0	0.0	0.0	0.0	0.0	0.0	0.0	0.0	0.0	0.0	0.0	0.0	0.0	0.0	0.0	0.0	0.0	0.0	0.0	0.0	0.0	0.0	0.0	0.0	0.0	0.0	0.0	0.0	0.0	0.0	0.0	0.0	0.0	0.0	0.0	0.0	0.0	0.0	0.0	0.0	0.0	0.0	0.0	0.0	0.0	0.0	0.0	0.0	0.0	0.0	0.0	0.0	0.0	0.0	0.0	0.0	0.0	0.0	0.0	0.0	0.0	0.0	0.0	0.0	0.0	0.0	0.0	0.0	0.0	0.0	0.0	0.0	0.0	0.0	0.0	0.0	0.0	0.0	0.0	0.0
SRR22815831	0.0	22875.0	0.0	0.0	0.0	0.0	0.0	1855.0	0.0	0.0	0.0	0.0	183.0	1101.0	0.0	0.0	0.0	598.0	119.0	600.0	0.0	601.0	0.0	1521.0	3105.0	0.0	2220.0	0.0	0.0	0.0	0.0	0.0	0.0	96.0	0.0	0.0	0.0	0.0	0.0	0.0	0.0	0.0	0.0	0.0	0.0	0.0	0.0	0.0	0.0	0.0	0.0	0.0	0.0	0.0	140.0	0.0	0.0	0.0	0.0	0.0	0.0	0.0	0.0	0.0	0.0	0.0	0.0	0.0	0.0	229.0	0.0	0.0	0.0	0.0	0.0	0.0	0.0	0.0	0.0	144.0	0.0	0.0	0.0	0.0	0.0	0.0	0.0	0.0	0.0	0.0	0.0	0.0	142.0	0.0	165.0	0.0	0.0	0.0	0.0	0.0	0.0	0.0	0.0	0.0	0.0	0.0	0.0	0.0	0.0	0.0	0.0	0.0	0.0	0.0	0.0	0.0	0.0	0.0	0.0	0.0	0.0	0.0	0.0	0.0	0.0	0.0	0.0	0.0	0.0	0.0	0.0	0.0	0.0	0.0	0.0	0.0	0.0	0.0	0.0	0.0	0.0	0.0	0.0	0.0	0.0	0.0	0.0	0.0	0.0	0.0	0.0	0.0	0.0	0.0	0.0	0.0	0.0	0.0	0.0	22.0	0.0	0.0	0.0	0.0	0.0	0.0	0.0	0.0	0.0	0.0	0.0	0.0
SRR22815840	0.0	9564.0	0.0	0.0	0.0	0.0	0.0	2456.0	0.0	0.0	0.0	0.0	0.0	1597.0	0.0	0.0	0.0	230.0	0.0	0.0	472.0	62.0	5.0	227.0	376.0	0.0	423.0	0.0	0.0	0.0	0.0	0.0	0.0	0.0	0.0	0.0	0.0	0.0	0.0	0.0	0.0	0.0	0.0	0.0	0.0	0.0	0.0	0.0	0.0	187.0	0.0	0.0	0.0	0.0	0.0	0.0	0.0	0.0	0.0	0.0	0.0	0.0	0.0	0.0	0.0	0.0	0.0	0.0	0.0	0.0	0.0	0.0	0.0	0.0	0.0	0.0	0.0	0.0	0.0	117.0	0.0	0.0	0.0	0.0	0.0	0.0	0.0	0.0	0.0	0.0	0.0	0.0	0.0	0.0	0.0	0.0	0.0	0.0	0.0	0.0	0.0	0.0	0.0	0.0	0.0	0.0	0.0	0.0	0.0	0.0	0.0	0.0	0.0	0.0	0.0	0.0	0.0	0.0	0.0	0.0	0.0	0.0	0.0	0.0	0.0	0.0	0.0	0.0	0.0	0.0	0.0	0.0	0.0	0.0	0.0	0.0	0.0	0.0	2.0	0.0	0.0	0.0	0.0	0.0	0.0	0.0	0.0	0.0	0.0	0.0	0.0	0.0	3.0	0.0	0.0	0.0	0.0	0.0	0.0	0.0	0.0	0.0	0.0	0.0	0.0	0.0	0.0	0.0	0.0	0.0	0.0	0.0
SRR22815861	0.0	12507.0	0.0	61.0	0.0	0.0	0.0	2382.0	10.0	0.0	0.0	0.0	47.0	277.0	10.0	4.0	0.0	370.0	8.0	0.0	584.0	3.0	9.0	1081.0	375.0	0.0	85.0	31.0	0.0	0.0	0.0	4.0	190.0	0.0	0.0	0.0	15.0	30.0	0.0	6.0	10.0	0.0	4.0	0.0	0.0	0.0	0.0	10.0	3.0	0.0	0.0	47.0	0.0	9.0	68.0	0.0	0.0	0.0	115.0	0.0	80.0	0.0	0.0	6.0	0.0	11.0	0.0	0.0	0.0	0.0	0.0	5.0	8.0	3.0	0.0	0.0	0.0	64.0	0.0	0.0	0.0	16.0	0.0	0.0	32.0	0.0	59.0	0.0	0.0	8.0	6.0	0.0	9.0	11.0	0.0	0.0	0.0	0.0	0.0	0.0	2.0	0.0	0.0	0.0	0.0	68.0	34.0	0.0	55.0	4.0	0.0	0.0	0.0	0.0	0.0	0.0	0.0	0.0	0.0	0.0	0.0	0.0	0.0	0.0	0.0	0.0	0.0	0.0	0.0	0.0	0.0	18.0	6.0	0.0	0.0	0.0	0.0	0.0	4.0	0.0	0.0	0.0	0.0	0.0	0.0	0.0	0.0	0.0	0.0	0.0	0.0	0.0	0.0	0.0	0.0	0.0	0.0	0.0	0.0	0.0	0.0	0.0	0.0	0.0	0.0	0.0	0.0	0.0	0.0	0.0	0.0	0.0
SRR22815918	0.0	12390.0	0.0	0.0	0.0	0.0	0.0	1247.0	0.0	0.0	0.0	0.0	0.0	289.0	0.0	0.0	0.0	0.0	1116.0	0.0	597.0	386.0	0.0	0.0	281.0	0.0	0.0	0.0	0.0	0.0	0.0	0.0	0.0	0.0	0.0	0.0	0.0	0.0	7.0	0.0	0.0	0.0	0.0	0.0	0.0	0.0	0.0	0.0	0.0	31.0	0.0	0.0	0.0	0.0	0.0	0.0	0.0	0.0	0.0	0.0	0.0	0.0	0.0	0.0	0.0	0.0	0.0	0.0	0.0	0.0	0.0	0.0	0.0	0.0	0.0	0.0	0.0	0.0	0.0	0.0	0.0	0.0	0.0	0.0	0.0	0.0	4.0	0.0	0.0	0.0	0.0	0.0	0.0	0.0	0.0	0.0	0.0	0.0	0.0	0.0	0.0	0.0	0.0	0.0	0.0	2087.0	0.0	0.0	0.0	0.0	0.0	0.0	0.0	0.0	0.0	0.0	0.0	0.0	0.0	0.0	0.0	0.0	0.0	0.0	0.0	0.0	0.0	0.0	0.0	0.0	0.0	0.0	0.0	0.0	0.0	0.0	0.0	0.0	0.0	0.0	0.0	0.0	0.0	0.0	0.0	0.0	0.0	0.0	0.0	0.0	0.0	0.0	0.0	0.0	0.0	0.0	0.0	0.0	0.0	0.0	0.0	0.0	0.0	0.0	0.0	0.0	0.0	0.0	0.0	0.0	0.0	0.0
SRR22815937	0.0	12221.0	0.0	0.0	236.0	0.0	0.0	3573.0	0.0	0.0	0.0	75.0	96.0	535.0	0.0	0.0	0.0	1468.0	0.0	1887.0	1558.0	1579.0	0.0	430.0	4929.0	0.0	378.0	0.0	0.0	35.0	0.0	0.0	0.0	36.0	0.0	0.0	0.0	38.0	0.0	12.0	545.0	0.0	45.0	0.0	0.0	0.0	0.0	0.0	0.0	171.0	72.0	0.0	0.0	0.0	0.0	0.0	30.0	0.0	0.0	0.0	0.0	0.0	0.0	0.0	0.0	0.0	0.0	0.0	0.0	291.0	0.0	0.0	0.0	0.0	0.0	0.0	0.0	0.0	0.0	83.0	0.0	0.0	0.0	0.0	0.0	0.0	46.0	0.0	0.0	0.0	0.0	0.0	0.0	0.0	60.0	0.0	0.0	0.0	0.0	0.0	0.0	0.0	0.0	0.0	0.0	0.0	0.0	0.0	26.0	0.0	0.0	0.0	0.0	0.0	0.0	0.0	0.0	0.0	0.0	0.0	0.0	0.0	0.0	0.0	0.0	0.0	0.0	0.0	0.0	0.0	0.0	0.0	0.0	0.0	0.0	0.0	0.0	0.0	0.0	0.0	0.0	0.0	0.0	0.0	0.0	0.0	0.0	0.0	0.0	0.0	0.0	0.0	0.0	0.0	0.0	0.0	0.0	0.0	0.0	0.0	0.0	0.0	0.0	0.0	0.0	0.0	0.0	0.0	0.0	0.0	0.0	0.0
SRR22815940	0.0	25910.0	0.0	257.0	235.0	0.0	0.0	7526.0	112.0	143.0	0.0	0.0	106.0	756.0	0.0	41.0	0.0	1703.0	20.0	4567.0	1583.0	2306.0	0.0	4646.0	8732.0	0.0	3250.0	0.0	0.0	0.0	7.0	0.0	212.0	57.0	0.0	0.0	0.0	68.0	534.0	0.0	1215.0	701.0	0.0	0.0	0.0	110.0	0.0	2.0	43.0	0.0	0.0	12.0	10.0	161.0	0.0	0.0	2120.0	0.0	11.0	0.0	19.0	0.0	307.0	0.0	0.0	170.0	0.0	0.0	0.0	0.0	0.0	0.0	0.0	0.0	0.0	0.0	0.0	0.0	0.0	99.0	0.0	0.0	0.0	0.0	0.0	0.0	0.0	0.0	29.0	0.0	0.0	34.0	62.0	0.0	272.0	0.0	0.0	66.0	0.0	0.0	0.0	0.0	0.0	0.0	0.0	0.0	56.0	0.0	0.0	0.0	0.0	0.0	2.0	40.0	0.0	0.0	0.0	0.0	42.0	0.0	0.0	0.0	0.0	25.0	0.0	0.0	0.0	22.0	0.0	0.0	0.0	109.0	0.0	0.0	0.0	0.0	0.0	0.0	0.0	0.0	0.0	0.0	0.0	0.0	0.0	0.0	0.0	0.0	0.0	0.0	0.0	0.0	0.0	0.0	0.0	0.0	0.0	0.0	0.0	0.0	50.0	0.0	0.0	0.0	0.0	0.0	0.0	0.0	0.0	0.0	0.0	0.0
SRR22815944	0.0	8613.0	0.0	0.0	0.0	0.0	0.0	7650.0	0.0	115.0	0.0	297.0	196.0	2068.0	0.0	756.0	0.0	2395.0	0.0	2648.0	1665.0	118.0	96.0	1529.0	1957.0	0.0	4850.0	0.0	0.0	0.0	32.0	0.0	0.0	58.0	0.0	0.0	0.0	0.0	0.0	0.0	28.0	0.0	0.0	735.0	0.0	0.0	0.0	0.0	0.0	759.0	0.0	0.0	0.0	0.0	0.0	250.0	1492.0	0.0	321.0	0.0	150.0	0.0	84.0	0.0	0.0	0.0	0.0	0.0	0.0	0.0	50.0	0.0	191.0	0.0	0.0	0.0	0.0	0.0	0.0	0.0	0.0	0.0	0.0	0.0	0.0	0.0	165.0	0.0	0.0	276.0	200.0	0.0	0.0	0.0	0.0	0.0	0.0	0.0	96.0	14.0	20.0	0.0	0.0	0.0	0.0	0.0	0.0	0.0	0.0	0.0	176.0	0.0	0.0	26.0	0.0	0.0	0.0	0.0	0.0	0.0	0.0	0.0	0.0	0.0	0.0	236.0	0.0	0.0	0.0	0.0	0.0	87.0	0.0	0.0	0.0	0.0	0.0	0.0	0.0	0.0	0.0	0.0	0.0	0.0	0.0	0.0	0.0	0.0	0.0	0.0	0.0	0.0	0.0	0.0	0.0	0.0	0.0	0.0	0.0	0.0	0.0	0.0	0.0	0.0	0.0	0.0	0.0	0.0	0.0	0.0	0.0	0.0
SRR22815954	0.0	13377.0	0.0	0.0	0.0	0.0	0.0	5771.0	0.0	164.0	0.0	0.0	0.0	0.0	0.0	0.0	0.0	20.0	38.0	75.0	1173.0	0.0	0.0	0.0	1463.0	0.0	3585.0	0.0	0.0	0.0	0.0	0.0	13.0	0.0	0.0	0.0	0.0	0.0	0.0	0.0	0.0	0.0	0.0	0.0	0.0	0.0	0.0	0.0	0.0	511.0	0.0	0.0	0.0	0.0	10.0	0.0	319.0	0.0	0.0	0.0	0.0	0.0	0.0	0.0	0.0	0.0	0.0	0.0	0.0	0.0	0.0	0.0	0.0	0.0	0.0	0.0	0.0	0.0	0.0	0.0	0.0	0.0	0.0	0.0	0.0	0.0	0.0	0.0	0.0	0.0	0.0	0.0	0.0	0.0	0.0	0.0	0.0	0.0	0.0	0.0	0.0	0.0	0.0	0.0	0.0	0.0	0.0	0.0	19.0	0.0	0.0	0.0	0.0	0.0	0.0	0.0	0.0	0.0	0.0	0.0	0.0	0.0	0.0	0.0	0.0	0.0	0.0	0.0	0.0	0.0	0.0	0.0	0.0	0.0	0.0	0.0	0.0	0.0	0.0	0.0	0.0	0.0	0.0	0.0	0.0	0.0	0.0	0.0	0.0	0.0	0.0	0.0	0.0	0.0	0.0	0.0	0.0	0.0	0.0	0.0	0.0	0.0	0.0	0.0	0.0	0.0	0.0	0.0	0.0	0.0	0.0	0.0
SRR22815955	0.0	11013.0	0.0	0.0	0.0	0.0	0.0	2503.0	0.0	76.0	0.0	0.0	7.0	115.0	0.0	0.0	0.0	179.0	30.0	0.0	57.0	12.0	0.0	0.0	229.0	125.0	92.0	0.0	0.0	0.0	0.0	0.0	65.0	3.0	0.0	0.0	0.0	45.0	0.0	0.0	24.0	0.0	0.0	195.0	0.0	0.0	0.0	0.0	37.0	123.0	64.0	0.0	0.0	0.0	0.0	0.0	58.0	0.0	0.0	0.0	117.0	0.0	46.0	0.0	0.0	16.0	0.0	0.0	0.0	0.0	0.0	0.0	0.0	0.0	0.0	0.0	0.0	0.0	0.0	0.0	0.0	0.0	0.0	0.0	0.0	0.0	0.0	0.0	0.0	5.0	0.0	0.0	0.0	0.0	0.0	0.0	28.0	0.0	0.0	25.0	0.0	0.0	0.0	0.0	0.0	0.0	21.0	0.0	0.0	0.0	0.0	0.0	0.0	39.0	0.0	0.0	0.0	0.0	0.0	0.0	0.0	0.0	0.0	0.0	0.0	0.0	0.0	0.0	0.0	0.0	0.0	11.0	0.0	0.0	0.0	0.0	0.0	0.0	0.0	18.0	0.0	0.0	0.0	0.0	0.0	0.0	0.0	0.0	0.0	0.0	0.0	0.0	0.0	0.0	0.0	0.0	0.0	0.0	0.0	0.0	0.0	0.0	0.0	0.0	0.0	0.0	0.0	0.0	0.0	0.0	0.0	0.0
SRR22815957	0.0	10125.0	0.0	0.0	42.0	0.0	0.0	717.0	0.0	561.0	0.0	124.0	0.0	0.0	0.0	0.0	0.0	3924.0	0.0	0.0	3201.0	167.0	0.0	3522.0	645.0	0.0	92.0	0.0	0.0	0.0	0.0	0.0	5.0	0.0	0.0	0.0	0.0	7.0	0.0	0.0	0.0	0.0	0.0	0.0	0.0	0.0	0.0	0.0	0.0	22.0	0.0	0.0	0.0	0.0	0.0	0.0	0.0	0.0	0.0	0.0	0.0	0.0	0.0	0.0	0.0	0.0	0.0	0.0	0.0	0.0	0.0	0.0	0.0	0.0	0.0	0.0	0.0	0.0	0.0	0.0	0.0	0.0	0.0	0.0	0.0	0.0	0.0	0.0	0.0	0.0	0.0	0.0	0.0	0.0	0.0	0.0	0.0	0.0	0.0	0.0	0.0	0.0	0.0	0.0	0.0	0.0	0.0	0.0	0.0	0.0	0.0	0.0	0.0	0.0	0.0	0.0	0.0	0.0	0.0	0.0	0.0	0.0	0.0	0.0	0.0	0.0	0.0	23.0	0.0	0.0	0.0	0.0	0.0	0.0	0.0	0.0	0.0	0.0	0.0	0.0	0.0	0.0	0.0	0.0	0.0	0.0	0.0	0.0	0.0	0.0	0.0	0.0	0.0	0.0	0.0	0.0	0.0	0.0	0.0	0.0	0.0	0.0	0.0	0.0	0.0	0.0	0.0	0.0	0.0	0.0	0.0	0.0
SRR22815962	0.0	8186.0	0.0	0.0	5.0	0.0	0.0	2856.0	0.0	0.0	0.0	6.0	0.0	433.0	0.0	0.0	0.0	4716.0	34.0	0.0	0.0	2.0	0.0	176.0	102.0	0.0	0.0	0.0	0.0	0.0	0.0	0.0	0.0	0.0	0.0	0.0	0.0	0.0	0.0	0.0	0.0	0.0	0.0	0.0	0.0	0.0	0.0	0.0	0.0	0.0	0.0	0.0	0.0	0.0	0.0	0.0	9.0	0.0	0.0	0.0	0.0	0.0	0.0	0.0	0.0	0.0	0.0	0.0	0.0	0.0	0.0	0.0	0.0	0.0	0.0	0.0	0.0	0.0	0.0	0.0	0.0	0.0	0.0	0.0	0.0	0.0	0.0	0.0	0.0	0.0	0.0	0.0	0.0	0.0	0.0	0.0	0.0	0.0	0.0	0.0	0.0	0.0	0.0	0.0	0.0	0.0	0.0	0.0	16.0	0.0	0.0	0.0	0.0	0.0	0.0	0.0	0.0	0.0	0.0	0.0	0.0	0.0	0.0	0.0	0.0	0.0	0.0	0.0	0.0	0.0	0.0	0.0	0.0	0.0	0.0	0.0	0.0	0.0	0.0	0.0	0.0	0.0	0.0	0.0	0.0	0.0	0.0	0.0	0.0	0.0	0.0	0.0	0.0	0.0	0.0	0.0	0.0	0.0	0.0	0.0	0.0	0.0	0.0	0.0	0.0	0.0	0.0	0.0	0.0	0.0	0.0	0.0
SRR22815964	0.0	12017.0	0.0	0.0	0.0	0.0	0.0	7954.0	0.0	0.0	0.0	0.0	0.0	13.0	0.0	0.0	0.0	0.0	0.0	55.0	59.0	479.0	0.0	53.0	277.0	0.0	0.0	0.0	0.0	0.0	0.0	0.0	4.0	0.0	0.0	0.0	0.0	0.0	0.0	0.0	0.0	0.0	0.0	0.0	0.0	0.0	0.0	0.0	0.0	67.0	0.0	0.0	32.0	0.0	0.0	0.0	0.0	0.0	0.0	0.0	0.0	0.0	26.0	0.0	0.0	0.0	0.0	0.0	0.0	941.0	0.0	0.0	0.0	0.0	0.0	0.0	0.0	0.0	0.0	0.0	0.0	0.0	0.0	0.0	0.0	0.0	0.0	0.0	0.0	0.0	94.0	0.0	0.0	0.0	0.0	0.0	0.0	0.0	0.0	0.0	0.0	0.0	0.0	0.0	0.0	0.0	0.0	0.0	0.0	0.0	0.0	0.0	0.0	0.0	0.0	0.0	0.0	0.0	0.0	0.0	2.0	0.0	0.0	0.0	0.0	0.0	0.0	0.0	0.0	0.0	0.0	0.0	0.0	0.0	0.0	0.0	0.0	0.0	0.0	0.0	0.0	0.0	0.0	0.0	0.0	0.0	0.0	0.0	0.0	0.0	0.0	0.0	0.0	0.0	0.0	0.0	0.0	0.0	0.0	0.0	0.0	0.0	0.0	0.0	0.0	0.0	0.0	0.0	0.0	0.0	0.0	0.0
SRR22815979	0.0	9169.0	0.0	4.0	0.0	0.0	5.0	2677.0	0.0	0.0	0.0	0.0	0.0	0.0	0.0	0.0	0.0	214.0	79.0	0.0	802.0	2882.0	0.0	733.0	290.0	24.0	2064.0	0.0	11.0	0.0	0.0	0.0	0.0	0.0	0.0	0.0	0.0	0.0	0.0	8.0	21.0	0.0	17.0	0.0	0.0	0.0	0.0	0.0	0.0	0.0	0.0	0.0	0.0	0.0	39.0	0.0	0.0	0.0	0.0	0.0	0.0	0.0	0.0	0.0	0.0	0.0	0.0	0.0	4.0	0.0	0.0	0.0	0.0	0.0	0.0	0.0	0.0	6.0	0.0	0.0	0.0	0.0	0.0	0.0	0.0	0.0	0.0	0.0	0.0	0.0	0.0	0.0	0.0	0.0	0.0	0.0	0.0	0.0	0.0	0.0	0.0	0.0	0.0	0.0	0.0	0.0	0.0	0.0	0.0	0.0	0.0	0.0	0.0	0.0	0.0	0.0	0.0	0.0	0.0	0.0	0.0	0.0	0.0	0.0	0.0	0.0	0.0	0.0	0.0	0.0	0.0	0.0	0.0	0.0	0.0	0.0	0.0	0.0	0.0	0.0	0.0	0.0	0.0	0.0	0.0	0.0	0.0	0.0	0.0	0.0	0.0	0.0	0.0	0.0	0.0	0.0	0.0	0.0	0.0	0.0	0.0	0.0	0.0	0.0	0.0	0.0	0.0	0.0	0.0	0.0	0.0	0.0
SRR22815981	0.0	22244.0	0.0	5.0	0.0	0.0	0.0	9844.0	0.0	121.0	0.0	0.0	0.0	4383.0	0.0	4.0	0.0	0.0	0.0	478.0	1381.0	2114.0	0.0	140.0	3643.0	0.0	424.0	0.0	0.0	0.0	28.0	0.0	0.0	0.0	0.0	0.0	0.0	0.0	0.0	0.0	0.0	0.0	0.0	0.0	0.0	0.0	0.0	0.0	6.0	1589.0	0.0	0.0	34.0	0.0	0.0	0.0	0.0	0.0	0.0	0.0	0.0	0.0	19.0	0.0	0.0	0.0	0.0	0.0	0.0	3344.0	0.0	0.0	0.0	0.0	0.0	0.0	0.0	0.0	0.0	0.0	0.0	0.0	0.0	0.0	3.0	0.0	0.0	0.0	0.0	0.0	0.0	0.0	0.0	0.0	0.0	0.0	0.0	0.0	0.0	0.0	0.0	0.0	0.0	0.0	0.0	0.0	0.0	0.0	0.0	0.0	0.0	0.0	0.0	0.0	0.0	0.0	0.0	0.0	0.0	0.0	0.0	0.0	0.0	0.0	0.0	0.0	0.0	0.0	0.0	0.0	0.0	16.0	0.0	0.0	0.0	0.0	0.0	0.0	0.0	0.0	0.0	0.0	0.0	0.0	0.0	34.0	0.0	0.0	0.0	0.0	0.0	0.0	0.0	0.0	0.0	0.0	0.0	0.0	0.0	0.0	0.0	0.0	0.0	0.0	0.0	0.0	0.0	0.0	0.0	0.0	0.0	0.0
SRR22815988	0.0	3397.0	0.0	0.0	0.0	0.0	0.0	5048.0	0.0	0.0	0.0	24.0	0.0	350.0	0.0	0.0	0.0	0.0	0.0	317.0	742.0	0.0	0.0	0.0	598.0	0.0	0.0	0.0	0.0	0.0	0.0	0.0	0.0	0.0	0.0	0.0	0.0	0.0	0.0	0.0	0.0	0.0	0.0	0.0	0.0	0.0	0.0	0.0	0.0	0.0	0.0	0.0	0.0	0.0	0.0	0.0	0.0	0.0	0.0	0.0	0.0	0.0	0.0	0.0	0.0	0.0	0.0	0.0	0.0	553.0	0.0	0.0	0.0	0.0	0.0	0.0	0.0	0.0	0.0	0.0	0.0	0.0	0.0	0.0	0.0	0.0	0.0	0.0	0.0	0.0	0.0	0.0	0.0	0.0	0.0	0.0	0.0	0.0	0.0	0.0	0.0	0.0	0.0	0.0	0.0	0.0	0.0	0.0	0.0	0.0	0.0	0.0	0.0	0.0	0.0	0.0	0.0	0.0	0.0	0.0	0.0	0.0	0.0	0.0	0.0	0.0	0.0	0.0	0.0	0.0	0.0	0.0	0.0	0.0	0.0	0.0	0.0	0.0	0.0	0.0	0.0	0.0	0.0	0.0	0.0	0.0	0.0	0.0	0.0	0.0	0.0	0.0	0.0	0.0	0.0	0.0	0.0	0.0	0.0	0.0	0.0	0.0	0.0	0.0	0.0	0.0	0.0	0.0	0.0	0.0	0.0	0.0
SRR22816000	0.0	14575.0	0.0	443.0	0.0	274.0	182.0	2091.0	107.0	0.0	0.0	0.0	0.0	994.0	0.0	0.0	0.0	2940.0	9459.0	4386.0	181.0	1645.0	0.0	2822.0	9341.0	0.0	4979.0	0.0	0.0	0.0	51.0	0.0	26.0	0.0	0.0	0.0	296.0	0.0	0.0	0.0	0.0	0.0	973.0	813.0	0.0	92.0	0.0	0.0	0.0	2413.0	0.0	0.0	0.0	0.0	0.0	0.0	145.0	0.0	4318.0	0.0	0.0	0.0	0.0	0.0	0.0	0.0	0.0	0.0	0.0	1472.0	0.0	0.0	74.0	0.0	0.0	0.0	0.0	0.0	0.0	95.0	0.0	0.0	0.0	0.0	76.0	0.0	0.0	367.0	0.0	0.0	0.0	0.0	0.0	0.0	376.0	0.0	33.0	0.0	0.0	69.0	0.0	0.0	0.0	0.0	0.0	5399.0	105.0	0.0	3203.0	0.0	0.0	0.0	0.0	0.0	0.0	0.0	0.0	0.0	150.0	0.0	0.0	0.0	0.0	0.0	0.0	0.0	0.0	0.0	0.0	0.0	0.0	0.0	0.0	0.0	0.0	0.0	0.0	0.0	0.0	0.0	0.0	0.0	0.0	0.0	0.0	0.0	0.0	0.0	0.0	0.0	0.0	0.0	0.0	0.0	0.0	0.0	0.0	0.0	0.0	0.0	0.0	0.0	55.0	0.0	0.0	0.0	0.0	0.0	0.0	0.0	0.0	0.0
SRR22816003	0.0	10191.0	0.0	0.0	313.0	0.0	0.0	5505.0	0.0	19.0	0.0	2152.0	0.0	2314.0	0.0	0.0	0.0	9087.0	0.0	752.0	4062.0	2693.0	0.0	2201.0	6064.0	0.0	0.0	0.0	0.0	15.0	0.0	0.0	1722.0	0.0	0.0	0.0	0.0	0.0	0.0	0.0	0.0	0.0	0.0	61.0	0.0	0.0	0.0	0.0	0.0	0.0	0.0	0.0	0.0	0.0	174.0	0.0	183.0	0.0	68.0	0.0	0.0	280.0	6.0	0.0	0.0	0.0	0.0	0.0	0.0	730.0	0.0	0.0	0.0	0.0	0.0	0.0	0.0	0.0	0.0	333.0	0.0	0.0	0.0	0.0	0.0	0.0	89.0	0.0	0.0	0.0	18.0	0.0	0.0	0.0	0.0	0.0	0.0	0.0	0.0	0.0	0.0	0.0	0.0	0.0	11.0	0.0	662.0	0.0	0.0	0.0	0.0	0.0	0.0	0.0	0.0	0.0	0.0	0.0	0.0	0.0	0.0	0.0	0.0	0.0	0.0	0.0	10.0	0.0	0.0	0.0	0.0	0.0	0.0	0.0	0.0	0.0	0.0	0.0	0.0	0.0	0.0	0.0	0.0	666.0	8.0	0.0	0.0	0.0	0.0	0.0	2.0	0.0	0.0	0.0	0.0	0.0	0.0	0.0	0.0	0.0	0.0	0.0	0.0	0.0	0.0	0.0	0.0	0.0	0.0	0.0	0.0	0.0
SRR22816015	0.0	5258.0	0.0	0.0	0.0	0.0	0.0	1993.0	0.0	28.0	0.0	11.0	0.0	51.0	0.0	0.0	0.0	4571.0	45.0	116.0	467.0	2217.0	0.0	1926.0	982.0	0.0	0.0	0.0	0.0	0.0	0.0	0.0	2.0	0.0	0.0	0.0	0.0	0.0	0.0	0.0	0.0	0.0	0.0	0.0	0.0	0.0	0.0	0.0	0.0	0.0	0.0	0.0	0.0	0.0	0.0	0.0	0.0	0.0	0.0	0.0	0.0	0.0	12.0	0.0	0.0	0.0	0.0	0.0	0.0	0.0	0.0	0.0	0.0	0.0	0.0	0.0	0.0	0.0	0.0	0.0	0.0	0.0	0.0	0.0	0.0	0.0	0.0	0.0	0.0	0.0	0.0	0.0	0.0	0.0	0.0	0.0	0.0	0.0	0.0	0.0	0.0	0.0	0.0	0.0	0.0	1345.0	0.0	0.0	0.0	0.0	0.0	0.0	0.0	0.0	0.0	0.0	0.0	0.0	0.0	0.0	0.0	0.0	0.0	0.0	0.0	0.0	0.0	0.0	0.0	0.0	0.0	0.0	0.0	0.0	0.0	0.0	0.0	0.0	0.0	0.0	0.0	0.0	0.0	0.0	0.0	0.0	0.0	0.0	0.0	0.0	0.0	0.0	0.0	0.0	0.0	0.0	0.0	0.0	0.0	0.0	0.0	0.0	0.0	0.0	0.0	0.0	0.0	0.0	0.0	0.0	0.0	0.0
SRR22816016	0.0	22973.0	0.0	0.0	40.0	0.0	0.0	7298.0	10.0	21.0	0.0	87.0	50.0	375.0	0.0	0.0	0.0	2286.0	135.0	1439.0	1848.0	417.0	0.0	6997.0	6257.0	0.0	1989.0	0.0	20.0	0.0	17.0	0.0	114.0	0.0	0.0	0.0	0.0	0.0	99.0	37.0	0.0	0.0	37.0	393.0	0.0	0.0	0.0	0.0	14.0	106.0	0.0	0.0	192.0	0.0	7.0	0.0	520.0	0.0	0.0	0.0	0.0	271.0	0.0	0.0	0.0	0.0	0.0	0.0	0.0	803.0	0.0	0.0	0.0	0.0	0.0	0.0	0.0	0.0	0.0	0.0	0.0	0.0	0.0	0.0	0.0	0.0	113.0	0.0	0.0	0.0	0.0	0.0	0.0	0.0	53.0	0.0	0.0	0.0	0.0	0.0	0.0	0.0	0.0	0.0	0.0	0.0	0.0	0.0	0.0	0.0	0.0	0.0	0.0	0.0	0.0	16.0	0.0	0.0	0.0	0.0	0.0	0.0	0.0	0.0	0.0	0.0	0.0	0.0	0.0	0.0	0.0	0.0	0.0	19.0	0.0	0.0	0.0	0.0	0.0	0.0	0.0	0.0	0.0	0.0	0.0	0.0	0.0	0.0	0.0	0.0	0.0	0.0	0.0	0.0	0.0	0.0	0.0	0.0	0.0	0.0	0.0	0.0	0.0	0.0	0.0	0.0	0.0	0.0	0.0	0.0	0.0	0.0
SRR22816017	0.0	28781.0	0.0	0.0	50.0	0.0	0.0	7291.0	4.0	3.0	0.0	93.0	0.0	1106.0	0.0	0.0	0.0	0.0	0.0	0.0	2638.0	1107.0	0.0	470.0	494.0	0.0	2650.0	0.0	0.0	8.0	4.0	0.0	19.0	0.0	0.0	0.0	0.0	0.0	0.0	0.0	0.0	0.0	0.0	0.0	0.0	0.0	0.0	0.0	0.0	464.0	0.0	0.0	14.0	0.0	0.0	0.0	12.0	0.0	0.0	0.0	29.0	0.0	0.0	0.0	0.0	0.0	0.0	0.0	0.0	31.0	0.0	0.0	0.0	0.0	0.0	0.0	0.0	0.0	0.0	43.0	0.0	0.0	0.0	0.0	0.0	0.0	0.0	0.0	0.0	0.0	0.0	0.0	0.0	0.0	0.0	0.0	0.0	0.0	0.0	0.0	0.0	0.0	0.0	0.0	0.0	0.0	0.0	0.0	50.0	0.0	0.0	0.0	0.0	0.0	0.0	0.0	0.0	0.0	0.0	0.0	12.0	0.0	0.0	0.0	0.0	0.0	0.0	0.0	0.0	0.0	0.0	0.0	0.0	0.0	0.0	0.0	0.0	0.0	0.0	0.0	0.0	0.0	0.0	0.0	0.0	0.0	0.0	0.0	0.0	0.0	0.0	0.0	0.0	0.0	0.0	0.0	0.0	0.0	0.0	0.0	0.0	0.0	0.0	0.0	0.0	0.0	0.0	0.0	0.0	0.0	0.0	0.0
SRR22816025	0.0	8266.0	0.0	10.0	83.0	0.0	0.0	1363.0	0.0	0.0	0.0	17.0	2.0	1702.0	0.0	0.0	0.0	853.0	0.0	110.0	113.0	0.0	0.0	0.0	573.0	0.0	294.0	0.0	0.0	0.0	0.0	0.0	0.0	0.0	0.0	0.0	0.0	0.0	0.0	0.0	0.0	0.0	0.0	0.0	0.0	0.0	0.0	0.0	0.0	381.0	0.0	0.0	0.0	0.0	55.0	0.0	17.0	0.0	0.0	0.0	0.0	0.0	0.0	0.0	0.0	0.0	0.0	0.0	0.0	2930.0	0.0	0.0	0.0	0.0	0.0	0.0	0.0	0.0	0.0	0.0	0.0	0.0	0.0	0.0	0.0	0.0	0.0	0.0	0.0	0.0	0.0	0.0	0.0	0.0	9.0	0.0	0.0	0.0	0.0	0.0	0.0	0.0	0.0	0.0	0.0	0.0	0.0	0.0	0.0	0.0	0.0	0.0	0.0	0.0	0.0	0.0	0.0	0.0	0.0	0.0	0.0	0.0	0.0	0.0	0.0	0.0	0.0	0.0	0.0	0.0	0.0	0.0	0.0	0.0	0.0	0.0	0.0	0.0	0.0	0.0	0.0	0.0	0.0	0.0	0.0	0.0	0.0	0.0	0.0	0.0	0.0	0.0	0.0	0.0	0.0	0.0	0.0	0.0	0.0	0.0	0.0	0.0	0.0	0.0	0.0	0.0	0.0	0.0	0.0	0.0	0.0	0.0
SRR22816032	0.0	8133.0	0.0	0.0	0.0	0.0	0.0	267.0	0.0	0.0	0.0	0.0	0.0	0.0	0.0	0.0	0.0	3889.0	0.0	0.0	0.0	0.0	0.0	0.0	71.0	0.0	401.0	0.0	0.0	0.0	0.0	0.0	0.0	0.0	0.0	0.0	0.0	0.0	0.0	0.0	0.0	0.0	0.0	0.0	0.0	0.0	0.0	0.0	0.0	0.0	0.0	0.0	0.0	0.0	0.0	0.0	0.0	0.0	0.0	0.0	0.0	0.0	0.0	0.0	0.0	0.0	0.0	0.0	0.0	0.0	0.0	0.0	0.0	0.0	0.0	0.0	0.0	0.0	0.0	0.0	0.0	0.0	0.0	0.0	0.0	0.0	0.0	0.0	0.0	0.0	0.0	0.0	0.0	0.0	0.0	0.0	0.0	0.0	0.0	0.0	0.0	0.0	0.0	0.0	0.0	0.0	0.0	0.0	0.0	0.0	0.0	0.0	0.0	0.0	0.0	0.0	0.0	0.0	0.0	0.0	0.0	0.0	0.0	0.0	0.0	0.0	0.0	0.0	0.0	0.0	0.0	0.0	0.0	0.0	0.0	0.0	0.0	0.0	0.0	0.0	0.0	0.0	0.0	0.0	0.0	0.0	0.0	0.0	0.0	0.0	0.0	0.0	0.0	0.0	0.0	0.0	0.0	0.0	0.0	0.0	0.0	0.0	0.0	0.0	0.0	0.0	0.0	0.0	0.0	0.0	0.0	0.0
SRR22816033	0.0	15508.0	0.0	16.0	23.0	0.0	0.0	6349.0	25.0	16.0	0.0	51.0	39.0	1670.0	0.0	0.0	0.0	101.0	37.0	1188.0	973.0	121.0	4.0	457.0	1585.0	0.0	2910.0	0.0	79.0	0.0	0.0	0.0	34.0	0.0	0.0	0.0	0.0	0.0	22.0	0.0	0.0	0.0	0.0	82.0	0.0	0.0	0.0	0.0	30.0	22.0	0.0	29.0	0.0	0.0	60.0	0.0	174.0	0.0	0.0	0.0	0.0	0.0	0.0	0.0	0.0	0.0	0.0	0.0	0.0	0.0	0.0	0.0	0.0	0.0	0.0	0.0	0.0	0.0	0.0	55.0	0.0	0.0	0.0	0.0	0.0	0.0	25.0	0.0	0.0	0.0	0.0	0.0	0.0	0.0	13.0	0.0	0.0	0.0	0.0	0.0	0.0	0.0	0.0	0.0	0.0	0.0	0.0	0.0	0.0	0.0	0.0	0.0	0.0	0.0	0.0	0.0	0.0	0.0	0.0	0.0	0.0	0.0	0.0	0.0	0.0	0.0	0.0	0.0	0.0	0.0	0.0	0.0	0.0	0.0	0.0	0.0	0.0	0.0	0.0	0.0	0.0	0.0	0.0	0.0	0.0	0.0	0.0	0.0	0.0	0.0	0.0	0.0	0.0	0.0	0.0	0.0	0.0	0.0	0.0	0.0	0.0	0.0	0.0	0.0	0.0	0.0	0.0	0.0	0.0	0.0	0.0	0.0
SRR22816055	0.0	27765.0	0.0	278.0	58.0	0.0	33.0	7226.0	0.0	0.0	0.0	1470.0	383.0	97.0	0.0	0.0	0.0	2298.0	1868.0	2806.0	978.0	1320.0	0.0	1522.0	7153.0	0.0	762.0	0.0	0.0	0.0	0.0	0.0	692.0	0.0	0.0	0.0	0.0	0.0	0.0	0.0	0.0	0.0	0.0	475.0	81.0	0.0	243.0	0.0	0.0	459.0	59.0	0.0	0.0	0.0	0.0	0.0	280.0	0.0	1824.0	0.0	114.0	0.0	2053.0	0.0	0.0	0.0	0.0	84.0	0.0	913.0	0.0	0.0	0.0	0.0	0.0	0.0	0.0	1584.0	0.0	0.0	0.0	0.0	0.0	0.0	0.0	0.0	0.0	111.0	0.0	0.0	2840.0	0.0	0.0	0.0	875.0	0.0	0.0	0.0	0.0	0.0	0.0	0.0	0.0	0.0	0.0	1081.0	668.0	0.0	193.0	0.0	0.0	0.0	0.0	0.0	0.0	0.0	0.0	0.0	0.0	0.0	0.0	0.0	0.0	0.0	0.0	0.0	0.0	0.0	0.0	0.0	135.0	0.0	0.0	0.0	0.0	0.0	0.0	0.0	0.0	0.0	0.0	0.0	0.0	551.0	0.0	0.0	0.0	0.0	0.0	0.0	0.0	1278.0	0.0	0.0	0.0	0.0	0.0	0.0	0.0	0.0	0.0	0.0	0.0	0.0	0.0	129.0	0.0	0.0	0.0	0.0	0.0	0.0
SRR22816058	0.0	4238.0	0.0	0.0	22.0	0.0	0.0	2572.0	0.0	146.0	0.0	187.0	0.0	675.0	0.0	0.0	0.0	4911.0	0.0	313.0	328.0	29.0	0.0	63.0	1416.0	0.0	57.0	0.0	0.0	0.0	0.0	0.0	9.0	0.0	0.0	0.0	15.0	23.0	4.0	0.0	0.0	0.0	0.0	0.0	0.0	0.0	0.0	0.0	0.0	698.0	0.0	0.0	0.0	0.0	0.0	0.0	0.0	0.0	0.0	0.0	0.0	0.0	0.0	0.0	0.0	0.0	0.0	0.0	0.0	76.0	0.0	0.0	0.0	0.0	0.0	0.0	0.0	0.0	0.0	15.0	0.0	0.0	0.0	0.0	0.0	0.0	0.0	0.0	0.0	0.0	0.0	0.0	0.0	0.0	0.0	0.0	0.0	0.0	0.0	0.0	0.0	0.0	0.0	0.0	0.0	0.0	0.0	0.0	0.0	0.0	0.0	0.0	0.0	0.0	0.0	0.0	0.0	0.0	0.0	0.0	0.0	0.0	0.0	0.0	0.0	0.0	0.0	0.0	0.0	0.0	0.0	0.0	0.0	0.0	0.0	0.0	0.0	0.0	0.0	0.0	0.0	0.0	0.0	0.0	0.0	0.0	0.0	0.0	0.0	0.0	0.0	0.0	0.0	0.0	0.0	0.0	0.0	0.0	0.0	0.0	0.0	0.0	0.0	0.0	0.0	0.0	0.0	0.0	0.0	0.0	0.0	0.0
SRR22816063	0.0	9822.0	0.0	0.0	0.0	0.0	0.0	1545.0	0.0	2824.0	0.0	73.0	12.0	535.0	0.0	0.0	0.0	30.0	0.0	164.0	6548.0	775.0	0.0	3475.0	1624.0	0.0	708.0	0.0	0.0	0.0	0.0	0.0	0.0	0.0	0.0	0.0	0.0	0.0	0.0	0.0	0.0	0.0	0.0	25.0	0.0	13.0	0.0	0.0	0.0	37.0	0.0	0.0	0.0	0.0	0.0	0.0	609.0	0.0	0.0	0.0	0.0	0.0	0.0	0.0	0.0	0.0	0.0	0.0	0.0	225.0	0.0	0.0	0.0	0.0	0.0	0.0	0.0	0.0	0.0	0.0	0.0	0.0	0.0	0.0	0.0	0.0	0.0	0.0	0.0	0.0	0.0	0.0	0.0	0.0	0.0	0.0	0.0	0.0	0.0	0.0	0.0	0.0	0.0	0.0	0.0	1590.0	0.0	0.0	32.0	0.0	0.0	0.0	0.0	0.0	0.0	0.0	0.0	0.0	0.0	0.0	0.0	0.0	0.0	0.0	0.0	0.0	0.0	0.0	0.0	0.0	0.0	0.0	0.0	0.0	0.0	0.0	0.0	0.0	0.0	0.0	0.0	0.0	0.0	0.0	0.0	0.0	0.0	0.0	0.0	0.0	0.0	0.0	0.0	0.0	0.0	0.0	0.0	0.0	0.0	0.0	0.0	0.0	0.0	0.0	0.0	0.0	0.0	0.0	0.0	0.0	0.0	0.0
