#SampleID	d__Bacteria;p__Patescibacteria	d__Bacteria;p__Firmicutes	d__Bacteria;p__Verrucomicrobiota	d__Bacteria;p__Bacteroidota	d__Bacteria;p__Desulfobacterota	d__Bacteria;p__WS4	d__Bacteria;p__Actinobacteriota	d__Bacteria;p__Proteobacteria	d__Bacteria;p__Planctomycetota	d__Bacteria;p__Methylomirabilota	d__Bacteria;p__Chloroflexi	d__Bacteria;p__Myxococcota	d__Bacteria;p__Armatimonadota	d__Bacteria;p__Acidobacteriota	d__Bacteria;p__MBNT15	d__Bacteria;p__Zixibacteria	d__Bacteria;p__Cyanobacteria	d__Bacteria;p__Gemmatimonadota	d__Bacteria;p__Elusimicrobiota	d__Bacteria;p__Bdellovibrionota	d__Bacteria;p__Spirochaetota	d__Bacteria;p__Sumerlaeota	d__Bacteria;p__Deferrisomatota	d__Bacteria;p__Hydrogenedentes	d__Bacteria;p__Fibrobacterota	d__Bacteria;p__Abditibacteriota	d__Bacteria;p__Sva0485	d__Bacteria;p__Latescibacterota	d__Bacteria;p__Nitrospirota	d__Bacteria;p__Entotheonellaeota	d__Bacteria;p__Deinococcota	d__Bacteria;p__WS1	d__Bacteria;p__Margulisbacteria	d__Bacteria;p__Dependentiae	d__Bacteria;p__FCPU426	d__Bacteria;p__SAR324_clade(Marine_group_B)	d__Bacteria;p__Modulibacteria	d__Bacteria;p__Campylobacterota	d__Bacteria;p__WOR-1	d__Bacteria;p__WPS-2	d__Bacteria;p__Cloacimonadota	d__Bacteria;p__LCP-89	d__Bacteria;p__TX1A-33	d__Bacteria;p__WS2	d__Bacteria;p__DTB120	d__Bacteria;p__FW113	d__Bacteria;p__NB1-j	d__Bacteria;p__GAL15	d__Bacteria;p__CK-2C2-2	d__Bacteria;p__Nitrospinota	d__Bacteria;p__RCP2-54
SRR5532616	429.0	247.0	1068.0	421.0	329.0	33.0	4164.0	7626.0	1140.0	15.0	5369.0	3844.0	364.0	9568.0	0.0	4.0	168.0	1543.0	47.0	137.0	6.0	28.0	6.0	0.0	3.0	0.0	4.0	68.0	80.0	0.0	0.0	0.0	0.0	42.0	0.0	0.0	0.0	0.0	0.0	70.0	0.0	0.0	3.0	0.0	0.0	0.0	0.0	0.0	0.0	0.0	0.0
SRR5532617	33.0	340.0	616.0	436.0	188.0	14.0	3844.0	7010.0	2340.0	84.0	4407.0	3250.0	413.0	7950.0	0.0	1.0	45.0	4609.0	10.0	221.0	47.0	11.0	0.0	32.0	6.0	0.0	0.0	23.0	123.0	0.0	6.0	0.0	0.0	11.0	1.0	0.0	0.0	0.0	0.0	0.0	6.0	0.0	9.0	0.0	0.0	0.0	14.0	0.0	0.0	0.0	0.0
SRR5532618	53.0	118.0	545.0	772.0	140.0	1.0	2356.0	7420.0	1471.0	120.0	4398.0	1816.0	317.0	8650.0	2.0	12.0	104.0	5264.0	63.0	170.0	20.0	4.0	28.0	30.0	7.0	0.0	0.0	59.0	364.0	7.0	9.0	0.0	0.0	0.0	0.0	0.0	0.0	0.0	0.0	0.0	0.0	0.0	14.0	0.0	34.0	0.0	0.0	0.0	0.0	0.0	0.0
SRR5532619	267.0	2474.0	788.0	1102.0	939.0	1.0	2588.0	8002.0	1315.0	127.0	5859.0	4213.0	527.0	7909.0	0.0	0.0	341.0	1146.0	48.0	16.0	195.0	79.0	20.0	42.0	11.0	0.0	0.0	129.0	311.0	0.0	58.0	1.0	8.0	40.0	7.0	7.0	24.0	397.0	0.0	5.0	16.0	0.0	0.0	0.0	0.0	0.0	0.0	0.0	0.0	0.0	0.0
SRR5532620	34.0	831.0	950.0	2284.0	211.0	14.0	1212.0	5581.0	1636.0	63.0	2809.0	1317.0	344.0	5036.0	0.0	32.0	4182.0	2644.0	31.0	108.0	46.0	44.0	20.0	63.0	38.0	2.0	0.0	67.0	230.0	3.0	13.0	0.0	0.0	0.0	0.0	10.0	0.0	0.0	0.0	0.0	0.0	0.0	7.0	0.0	12.0	0.0	0.0	0.0	0.0	0.0	0.0
SRR5532621	521.0	456.0	1282.0	328.0	211.0	15.0	4538.0	6870.0	1698.0	11.0	3924.0	4404.0	136.0	10449.0	0.0	0.0	181.0	916.0	113.0	174.0	3.0	18.0	0.0	0.0	0.0	0.0	0.0	28.0	87.0	0.0	0.0	0.0	0.0	9.0	0.0	0.0	0.0	0.0	0.0	16.0	0.0	0.0	0.0	0.0	0.0	0.0	0.0	0.0	0.0	0.0	0.0
SRR5532622	25.0	465.0	617.0	507.0	179.0	0.0	4396.0	11094.0	1968.0	79.0	4376.0	4381.0	272.0	7425.0	0.0	4.0	91.0	4648.0	97.0	282.0	12.0	13.0	0.0	39.0	9.0	0.0	0.0	19.0	137.0	0.0	0.0	0.0	0.0	0.0	0.0	0.0	0.0	0.0	0.0	0.0	2.0	0.0	0.0	0.0	0.0	0.0	9.0	0.0	0.0	0.0	0.0
SRR5532623	95.0	125.0	577.0	946.0	199.0	2.0	2332.0	9608.0	2180.0	244.0	4400.0	1914.0	427.0	11639.0	5.0	18.0	532.0	5077.0	69.0	207.0	9.0	22.0	11.0	30.0	12.0	0.0	0.0	107.0	357.0	0.0	5.0	0.0	0.0	0.0	0.0	0.0	0.0	0.0	0.0	0.0	4.0	0.0	7.0	0.0	76.0	0.0	0.0	0.0	0.0	0.0	0.0
SRR5532624	50.0	969.0	826.0	586.0	598.0	36.0	3268.0	4633.0	962.0	48.0	6428.0	4882.0	460.0	7877.0	0.0	0.0	43.0	920.0	19.0	13.0	158.0	68.0	17.0	25.0	35.0	0.0	0.0	259.0	178.0	0.0	11.0	2.0	0.0	7.0	3.0	0.0	32.0	0.0	0.0	27.0	83.0	1.0	0.0	0.0	0.0	0.0	0.0	0.0	0.0	0.0	0.0
SRR5532625	20.0	4262.0	700.0	1237.0	341.0	29.0	2590.0	6479.0	1553.0	92.0	3538.0	4771.0	284.0	5655.0	0.0	0.0	104.0	3701.0	88.0	55.0	187.0	66.0	0.0	52.0	6.0	0.0	0.0	40.0	75.0	0.0	11.0	4.0	0.0	3.0	0.0	0.0	0.0	3.0	0.0	0.0	30.0	0.0	0.0	0.0	8.0	0.0	0.0	0.0	0.0	0.0	0.0
SRR5532626	66.0	274.0	588.0	989.0	203.0	17.0	1834.0	8436.0	1428.0	92.0	3038.0	1838.0	337.0	9976.0	0.0	7.0	242.0	4324.0	26.0	85.0	0.0	3.0	22.0	14.0	301.0	0.0	0.0	85.0	145.0	0.0	0.0	0.0	0.0	0.0	0.0	0.0	0.0	0.0	0.0	0.0	0.0	0.0	0.0	0.0	0.0	0.0	0.0	0.0	0.0	0.0	0.0
SRR5532627	48.0	420.0	1191.0	1771.0	131.0	23.0	4572.0	14115.0	1596.0	51.0	6441.0	832.0	491.0	7619.0	0.0	13.0	158.0	4762.0	23.0	18.0	0.0	27.0	13.0	40.0	242.0	0.0	0.0	50.0	70.0	0.0	7.0	5.0	0.0	0.0	0.0	0.0	0.0	4.0	0.0	0.0	0.0	0.0	0.0	0.0	2.0	0.0	0.0	0.0	0.0	0.0	0.0
SRR5532628	51.0	1095.0	687.0	1077.0	584.0	31.0	3763.0	8378.0	1331.0	44.0	4187.0	707.0	199.0	5658.0	0.0	14.0	85.0	2869.0	13.0	49.0	0.0	8.0	15.0	17.0	199.0	0.0	0.0	80.0	66.0	0.0	0.0	0.0	0.0	0.0	0.0	12.0	0.0	0.0	0.0	0.0	0.0	2.0	0.0	0.0	4.0	0.0	0.0	0.0	0.0	0.0	0.0
SRR5532629	42.0	478.0	1222.0	1980.0	268.0	27.0	6204.0	14658.0	2121.0	88.0	6158.0	1052.0	663.0	8659.0	0.0	12.0	206.0	4599.0	19.0	17.0	1.0	21.0	20.0	63.0	461.0	0.0	0.0	78.0	62.0	0.0	20.0	7.0	0.0	0.0	0.0	0.0	0.0	0.0	0.0	0.0	0.0	0.0	0.0	1.0	2.0	0.0	0.0	0.0	0.0	0.0	0.0
SRR5532630	104.0	457.0	578.0	1129.0	483.0	13.0	4825.0	9975.0	649.0	10.0	5078.0	1109.0	159.0	1771.0	0.0	0.0	21.0	3235.0	2.0	28.0	25.0	20.0	0.0	21.0	63.0	0.0	0.0	13.0	35.0	0.0	0.0	0.0	0.0	0.0	0.0	0.0	0.0	0.0	0.0	0.0	0.0	0.0	0.0	0.0	0.0	0.0	0.0	0.0	0.0	0.0	0.0
SRR5532631	33.0	799.0	555.0	1612.0	311.0	0.0	7722.0	9601.0	762.0	11.0	6669.0	2026.0	195.0	2753.0	0.0	0.0	16.0	3679.0	4.0	13.0	27.0	11.0	0.0	39.0	135.0	0.0	0.0	3.0	36.0	0.0	19.0	1.0	0.0	0.0	0.0	0.0	9.0	0.0	0.0	0.0	11.0	0.0	1.0	0.0	0.0	0.0	0.0	0.0	0.0	0.0	0.0
SRR5532632	46.0	796.0	583.0	1343.0	479.0	0.0	7798.0	9324.0	839.0	20.0	5378.0	2098.0	224.0	2603.0	0.0	1.0	60.0	4096.0	42.0	26.0	70.0	44.0	7.0	43.0	102.0	5.0	0.0	4.0	32.0	0.0	12.0	0.0	0.0	0.0	0.0	0.0	5.0	16.0	0.0	0.0	14.0	8.0	0.0	0.0	0.0	0.0	0.0	0.0	0.0	0.0	0.0
SRR5532633	60.0	2422.0	551.0	1288.0	394.0	14.0	5668.0	11036.0	953.0	12.0	5200.0	2489.0	239.0	2896.0	0.0	1.0	94.0	3077.0	8.0	67.0	279.0	34.0	0.0	37.0	91.0	0.0	0.0	24.0	40.0	0.0	20.0	8.0	0.0	0.0	0.0	0.0	9.0	10.0	0.0	7.0	8.0	0.0	0.0	0.0	0.0	0.0	0.0	2.0	0.0	0.0	0.0
SRR5532634	91.0	584.0	1273.0	466.0	951.0	53.0	9376.0	7766.0	1428.0	17.0	7012.0	2721.0	620.0	5977.0	0.0	0.0	83.0	834.0	76.0	58.0	10.0	67.0	20.0	10.0	94.0	0.0	0.0	150.0	76.0	0.0	9.0	8.0	0.0	4.0	0.0	0.0	4.0	0.0	0.0	29.0	21.0	0.0	2.0	0.0	0.0	0.0	0.0	0.0	0.0	0.0	0.0
SRR5532635	115.0	865.0	1469.0	656.0	738.0	0.0	10567.0	8029.0	1885.0	17.0	7879.0	2514.0	653.0	7104.0	0.0	0.0	93.0	1235.0	65.0	68.0	33.0	80.0	20.0	0.0	51.0	4.0	0.0	70.0	81.0	0.0	13.0	0.0	0.0	11.0	0.0	0.0	0.0	6.0	0.0	22.0	38.0	0.0	0.0	0.0	0.0	0.0	0.0	0.0	0.0	0.0	0.0
SRR5532636	284.0	113.0	723.0	332.0	271.0	0.0	1798.0	5060.0	648.0	8.0	3310.0	2932.0	535.0	6157.0	0.0	0.0	71.0	1165.0	42.0	125.0	12.0	6.0	17.0	0.0	32.0	0.0	0.0	70.0	26.0	0.0	0.0	0.0	0.0	12.0	0.0	0.0	0.0	0.0	0.0	27.0	7.0	0.0	0.0	0.0	0.0	0.0	0.0	0.0	0.0	0.0	0.0
SRR5532637	550.0	240.0	1044.0	516.0	480.0	41.0	2549.0	7027.0	939.0	8.0	5018.0	3888.0	931.0	9571.0	0.0	1.0	72.0	875.0	29.0	202.0	37.0	36.0	0.0	8.0	37.0	0.0	0.0	109.0	61.0	0.0	0.0	0.0	0.0	9.0	2.0	0.0	0.0	0.0	0.0	23.0	11.0	0.0	0.0	0.0	0.0	0.0	0.0	0.0	0.0	0.0	0.0
SRR5532638	6.0	115.0	43.0	447.0	25.0	0.0	3490.0	6165.0	28.0	0.0	1566.0	342.0	5.0	344.0	0.0	0.0	0.0	12.0	0.0	3.0	6.0	0.0	0.0	0.0	814.0	0.0	0.0	0.0	1.0	0.0	0.0	0.0	0.0	0.0	0.0	0.0	0.0	0.0	0.0	0.0	0.0	0.0	0.0	0.0	0.0	0.0	0.0	0.0	0.0	0.0	0.0
SRR5532639	6.0	23.0	147.0	719.0	26.0	0.0	2939.0	3856.0	24.0	0.0	3878.0	509.0	7.0	737.0	0.0	0.0	3.0	49.0	0.0	0.0	0.0	0.0	0.0	0.0	1005.0	0.0	0.0	0.0	0.0	0.0	0.0	0.0	0.0	0.0	0.0	0.0	0.0	0.0	0.0	0.0	0.0	0.0	0.0	0.0	0.0	0.0	0.0	0.0	0.0	0.0	0.0
SRR5532640	3.0	13.0	143.0	1117.0	8.0	0.0	1359.0	6707.0	90.0	0.0	1161.0	743.0	35.0	270.0	0.0	0.0	6.0	87.0	0.0	77.0	0.0	0.0	0.0	0.0	1185.0	0.0	0.0	0.0	0.0	0.0	0.0	0.0	0.0	0.0	0.0	0.0	0.0	0.0	0.0	0.0	0.0	0.0	0.0	0.0	0.0	0.0	0.0	0.0	0.0	0.0	0.0
SRR5532641	12.0	96.0	156.0	1176.0	16.0	0.0	3395.0	12471.0	25.0	0.0	1945.0	436.0	5.0	327.0	0.0	0.0	7.0	30.0	0.0	12.0	0.0	0.0	0.0	0.0	881.0	0.0	0.0	0.0	0.0	0.0	0.0	0.0	0.0	0.0	0.0	0.0	0.0	0.0	0.0	0.0	0.0	0.0	0.0	0.0	0.0	0.0	0.0	0.0	0.0	0.0	0.0
SRR5532642	9.0	347.0	154.0	757.0	58.0	0.0	1937.0	4246.0	120.0	0.0	4033.0	2313.0	82.0	206.0	0.0	0.0	23.0	51.0	0.0	11.0	17.0	0.0	0.0	0.0	150.0	0.0	0.0	0.0	0.0	0.0	0.0	0.0	0.0	0.0	0.0	0.0	0.0	0.0	0.0	0.0	0.0	0.0	0.0	0.0	0.0	0.0	0.0	0.0	0.0	0.0	0.0
SRR5532644	3.0	133.0	100.0	428.0	23.0	0.0	3170.0	5393.0	46.0	0.0	3181.0	2371.0	0.0	111.0	0.0	0.0	3.0	0.0	0.0	18.0	0.0	0.0	0.0	10.0	117.0	0.0	0.0	0.0	0.0	0.0	0.0	0.0	0.0	0.0	0.0	0.0	0.0	0.0	0.0	0.0	0.0	0.0	0.0	0.0	0.0	0.0	0.0	0.0	0.0	0.0	0.0
SRR5532645	7.0	173.0	119.0	475.0	14.0	0.0	3202.0	6719.0	72.0	0.0	3151.0	2390.0	0.0	304.0	0.0	0.0	5.0	186.0	0.0	18.0	7.0	0.0	0.0	10.0	183.0	0.0	0.0	0.0	0.0	0.0	0.0	0.0	0.0	0.0	0.0	0.0	0.0	0.0	0.0	0.0	0.0	0.0	0.0	0.0	0.0	0.0	0.0	0.0	0.0	0.0	0.0
SRR5532649	0.0	238.0	171.0	848.0	11.0	0.0	3801.0	4213.0	58.0	0.0	2586.0	2600.0	3.0	381.0	0.0	0.0	9.0	37.0	0.0	15.0	0.0	0.0	0.0	0.0	498.0	0.0	0.0	0.0	0.0	0.0	0.0	0.0	0.0	0.0	0.0	0.0	0.0	0.0	0.0	0.0	0.0	0.0	0.0	0.0	0.0	0.0	0.0	0.0	0.0	0.0	0.0
SRR5532650	5.0	281.0	108.0	574.0	30.0	0.0	1396.0	5544.0	98.0	0.0	4936.0	1934.0	12.0	667.0	0.0	0.0	23.0	17.0	0.0	17.0	0.0	0.0	0.0	22.0	1035.0	0.0	0.0	0.0	0.0	0.0	0.0	0.0	0.0	0.0	0.0	0.0	0.0	0.0	0.0	0.0	0.0	0.0	0.0	0.0	0.0	0.0	0.0	0.0	0.0	0.0	0.0
SRR5532651	0.0	714.0	60.0	533.0	0.0	0.0	1495.0	6432.0	32.0	0.0	3281.0	1673.0	0.0	191.0	0.0	0.0	0.0	35.0	0.0	0.0	0.0	0.0	0.0	0.0	13.0	0.0	0.0	0.0	0.0	0.0	8.0	0.0	0.0	0.0	0.0	0.0	0.0	0.0	0.0	0.0	0.0	0.0	0.0	0.0	0.0	0.0	0.0	0.0	0.0	0.0	0.0
SRR5532652	9.0	667.0	200.0	542.0	36.0	0.0	5233.0	2783.0	52.0	0.0	6930.0	3014.0	14.0	255.0	0.0	0.0	21.0	27.0	3.0	2.0	1.0	0.0	0.0	0.0	22.0	0.0	0.0	0.0	7.0	0.0	0.0	0.0	0.0	0.0	0.0	0.0	0.0	0.0	0.0	0.0	0.0	0.0	0.0	0.0	0.0	0.0	0.0	0.0	0.0	0.0	0.0
SRR5532653	6.0	85.0	100.0	1236.0	16.0	0.0	2318.0	3113.0	98.0	0.0	1636.0	1271.0	9.0	439.0	0.0	0.0	0.0	61.0	0.0	71.0	0.0	0.0	0.0	0.0	785.0	0.0	0.0	0.0	0.0	0.0	0.0	0.0	0.0	0.0	0.0	0.0	0.0	0.0	0.0	0.0	0.0	0.0	0.0	0.0	0.0	0.0	0.0	0.0	0.0	0.0	0.0
SRR5532654	9.0	185.0	155.0	5214.0	465.0	0.0	5655.0	17645.0	28.0	0.0	3051.0	544.0	5.0	311.0	0.0	0.0	0.0	57.0	1.0	26.0	0.0	0.0	0.0	0.0	1681.0	0.0	0.0	0.0	2.0	0.0	0.0	0.0	0.0	0.0	0.0	0.0	0.0	0.0	0.0	0.0	0.0	0.0	0.0	0.0	0.0	0.0	0.0	0.0	0.0	0.0	0.0
SRR5532655	2.0	443.0	128.0	697.0	5.0	0.0	2127.0	8411.0	65.0	0.0	1927.0	1165.0	0.0	156.0	0.0	0.0	11.0	52.0	3.0	9.0	0.0	1.0	0.0	3.0	706.0	0.0	0.0	0.0	0.0	0.0	0.0	0.0	0.0	0.0	0.0	0.0	0.0	0.0	0.0	0.0	0.0	0.0	0.0	0.0	0.0	0.0	0.0	0.0	0.0	0.0	0.0
SRR5532656	11.0	177.0	104.0	550.0	53.0	0.0	2117.0	5433.0	51.0	0.0	2856.0	2286.0	15.0	351.0	0.0	0.0	0.0	23.0	0.0	41.0	0.0	0.0	0.0	14.0	604.0	0.0	0.0	0.0	0.0	0.0	0.0	0.0	0.0	0.0	0.0	0.0	0.0	0.0	0.0	0.0	0.0	0.0	0.0	0.0	0.0	0.0	0.0	0.0	0.0	0.0	0.0
SRR5532659	7.0	1946.0	857.0	2216.0	617.0	0.0	6117.0	15927.0	680.0	17.0	3609.0	1192.0	156.0	3329.0	0.0	8.0	39.0	1489.0	11.0	22.0	1.0	4.0	5.0	18.0	571.0	0.0	0.0	13.0	13.0	4.0	0.0	0.0	0.0	0.0	0.0	0.0	0.0	0.0	0.0	0.0	0.0	0.0	0.0	0.0	0.0	0.0	0.0	0.0	0.0	0.0	0.0
SRR5532663	32.0	947.0	1050.0	1915.0	187.0	25.0	3191.0	14767.0	1359.0	35.0	3090.0	1979.0	303.0	5859.0	4.0	8.0	176.0	4438.0	27.0	62.0	44.0	19.0	18.0	20.0	321.0	0.0	0.0	13.0	66.0	0.0	29.0	0.0	0.0	0.0	0.0	0.0	0.0	0.0	0.0	0.0	0.0	0.0	0.0	0.0	24.0	0.0	0.0	0.0	0.0	0.0	0.0
SRR5532664	24.0	242.0	88.0	266.0	104.0	0.0	620.0	2784.0	27.0	3.0	961.0	13893.0	12.0	557.0	0.0	0.0	9.0	11.0	0.0	0.0	8.0	9.0	4.0	0.0	2.0	0.0	0.0	2.0	15.0	0.0	0.0	0.0	0.0	0.0	0.0	0.0	12.0	0.0	0.0	0.0	0.0	0.0	0.0	0.0	0.0	0.0	0.0	0.0	0.0	0.0	0.0
SRR5532665	18.0	148.0	124.0	299.0	28.0	0.0	1241.0	2618.0	80.0	0.0	758.0	5457.0	18.0	731.0	0.0	0.0	15.0	4.0	3.0	3.0	5.0	0.0	0.0	0.0	15.0	0.0	0.0	2.0	0.0	0.0	0.0	0.0	0.0	0.0	0.0	0.0	0.0	0.0	0.0	0.0	0.0	0.0	0.0	0.0	0.0	0.0	0.0	0.0	0.0	0.0	0.0
SRR5532666	57.0	1244.0	499.0	1421.0	350.0	0.0	13825.0	9172.0	380.0	9.0	5783.0	1890.0	98.0	1349.0	0.0	0.0	36.0	1407.0	11.0	23.0	48.0	13.0	11.0	24.0	45.0	0.0	0.0	2.0	7.0	0.0	28.0	4.0	0.0	3.0	0.0	0.0	0.0	2.0	0.0	0.0	36.0	0.0	0.0	0.0	0.0	0.0	0.0	0.0	0.0	0.0	0.0
SRR5532667	374.0	2514.0	1977.0	3300.0	1501.0	32.0	1084.0	15975.0	1788.0	33.0	5296.0	3609.0	295.0	8615.0	0.0	67.0	310.0	3074.0	110.0	170.0	103.0	86.0	100.0	41.0	407.0	0.0	0.0	134.0	507.0	0.0	15.0	0.0	0.0	0.0	0.0	5.0	18.0	0.0	0.0	0.0	0.0	16.0	21.0	3.0	24.0	0.0	0.0	0.0	0.0	0.0	0.0
SRR5532668	162.0	1124.0	1181.0	1540.0	820.0	39.0	1564.0	10036.0	1075.0	109.0	3819.0	2261.0	256.0	8609.0	0.0	49.0	284.0	3666.0	114.0	101.0	42.0	45.0	45.0	34.0	305.0	0.0	0.0	167.0	435.0	0.0	15.0	0.0	0.0	0.0	0.0	0.0	0.0	0.0	4.0	0.0	0.0	16.0	11.0	1.0	32.0	0.0	0.0	0.0	0.0	0.0	0.0
SRR5532669	415.0	3358.0	1126.0	2339.0	1158.0	49.0	798.0	7968.0	989.0	73.0	3184.0	2254.0	341.0	6419.0	0.0	21.0	75.0	2037.0	49.0	35.0	39.0	55.0	49.0	62.0	102.0	0.0	0.0	73.0	145.0	0.0	56.0	6.0	0.0	0.0	0.0	0.0	9.0	178.0	0.0	0.0	0.0	17.0	0.0	0.0	5.0	0.0	0.0	0.0	3.0	0.0	0.0
SRR5532670	299.0	3437.0	1371.0	4290.0	1361.0	39.0	585.0	14542.0	1061.0	53.0	2429.0	2253.0	260.0	5688.0	5.0	10.0	553.0	1561.0	44.0	85.0	29.0	18.0	0.0	44.0	187.0	0.0	2.0	57.0	121.0	5.0	19.0	0.0	0.0	0.0	0.0	0.0	0.0	238.0	0.0	0.0	0.0	7.0	0.0	5.0	0.0	0.0	0.0	0.0	0.0	0.0	0.0
SRR5532671	89.0	3671.0	970.0	2049.0	927.0	23.0	2627.0	4820.0	1049.0	151.0	5572.0	6372.0	645.0	8007.0	4.0	16.0	110.0	3773.0	163.0	67.0	298.0	119.0	34.0	52.0	72.0	0.0	0.0	241.0	148.0	0.0	10.0	11.0	0.0	9.0	0.0	0.0	10.0	0.0	0.0	0.0	126.0	12.0	0.0	2.0	0.0	0.0	0.0	0.0	0.0	0.0	0.0
SRR5532672	142.0	2409.0	1144.0	2018.0	800.0	47.0	2435.0	10704.0	2123.0	333.0	5813.0	5069.0	468.0	8727.0	0.0	23.0	300.0	5302.0	174.0	200.0	192.0	54.0	47.0	61.0	111.0	0.0	0.0	209.0	273.0	6.0	17.0	0.0	0.0	7.0	0.0	0.0	12.0	0.0	0.0	0.0	13.0	15.0	12.0	0.0	0.0	0.0	0.0	0.0	0.0	0.0	0.0
SRR5532673	174.0	5308.0	1073.0	2296.0	956.0	46.0	1615.0	8731.0	924.0	104.0	4081.0	4517.0	422.0	6042.0	0.0	0.0	44.0	2830.0	100.0	83.0	129.0	71.0	19.0	61.0	55.0	0.0	0.0	71.0	95.0	0.0	22.0	0.0	0.0	0.0	0.0	0.0	8.0	1042.0	0.0	0.0	9.0	8.0	0.0	3.0	0.0	2.0	0.0	0.0	0.0	0.0	0.0
SRR5532674	180.0	2465.0	952.0	1522.0	728.0	25.0	2141.0	12823.0	1158.0	155.0	3600.0	4570.0	410.0	7744.0	0.0	14.0	65.0	4850.0	78.0	93.0	79.0	32.0	19.0	55.0	71.0	0.0	0.0	123.0	144.0	0.0	15.0	5.0	0.0	4.0	0.0	0.0	4.0	157.0	0.0	0.0	22.0	15.0	0.0	0.0	0.0	0.0	0.0	0.0	0.0	0.0	0.0
SRR5532675	216.0	399.0	1521.0	424.0	424.0	27.0	4558.0	7218.0	1143.0	0.0	6156.0	3786.0	864.0	7357.0	0.0	0.0	65.0	821.0	19.0	91.0	10.0	48.0	0.0	0.0	24.0	0.0	0.0	101.0	41.0	0.0	0.0	0.0	0.0	0.0	0.0	0.0	0.0	0.0	0.0	38.0	7.0	0.0	2.0	0.0	0.0	0.0	0.0	0.0	0.0	0.0	1.0
SRR5532676	493.0	190.0	687.0	258.0	480.0	22.0	3307.0	5273.0	546.0	0.0	2857.0	3298.0	404.0	4066.0	5.0	0.0	83.0	373.0	28.0	81.0	22.0	17.0	0.0	0.0	34.0	0.0	0.0	82.0	28.0	0.0	0.0	0.0	0.0	9.0	0.0	0.0	0.0	0.0	0.0	14.0	0.0	2.0	0.0	0.0	0.0	0.0	0.0	0.0	0.0	0.0	0.0
SRR5532677	388.0	1897.0	2949.0	1370.0	1746.0	59.0	1332.0	11662.0	1699.0	125.0	7845.0	4722.0	997.0	13885.0	12.0	7.0	156.0	2207.0	131.0	148.0	109.0	110.0	42.0	32.0	102.0	0.0	0.0	419.0	95.0	0.0	5.0	8.0	6.0	0.0	4.0	5.0	59.0	4.0	0.0	15.0	38.0	2.0	0.0	32.0	0.0	0.0	0.0	0.0	0.0	0.0	0.0
SRR5532678	390.0	1198.0	3344.0	1265.0	2356.0	52.0	1849.0	12129.0	731.0	36.0	6202.0	6621.0	522.0	10247.0	3.0	6.0	155.0	1089.0	112.0	229.0	146.0	96.0	30.0	1.0	83.0	0.0	0.0	275.0	237.0	0.0	0.0	7.0	0.0	30.0	1.0	0.0	21.0	0.0	0.0	22.0	17.0	0.0	0.0	7.0	0.0	0.0	0.0	0.0	0.0	0.0	0.0
SRR5532679	5.0	282.0	286.0	1202.0	28.0	0.0	2497.0	13142.0	365.0	0.0	1986.0	834.0	16.0	536.0	6.0	0.0	7.0	35.0	0.0	20.0	5.0	2.0	0.0	0.0	2107.0	0.0	0.0	0.0	4.0	0.0	0.0	0.0	0.0	0.0	0.0	0.0	0.0	0.0	0.0	0.0	0.0	0.0	0.0	0.0	0.0	0.0	0.0	0.0	0.0	0.0	0.0
SRR5532680	4.0	57.0	141.0	866.0	0.0	0.0	1611.0	5638.0	22.0	0.0	2268.0	1038.0	5.0	303.0	0.0	0.0	0.0	75.0	0.0	14.0	0.0	0.0	0.0	0.0	1007.0	0.0	0.0	0.0	0.0	0.0	0.0	0.0	0.0	0.0	0.0	0.0	0.0	0.0	0.0	0.0	0.0	0.0	0.0	0.0	0.0	0.0	0.0	0.0	0.0	0.0	0.0
SRR5532681	2.0	55.0	124.0	1480.0	10.0	0.0	4513.0	5475.0	25.0	0.0	2731.0	542.0	1.0	859.0	0.0	0.0	2.0	56.0	0.0	13.0	0.0	0.0	0.0	0.0	2592.0	0.0	0.0	0.0	0.0	0.0	0.0	0.0	0.0	0.0	0.0	0.0	0.0	15.0	0.0	0.0	0.0	0.0	0.0	0.0	0.0	0.0	0.0	0.0	0.0	0.0	0.0
SRR5532682	4.0	133.0	39.0	665.0	23.0	0.0	7846.0	3057.0	0.0	0.0	1288.0	140.0	0.0	137.0	0.0	0.0	0.0	9.0	0.0	0.0	0.0	0.0	0.0	0.0	828.0	0.0	0.0	0.0	0.0	0.0	4.0	0.0	0.0	0.0	0.0	0.0	0.0	0.0	0.0	0.0	0.0	0.0	0.0	0.0	0.0	0.0	0.0	0.0	0.0	0.0	0.0
SRR5532683	147.0	1649.0	656.0	1342.0	918.0	28.0	972.0	6373.0	768.0	48.0	3326.0	1821.0	310.0	4506.0	3.0	38.0	165.0	1739.0	39.0	14.0	19.0	30.0	17.0	79.0	63.0	0.0	0.0	46.0	214.0	0.0	72.0	2.0	0.0	0.0	0.0	0.0	15.0	381.0	0.0	0.0	0.0	8.0	0.0	0.0	9.0	0.0	0.0	0.0	0.0	0.0	0.0
SRR5532684	132.0	1626.0	1026.0	2179.0	982.0	43.0	632.0	8508.0	974.0	135.0	2562.0	2061.0	133.0	4981.0	0.0	3.0	168.0	1671.0	26.0	2.0	25.0	60.0	28.0	45.0	108.0	0.0	0.0	265.0	125.0	0.0	17.0	0.0	0.0	0.0	0.0	0.0	0.0	47.0	0.0	4.0	0.0	0.0	0.0	0.0	1.0	0.0	0.0	0.0	0.0	0.0	0.0
SRR5532685	98.0	1311.0	1073.0	1744.0	881.0	0.0	753.0	9134.0	880.0	78.0	3998.0	2231.0	234.0	4890.0	0.0	41.0	278.0	1860.0	51.0	55.0	63.0	22.0	38.0	40.0	120.0	0.0	0.0	116.0	269.0	0.0	47.0	0.0	0.0	0.0	0.0	0.0	13.0	0.0	0.0	0.0	0.0	19.0	0.0	9.0	30.0	0.0	0.0	0.0	0.0	0.0	0.0
SRR5532686	42.0	195.0	1119.0	2700.0	332.0	2.0	1086.0	9749.0	919.0	101.0	2890.0	1777.0	201.0	4881.0	0.0	8.0	1837.0	2690.0	80.0	104.0	7.0	7.0	0.0	42.0	234.0	0.0	0.0	81.0	102.0	0.0	0.0	0.0	0.0	18.0	0.0	0.0	0.0	0.0	0.0	0.0	0.0	0.0	0.0	0.0	1.0	0.0	0.0	0.0	0.0	0.0	0.0
SRR5532687	25.0	881.0	554.0	526.0	306.0	5.0	1177.0	5184.0	211.0	4.0	3826.0	14794.0	57.0	2131.0	0.0	0.0	45.0	75.0	3.0	0.0	60.0	17.0	0.0	4.0	28.0	0.0	0.0	52.0	6.0	0.0	0.0	0.0	0.0	0.0	13.0	0.0	25.0	0.0	0.0	0.0	2.0	0.0	0.0	0.0	0.0	0.0	0.0	0.0	0.0	0.0	0.0
SRR5532688	47.0	219.0	655.0	220.0	242.0	0.0	1478.0	2132.0	143.0	2.0	1819.0	9203.0	77.0	1287.0	0.0	0.0	58.0	34.0	0.0	6.0	5.0	4.0	0.0	0.0	34.0	0.0	0.0	6.0	4.0	0.0	0.0	0.0	0.0	4.0	0.0	0.0	4.0	0.0	0.0	1.0	0.0	0.0	0.0	0.0	0.0	0.0	0.0	0.0	0.0	0.0	0.0
SRR5532689	47.0	73.0	205.0	186.0	90.0	0.0	813.0	1774.0	85.0	5.0	1751.0	12840.0	36.0	1176.0	1.0	0.0	6.0	34.0	4.0	18.0	23.0	11.0	8.0	0.0	7.0	0.0	0.0	19.0	28.0	0.0	0.0	0.0	0.0	0.0	0.0	0.0	11.0	0.0	0.0	0.0	0.0	0.0	0.0	0.0	0.0	0.0	0.0	0.0	0.0	0.0	0.0
SRR5532690	22.0	545.0	131.0	378.0	249.0	0.0	1590.0	8126.0	57.0	0.0	1766.0	16244.0	33.0	1152.0	0.0	0.0	35.0	9.0	8.0	20.0	103.0	5.0	5.0	0.0	10.0	0.0	0.0	9.0	102.0	0.0	0.0	0.0	0.0	0.0	11.0	0.0	18.0	0.0	0.0	0.0	0.0	0.0	0.0	0.0	0.0	0.0	0.0	0.0	0.0	0.0	0.0
SRR5532691	222.0	4701.0	1367.0	2904.0	1068.0	24.0	1402.0	9348.0	1153.0	126.0	4968.0	4742.0	568.0	5788.0	0.0	18.0	127.0	2924.0	74.0	2.0	194.0	53.0	13.0	64.0	100.0	0.0	0.0	59.0	85.0	0.0	22.0	10.0	0.0	0.0	0.0	0.0	7.0	210.0	0.0	0.0	21.0	7.0	0.0	0.0	0.0	0.0	0.0	0.0	0.0	0.0	0.0
SRR5532692	79.0	1817.0	677.0	2273.0	943.0	36.0	1535.0	8527.0	686.0	2.0	2394.0	3393.0	245.0	3669.0	0.0	4.0	158.0	2409.0	96.0	40.0	176.0	50.0	37.0	30.0	25.0	0.0	0.0	60.0	56.0	0.0	17.0	0.0	0.0	2.0	0.0	0.0	0.0	0.0	0.0	0.0	12.0	0.0	0.0	0.0	0.0	0.0	0.0	0.0	0.0	0.0	0.0
SRR5532693	137.0	690.0	1255.0	420.0	457.0	1.0	1499.0	3837.0	1064.0	123.0	9371.0	3261.0	630.0	9937.0	4.0	0.0	90.0	958.0	64.0	8.0	97.0	83.0	23.0	12.0	21.0	0.0	0.0	250.0	238.0	0.0	0.0	4.0	0.0	6.0	9.0	1.0	0.0	0.0	0.0	61.0	9.0	0.0	3.0	0.0	0.0	0.0	0.0	0.0	0.0	0.0	0.0
SRR5532694	169.0	390.0	719.0	2082.0	321.0	23.0	2679.0	8444.0	932.0	30.0	2615.0	1403.0	211.0	3515.0	0.0	12.0	121.0	4674.0	35.0	41.0	0.0	2.0	14.0	11.0	440.0	0.0	0.0	47.0	92.0	0.0	4.0	3.0	0.0	0.0	0.0	0.0	0.0	0.0	0.0	0.0	0.0	0.0	0.0	0.0	17.0	0.0	0.0	0.0	0.0	0.0	0.0
SRR5532695	67.0	225.0	744.0	661.0	255.0	35.0	3396.0	7500.0	2307.0	155.0	5704.0	2399.0	528.0	12060.0	0.0	1.0	605.0	5777.0	103.0	148.0	21.0	19.0	26.0	37.0	0.0	0.0	0.0	92.0	229.0	0.0	0.0	0.0	0.0	29.0	0.0	2.0	0.0	0.0	0.0	0.0	0.0	0.0	34.0	0.0	9.0	0.0	0.0	0.0	0.0	0.0	0.0
SRR5532696	249.0	1323.0	2191.0	1249.0	1613.0	54.0	2143.0	12526.0	1581.0	113.0	7339.0	7541.0	641.0	12714.0	0.0	0.0	178.0	1695.0	153.0	215.0	211.0	98.0	50.0	26.0	77.0	0.0	0.0	431.0	699.0	0.0	0.0	0.0	0.0	20.0	24.0	0.0	47.0	0.0	0.0	42.0	131.0	0.0	15.0	13.0	0.0	0.0	0.0	0.0	0.0	0.0	0.0
SRR5532697	490.0	4064.0	1226.0	1551.0	1111.0	101.0	1851.0	3794.0	1628.0	203.0	13000.0	5808.0	1524.0	14575.0	0.0	7.0	261.0	1032.0	199.0	62.0	487.0	329.0	39.0	60.0	119.0	0.0	0.0	537.0	84.0	0.0	25.0	21.0	4.0	0.0	21.0	0.0	102.0	0.0	0.0	7.0	86.0	3.0	0.0	22.0	0.0	0.0	0.0	0.0	0.0	0.0	0.0
SRR5532698	2.0	566.0	171.0	669.0	170.0	0.0	207.0	22789.0	119.0	11.0	538.0	766.0	20.0	178.0	0.0	0.0	53.0	8.0	0.0	20.0	10.0	0.0	0.0	0.0	37.0	0.0	0.0	0.0	7.0	0.0	0.0	0.0	0.0	0.0	0.0	0.0	0.0	339.0	0.0	0.0	0.0	0.0	0.0	0.0	0.0	0.0	0.0	0.0	0.0	0.0	0.0
SRR5532699	10.0	1333.0	50.0	460.0	109.0	0.0	241.0	28248.0	23.0	0.0	768.0	2072.0	4.0	287.0	0.0	0.0	0.0	15.0	0.0	0.0	17.0	0.0	0.0	7.0	42.0	0.0	0.0	0.0	0.0	0.0	0.0	0.0	0.0	0.0	0.0	0.0	0.0	18355.0	0.0	0.0	0.0	0.0	0.0	0.0	0.0	0.0	0.0	0.0	0.0	0.0	0.0
SRR5532700	6.0	120.0	231.0	971.0	45.0	0.0	306.0	7639.0	19.0	0.0	2523.0	1910.0	2.0	324.0	0.0	0.0	3.0	0.0	16.0	3.0	0.0	0.0	0.0	0.0	1380.0	0.0	0.0	0.0	5.0	0.0	0.0	0.0	0.0	0.0	0.0	0.0	0.0	0.0	0.0	0.0	0.0	0.0	0.0	0.0	11.0	0.0	2.0	0.0	0.0	0.0	0.0
SRR5532701	29.0	650.0	774.0	1790.0	254.0	0.0	707.0	15748.0	166.0	1.0	3489.0	12908.0	25.0	660.0	0.0	1.0	13.0	87.0	11.0	165.0	44.0	0.0	0.0	0.0	307.0	0.0	0.0	0.0	91.0	0.0	4.0	0.0	0.0	0.0	0.0	0.0	4.0	0.0	0.0	0.0	0.0	0.0	0.0	0.0	0.0	0.0	0.0	0.0	0.0	0.0	0.0
SRR5532702	28.0	1071.0	170.0	746.0	81.0	0.0	785.0	12903.0	145.0	29.0	1155.0	3346.0	33.0	639.0	0.0	0.0	18.0	125.0	17.0	4.0	20.0	5.0	0.0	0.0	123.0	0.0	0.0	7.0	0.0	0.0	17.0	0.0	0.0	0.0	0.0	0.0	0.0	140.0	0.0	0.0	0.0	0.0	0.0	0.0	0.0	0.0	0.0	0.0	0.0	0.0	0.0
SRR5532703	13.0	1619.0	213.0	1736.0	247.0	0.0	233.0	11153.0	34.0	38.0	2244.0	3331.0	43.0	503.0	0.0	0.0	9.0	41.0	13.0	0.0	70.0	6.0	0.0	6.0	152.0	0.0	0.0	0.0	7.0	0.0	0.0	0.0	0.0	3.0	0.0	0.0	12.0	1422.0	0.0	0.0	0.0	0.0	0.0	0.0	0.0	0.0	0.0	0.0	0.0	0.0	0.0
SRR5532704	2.0	381.0	197.0	804.0	28.0	0.0	550.0	6431.0	14.0	0.0	1994.0	17587.0	1.0	319.0	0.0	2.0	23.0	0.0	16.0	26.0	43.0	0.0	0.0	0.0	95.0	0.0	0.0	0.0	2.0	0.0	0.0	0.0	0.0	0.0	7.0	0.0	8.0	0.0	0.0	0.0	0.0	0.0	0.0	0.0	0.0	0.0	0.0	0.0	0.0	0.0	0.0
SRR5532705	24.0	1556.0	167.0	585.0	132.0	0.0	358.0	4554.0	119.0	9.0	1925.0	23644.0	34.0	615.0	0.0	0.0	10.0	125.0	9.0	2.0	17.0	0.0	0.0	6.0	105.0	0.0	0.0	2.0	9.0	0.0	0.0	5.0	0.0	0.0	0.0	0.0	2.0	20.0	0.0	0.0	0.0	0.0	0.0	0.0	0.0	0.0	0.0	0.0	0.0	0.0	0.0
SRR5532706	57.0	1405.0	1161.0	2528.0	381.0	7.0	9370.0	13107.0	1360.0	33.0	6512.0	2971.0	255.0	3405.0	0.0	0.0	55.0	4637.0	11.0	93.0	24.0	9.0	4.0	43.0	763.0	0.0	0.0	17.0	72.0	0.0	9.0	0.0	0.0	4.0	0.0	0.0	0.0	0.0	0.0	0.0	10.0	0.0	0.0	0.0	0.0	0.0	0.0	0.0	0.0	0.0	0.0
SRR5532707	24.0	915.0	769.0	1434.0	325.0	0.0	6319.0	9191.0	1575.0	28.0	4885.0	2041.0	293.0	3926.0	2.0	1.0	64.0	6277.0	20.0	45.0	35.0	12.0	7.0	39.0	202.0	0.0	0.0	9.0	50.0	3.0	10.0	0.0	0.0	0.0	0.0	0.0	0.0	6.0	0.0	0.0	12.0	0.0	3.0	0.0	0.0	0.0	0.0	0.0	0.0	0.0	0.0
SRR5532708	263.0	1025.0	1351.0	621.0	1482.0	3.0	867.0	7106.0	505.0	39.0	4708.0	3436.0	486.0	6580.0	11.0	0.0	107.0	799.0	68.0	99.0	61.0	31.0	16.0	9.0	50.0	0.0	0.0	275.0	206.0	0.0	0.0	0.0	8.0	9.0	0.0	0.0	13.0	7.0	0.0	4.0	81.0	0.0	0.0	7.0	0.0	0.0	0.0	0.0	0.0	0.0	0.0
SRR5532709	286.0	1283.0	1882.0	634.0	2047.0	23.0	878.0	6997.0	623.0	41.0	7674.0	3024.0	693.0	8610.0	13.0	3.0	47.0	1073.0	54.0	53.0	63.0	54.0	29.0	17.0	24.0	0.0	0.0	248.0	98.0	0.0	6.0	2.0	0.0	0.0	2.0	0.0	8.0	96.0	4.0	14.0	10.0	9.0	0.0	0.0	0.0	0.0	0.0	0.0	0.0	0.0	0.0
SRR5532710	32.0	990.0	958.0	1373.0	516.0	14.0	1656.0	7845.0	1627.0	96.0	3768.0	2896.0	405.0	5600.0	0.0	1.0	818.0	3403.0	152.0	94.0	101.0	74.0	23.0	88.0	112.0	0.0	0.0	58.0	110.0	0.0	10.0	3.0	0.0	0.0	0.0	0.0	0.0	0.0	0.0	0.0	10.0	16.0	0.0	0.0	0.0	0.0	0.0	0.0	0.0	0.0	0.0
SRR5532711	114.0	2505.0	974.0	1910.0	776.0	25.0	1394.0	9818.0	861.0	48.0	3871.0	4519.0	251.0	5189.0	2.0	11.0	243.0	3612.0	38.0	14.0	71.0	20.0	0.0	20.0	26.0	0.0	0.0	115.0	71.0	0.0	23.0	20.0	0.0	0.0	0.0	0.0	5.0	48.0	0.0	0.0	12.0	0.0	0.0	0.0	0.0	0.0	0.0	0.0	0.0	0.0	0.0
SRR5532712	15.0	1237.0	106.0	929.0	136.0	1.0	415.0	12336.0	18.0	0.0	748.0	680.0	7.0	146.0	0.0	0.0	6.0	24.0	0.0	7.0	43.0	2.0	0.0	0.0	120.0	0.0	0.0	0.0	2.0	0.0	0.0	0.0	0.0	0.0	0.0	0.0	0.0	39.0	0.0	0.0	0.0	0.0	0.0	0.0	0.0	0.0	0.0	0.0	0.0	0.0	0.0
SRR5532713	76.0	1046.0	226.0	1964.0	335.0	11.0	1028.0	7250.0	177.0	15.0	3071.0	6359.0	27.0	1019.0	0.0	0.0	0.0	214.0	6.0	25.0	116.0	2.0	5.0	5.0	248.0	3.0	0.0	0.0	38.0	0.0	27.0	3.0	0.0	0.0	0.0	0.0	10.0	388.0	0.0	0.0	0.0	0.0	0.0	0.0	0.0	0.0	0.0	0.0	0.0	0.0	0.0
SRR5532714	232.0	480.0	1429.0	621.0	901.0	31.0	1219.0	6911.0	741.0	51.0	3993.0	3977.0	489.0	8984.0	2.0	0.0	89.0	693.0	76.0	160.0	71.0	44.0	16.0	14.0	23.0	0.0	4.0	102.0	264.0	0.0	5.0	0.0	0.0	15.0	10.0	0.0	7.0	0.0	0.0	35.0	21.0	0.0	0.0	0.0	0.0	0.0	0.0	0.0	0.0	0.0	0.0
SRR5532715	265.0	417.0	1579.0	721.0	627.0	35.0	1028.0	6480.0	962.0	46.0	5528.0	2921.0	635.0	7483.0	0.0	0.0	77.0	646.0	50.0	89.0	55.0	45.0	22.0	18.0	29.0	4.0	0.0	153.0	75.0	0.0	0.0	0.0	0.0	19.0	0.0	1.0	0.0	0.0	0.0	17.0	19.0	0.0	7.0	2.0	0.0	0.0	0.0	0.0	0.0	1.0	0.0
SRR5532716	17.0	74.0	290.0	1335.0	52.0	0.0	2290.0	8318.0	170.0	0.0	2073.0	1782.0	11.0	350.0	0.0	0.0	273.0	49.0	16.0	169.0	8.0	0.0	0.0	0.0	1122.0	0.0	0.0	2.0	1.0	0.0	0.0	0.0	0.0	5.0	0.0	0.0	0.0	0.0	0.0	0.0	0.0	0.0	0.0	0.0	0.0	0.0	0.0	0.0	0.0	0.0	0.0
SRR5532717	18.0	313.0	193.0	991.0	155.0	0.0	831.0	7996.0	108.0	0.0	2649.0	14100.0	5.0	614.0	0.0	7.0	0.0	33.0	6.0	142.0	49.0	0.0	9.0	9.0	106.0	0.0	0.0	17.0	138.0	0.0	0.0	0.0	0.0	0.0	0.0	0.0	0.0	0.0	0.0	0.0	0.0	0.0	0.0	0.0	2.0	0.0	0.0	0.0	0.0	0.0	0.0
SRR5532718	38.0	1143.0	848.0	471.0	616.0	6.0	10918.0	3861.0	951.0	30.0	10518.0	2802.0	553.0	4093.0	0.0	2.0	47.0	483.0	24.0	42.0	30.0	48.0	24.0	2.0	28.0	0.0	0.0	95.0	17.0	0.0	24.0	6.0	0.0	7.0	0.0	0.0	14.0	0.0	0.0	10.0	24.0	0.0	0.0	0.0	0.0	0.0	0.0	0.0	0.0	0.0	0.0
SRR5532719	94.0	1531.0	1413.0	695.0	1062.0	27.0	9460.0	8196.0	1241.0	13.0	8556.0	3750.0	688.0	6011.0	0.0	1.0	127.0	1226.0	64.0	4.0	30.0	38.0	16.0	0.0	21.0	0.0	0.0	192.0	66.0	0.0	0.0	4.0	0.0	6.0	0.0	0.0	12.0	0.0	0.0	28.0	0.0	0.0	0.0	0.0	0.0	0.0	0.0	0.0	0.0	0.0	0.0
SRR5532720	110.0	814.0	710.0	3075.0	252.0	0.0	4540.0	17859.0	2849.0	68.0	6189.0	619.0	516.0	8086.0	0.0	6.0	381.0	4320.0	20.0	24.0	0.0	21.0	5.0	94.0	86.0	0.0	0.0	23.0	32.0	0.0	28.0	1.0	0.0	0.0	0.0	0.0	0.0	0.0	0.0	0.0	0.0	0.0	0.0	0.0	0.0	0.0	0.0	0.0	0.0	0.0	0.0
SRR5532721	14.0	731.0	41.0	959.0	113.0	0.0	350.0	11909.0	16.0	0.0	539.0	1131.0	4.0	107.0	0.0	0.0	6.0	17.0	0.0	0.0	17.0	0.0	0.0	0.0	39.0	0.0	0.0	0.0	0.0	0.0	6.0	0.0	0.0	0.0	0.0	0.0	0.0	400.0	0.0	0.0	0.0	0.0	0.0	0.0	0.0	0.0	0.0	0.0	0.0	0.0	0.0
SRR5532724	0.0	14.0	72.0	418.0	33.0	0.0	448.0	5595.0	28.0	0.0	816.0	3164.0	0.0	277.0	0.0	4.0	0.0	10.0	0.0	20.0	12.0	0.0	0.0	0.0	165.0	0.0	0.0	3.0	7.0	0.0	0.0	0.0	0.0	0.0	0.0	0.0	7.0	0.0	0.0	0.0	0.0	0.0	0.0	0.0	0.0	0.0	0.0	0.0	0.0	0.0	0.0
SRR5532725	5.0	484.0	246.0	925.0	94.0	2.0	642.0	3168.0	85.0	0.0	1894.0	11891.0	54.0	705.0	0.0	0.0	6.0	106.0	10.0	42.0	7.0	11.0	0.0	0.0	39.0	0.0	0.0	2.0	2.0	0.0	0.0	0.0	0.0	0.0	0.0	0.0	3.0	0.0	0.0	0.0	0.0	0.0	0.0	0.0	0.0	0.0	0.0	0.0	0.0	0.0	0.0
SRR5532727	2.0	845.0	226.0	280.0	56.0	0.0	164.0	17560.0	15.0	0.0	592.0	5236.0	8.0	189.0	0.0	0.0	0.0	12.0	0.0	11.0	17.0	0.0	0.0	1.0	26.0	0.0	0.0	0.0	0.0	0.0	0.0	0.0	0.0	0.0	0.0	0.0	14.0	0.0	0.0	0.0	0.0	0.0	0.0	0.0	0.0	0.0	0.0	0.0	0.0	0.0	0.0
SRR5532728	0.0	106.0	79.0	583.0	7.0	0.0	110.0	4437.0	13.0	0.0	1068.0	14111.0	3.0	194.0	0.0	0.0	11.0	0.0	3.0	19.0	9.0	1.0	0.0	0.0	44.0	0.0	0.0	0.0	0.0	0.0	0.0	0.0	0.0	0.0	0.0	0.0	13.0	0.0	0.0	0.0	0.0	0.0	0.0	0.0	0.0	0.0	0.0	0.0	0.0	0.0	0.0
SRR5532729	2.0	142.0	60.0	85.0	98.0	0.0	949.0	494.0	50.0	0.0	888.0	9862.0	47.0	597.0	0.0	0.0	8.0	22.0	0.0	0.0	0.0	8.0	0.0	0.0	7.0	0.0	0.0	18.0	0.0	0.0	0.0	0.0	0.0	0.0	0.0	0.0	6.0	0.0	0.0	0.0	0.0	0.0	0.0	0.0	0.0	0.0	0.0	0.0	0.0	0.0	0.0
SRR5532730	21.0	123.0	144.0	188.0	57.0	0.0	868.0	1073.0	26.0	0.0	1135.0	9730.0	25.0	597.0	0.0	0.0	0.0	24.0	0.0	0.0	0.0	8.0	0.0	0.0	11.0	0.0	0.0	6.0	2.0	0.0	0.0	0.0	0.0	0.0	0.0	0.0	0.0	0.0	0.0	0.0	0.0	0.0	0.0	0.0	0.0	0.0	0.0	0.0	0.0	0.0	0.0
SRR5532731	81.0	969.0	1015.0	1888.0	755.0	15.0	5451.0	12796.0	1178.0	23.0	4225.0	1278.0	165.0	3646.0	0.0	9.0	88.0	2684.0	19.0	90.0	32.0	0.0	7.0	19.0	704.0	0.0	0.0	30.0	9.0	0.0	11.0	0.0	0.0	3.0	0.0	0.0	0.0	0.0	0.0	0.0	0.0	0.0	0.0	0.0	0.0	0.0	0.0	0.0	0.0	0.0	0.0
SRR5532732	38.0	754.0	502.0	2116.0	147.0	1.0	3778.0	11186.0	2321.0	118.0	6337.0	629.0	533.0	8938.0	0.0	7.0	66.0	6159.0	7.0	10.0	0.0	35.0	11.0	80.0	16.0	0.0	0.0	55.0	43.0	0.0	32.0	0.0	0.0	0.0	0.0	0.0	0.0	0.0	0.0	0.0	0.0	0.0	0.0	0.0	0.0	0.0	0.0	0.0	0.0	0.0	0.0
SRR5532733	21.0	510.0	186.0	892.0	33.0	0.0	3359.0	4660.0	36.0	0.0	2105.0	3460.0	8.0	193.0	0.0	0.0	17.0	12.0	0.0	0.0	17.0	0.0	0.0	0.0	210.0	0.0	0.0	0.0	0.0	0.0	0.0	0.0	0.0	0.0	0.0	0.0	0.0	0.0	0.0	0.0	6.0	0.0	0.0	0.0	0.0	0.0	0.0	0.0	0.0	0.0	0.0
SRR5532734	102.0	591.0	954.0	597.0	503.0	22.0	1183.0	5208.0	574.0	25.0	3718.0	3294.0	361.0	6426.0	0.0	0.0	77.0	662.0	45.0	71.0	58.0	66.0	10.0	10.0	49.0	0.0	0.0	244.0	121.0	0.0	9.0	0.0	0.0	12.0	0.0	0.0	9.0	0.0	0.0	43.0	49.0	0.0	0.0	12.0	0.0	0.0	0.0	0.0	0.0	0.0	0.0
SRR5532735	164.0	298.0	1093.0	629.0	325.0	29.0	1386.0	6071.0	1141.0	30.0	3579.0	2669.0	434.0	9276.0	17.0	0.0	65.0	547.0	59.0	107.0	43.0	17.0	12.0	3.0	14.0	2.0	3.0	123.0	59.0	0.0	0.0	0.0	0.0	1.0	0.0	0.0	0.0	0.0	0.0	27.0	11.0	0.0	0.0	0.0	0.0	0.0	0.0	0.0	0.0	0.0	0.0
SRR5532736	73.0	1048.0	859.0	1245.0	651.0	27.0	1915.0	8157.0	1423.0	99.0	3974.0	3731.0	484.0	6822.0	0.0	14.0	318.0	2907.0	75.0	36.0	117.0	75.0	34.0	43.0	64.0	0.0	0.0	113.0	237.0	0.0	17.0	17.0	0.0	0.0	0.0	16.0	5.0	0.0	0.0	0.0	22.0	0.0	0.0	0.0	0.0	0.0	0.0	0.0	0.0	0.0	0.0
SRR5532737	54.0	1011.0	630.0	1279.0	551.0	21.0	1510.0	7882.0	1013.0	106.0	2678.0	3597.0	388.0	5396.0	0.0	11.0	343.0	3410.0	31.0	68.0	68.0	40.0	12.0	44.0	29.0	0.0	0.0	90.0	79.0	0.0	22.0	2.0	0.0	0.0	0.0	0.0	0.0	0.0	0.0	0.0	11.0	0.0	0.0	0.0	0.0	0.0	0.0	0.0	0.0	0.0	0.0
SRR5532738	243.0	1170.0	1304.0	998.0	1253.0	50.0	1241.0	6324.0	431.0	49.0	5460.0	4749.0	782.0	9394.0	10.0	8.0	101.0	772.0	44.0	52.0	166.0	82.0	0.0	30.0	39.0	0.0	0.0	514.0	105.0	0.0	7.0	9.0	0.0	6.0	15.0	6.0	19.0	0.0	0.0	7.0	48.0	14.0	0.0	12.0	0.0	0.0	0.0	0.0	0.0	0.0	0.0
SRR5532739	270.0	1173.0	1110.0	641.0	980.0	26.0	979.0	4359.0	672.0	66.0	6778.0	3355.0	860.0	7433.0	6.0	1.0	72.0	753.0	84.0	61.0	132.0	113.0	47.0	23.0	36.0	0.0	0.0	493.0	113.0	0.0	13.0	7.0	0.0	0.0	11.0	0.0	12.0	0.0	0.0	6.0	50.0	18.0	0.0	28.0	0.0	0.0	0.0	0.0	0.0	0.0	0.0
SRR5532740	113.0	960.0	918.0	1249.0	585.0	24.0	1036.0	6093.0	886.0	56.0	2263.0	1380.0	206.0	5818.0	0.0	37.0	260.0	2620.0	74.0	84.0	3.0	31.0	42.0	33.0	134.0	0.0	2.0	143.0	289.0	0.0	46.0	0.0	0.0	0.0	0.0	0.0	4.0	0.0	0.0	0.0	0.0	7.0	12.0	2.0	14.0	0.0	0.0	0.0	0.0	0.0	0.0
SRR5532741	95.0	972.0	823.0	1432.0	181.0	0.0	961.0	7380.0	1147.0	109.0	2967.0	1441.0	285.0	6360.0	6.0	12.0	217.0	2796.0	114.0	63.0	26.0	38.0	13.0	47.0	123.0	0.0	0.0	104.0	156.0	0.0	0.0	0.0	0.0	0.0	0.0	0.0	0.0	0.0	0.0	0.0	0.0	0.0	0.0	10.0	31.0	0.0	0.0	0.0	0.0	0.0	0.0
SRR5532742	77.0	1544.0	1085.0	1549.0	821.0	18.0	1973.0	7117.0	906.0	64.0	2855.0	4139.0	378.0	4602.0	0.0	11.0	52.0	2231.0	87.0	11.0	170.0	80.0	24.0	39.0	32.0	0.0	0.0	58.0	41.0	0.0	10.0	7.0	0.0	0.0	0.0	0.0	0.0	285.0	0.0	0.0	6.0	15.0	0.0	0.0	0.0	0.0	0.0	0.0	0.0	0.0	0.0
SRR5532743	99.0	1475.0	1342.0	1734.0	438.0	0.0	1691.0	7974.0	1920.0	108.0	2917.0	3546.0	652.0	6216.0	0.0	14.0	1312.0	3282.0	73.0	145.0	158.0	100.0	18.0	69.0	31.0	2.0	2.0	80.0	106.0	0.0	12.0	3.0	0.0	0.0	0.0	0.0	4.0	0.0	0.0	7.0	25.0	14.0	0.0	0.0	0.0	0.0	0.0	0.0	0.0	0.0	0.0
SRR5532744	5.0	455.0	120.0	1711.0	87.0	0.0	1162.0	6343.0	41.0	0.0	1932.0	2986.0	0.0	212.0	0.0	0.0	16.0	13.0	0.0	16.0	45.0	0.0	0.0	9.0	101.0	0.0	0.0	0.0	0.0	0.0	0.0	0.0	0.0	0.0	0.0	0.0	4.0	0.0	0.0	0.0	0.0	0.0	0.0	0.0	0.0	0.0	0.0	0.0	0.0	0.0	0.0
SRR5532745	106.0	953.0	870.0	2686.0	203.0	1.0	1495.0	13745.0	1498.0	73.0	3882.0	1744.0	431.0	8330.0	2.0	0.0	413.0	3673.0	18.0	9.0	8.0	10.0	0.0	18.0	254.0	0.0	0.0	73.0	76.0	0.0	0.0	0.0	0.0	0.0	0.0	0.0	0.0	0.0	0.0	0.0	0.0	0.0	0.0	0.0	1.0	0.0	0.0	0.0	0.0	0.0	0.0
SRR5532746	68.0	724.0	865.0	2398.0	233.0	13.0	3138.0	14670.0	1888.0	76.0	5184.0	821.0	467.0	5845.0	0.0	0.0	208.0	4085.0	9.0	46.0	2.0	13.0	9.0	80.0	443.0	0.0	0.0	76.0	42.0	0.0	8.0	1.0	0.0	0.0	0.0	0.0	0.0	0.0	0.0	0.0	0.0	0.0	0.0	0.0	3.0	0.0	0.0	0.0	0.0	0.0	0.0
SRR5532747	343.0	2778.0	708.0	1776.0	692.0	43.0	726.0	8060.0	870.0	79.0	2495.0	1620.0	244.0	4699.0	0.0	24.0	266.0	1877.0	9.0	3.0	0.0	40.0	20.0	45.0	19.0	0.0	0.0	78.0	83.0	0.0	63.0	5.0	0.0	0.0	0.0	0.0	0.0	781.0	0.0	0.0	2.0	0.0	6.0	0.0	2.0	0.0	0.0	0.0	0.0	0.0	0.0
SRR5532748	213.0	2343.0	994.0	2204.0	799.0	36.0	839.0	6711.0	1244.0	90.0	3280.0	2211.0	460.0	5875.0	12.0	23.0	127.0	1956.0	47.0	20.0	42.0	69.0	38.0	73.0	123.0	0.0	0.0	99.0	217.0	0.0	54.0	0.0	0.0	0.0	2.0	0.0	16.0	64.0	0.0	0.0	3.0	0.0	0.0	0.0	20.0	0.0	0.0	0.0	0.0	0.0	0.0
SRR5532749	14.0	168.0	297.0	229.0	177.0	0.0	995.0	1733.0	65.0	0.0	1206.0	14065.0	24.0	810.0	0.0	0.0	12.0	51.0	0.0	13.0	10.0	2.0	0.0	0.0	8.0	0.0	0.0	5.0	2.0	0.0	0.0	0.0	0.0	0.0	0.0	0.0	11.0	0.0	0.0	0.0	0.0	0.0	0.0	0.0	0.0	0.0	0.0	0.0	0.0	0.0	0.0
SRR5532750	29.0	161.0	324.0	485.0	110.0	1.0	1228.0	4071.0	38.0	0.0	1424.0	10114.0	20.0	664.0	0.0	0.0	23.0	21.0	0.0	10.0	34.0	5.0	0.0	0.0	57.0	0.0	0.0	6.0	14.0	0.0	0.0	0.0	0.0	0.0	6.0	0.0	20.0	0.0	0.0	0.0	0.0	0.0	0.0	0.0	0.0	0.0	0.0	0.0	0.0	0.0	0.0
SRR5532751	9.0	265.0	321.0	651.0	88.0	0.0	639.0	4880.0	74.0	0.0	1131.0	10756.0	44.0	808.0	0.0	0.0	0.0	30.0	0.0	0.0	42.0	11.0	0.0	0.0	27.0	0.0	0.0	13.0	0.0	0.0	0.0	0.0	0.0	0.0	6.0	0.0	16.0	0.0	0.0	0.0	0.0	0.0	0.0	0.0	0.0	0.0	0.0	0.0	0.0	0.0	0.0
SRR5532752	26.0	61.0	943.0	249.0	118.0	0.0	850.0	1898.0	50.0	0.0	1366.0	8018.0	34.0	1036.0	0.0	0.0	6.0	22.0	4.0	39.0	7.0	0.0	0.0	0.0	44.0	0.0	0.0	0.0	0.0	0.0	0.0	0.0	0.0	0.0	0.0	0.0	4.0	0.0	0.0	0.0	0.0	0.0	0.0	0.0	0.0	0.0	0.0	0.0	0.0	0.0	0.0
SRR5532753	20.0	448.0	135.0	704.0	95.0	0.0	164.0	3323.0	43.0	0.0	1437.0	11901.0	0.0	259.0	0.0	0.0	2.0	14.0	6.0	18.0	13.0	0.0	3.0	6.0	54.0	0.0	0.0	0.0	0.0	0.0	0.0	0.0	0.0	0.0	0.0	0.0	4.0	0.0	0.0	0.0	0.0	0.0	0.0	0.0	0.0	0.0	0.0	0.0	0.0	0.0	0.0
SRR5532754	5.0	624.0	95.0	530.0	40.0	0.0	897.0	6275.0	45.0	0.0	1559.0	15471.0	0.0	411.0	0.0	0.0	33.0	0.0	21.0	35.0	38.0	2.0	0.0	0.0	172.0	0.0	0.0	1.0	5.0	0.0	0.0	0.0	0.0	0.0	0.0	0.0	6.0	0.0	0.0	0.0	0.0	0.0	0.0	0.0	0.0	0.0	0.0	0.0	0.0	0.0	0.0
SRR5532755	43.0	1464.0	960.0	2205.0	254.0	0.0	249.0	8514.0	10.0	0.0	1700.0	3131.0	7.0	142.0	0.0	0.0	9.0	19.0	8.0	6.0	60.0	0.0	0.0	0.0	321.0	0.0	0.0	2.0	0.0	0.0	0.0	0.0	0.0	0.0	0.0	0.0	9.0	780.0	0.0	0.0	7.0	0.0	0.0	0.0	0.0	0.0	0.0	0.0	0.0	0.0	0.0
SRR5532756	7.0	415.0	280.0	1419.0	87.0	0.0	355.0	9794.0	90.0	0.0	1270.0	12886.0	0.0	197.0	0.0	0.0	0.0	20.0	22.0	5.0	54.0	0.0	3.0	0.0	301.0	0.0	0.0	0.0	0.0	0.0	0.0	0.0	0.0	0.0	0.0	0.0	0.0	7.0	0.0	0.0	0.0	0.0	0.0	0.0	0.0	0.0	0.0	0.0	0.0	0.0	0.0
SRR5532757	96.0	427.0	847.0	2238.0	241.0	42.0	6715.0	11487.0	1606.0	31.0	5507.0	1005.0	338.0	6559.0	0.0	1.0	255.0	3529.0	15.0	47.0	0.0	19.0	23.0	28.0	171.0	0.0	0.0	19.0	34.0	0.0	45.0	0.0	0.0	0.0	0.0	9.0	0.0	0.0	0.0	0.0	0.0	0.0	0.0	0.0	0.0	0.0	0.0	0.0	0.0	0.0	0.0
SRR5532758	162.0	1646.0	824.0	2188.0	828.0	40.0	5402.0	10585.0	1334.0	22.0	4339.0	1157.0	190.0	5333.0	0.0	21.0	139.0	2858.0	9.0	38.0	8.0	21.0	18.0	25.0	366.0	0.0	0.0	43.0	57.0	0.0	13.0	9.0	0.0	0.0	0.0	0.0	0.0	0.0	0.0	0.0	0.0	0.0	8.0	0.0	7.0	0.0	0.0	0.0	0.0	0.0	0.0
SRR5532759	27.0	145.0	445.0	821.0	181.0	0.0	1527.0	4639.0	164.0	0.0	2722.0	11479.0	28.0	1036.0	0.0	0.0	1.0	12.0	0.0	18.0	17.0	0.0	8.0	0.0	2.0	0.0	0.0	12.0	17.0	0.0	0.0	0.0	0.0	2.0	5.0	0.0	8.0	0.0	0.0	0.0	0.0	0.0	0.0	0.0	0.0	0.0	0.0	0.0	0.0	0.0	0.0
SRR5532760	36.0	176.0	894.0	807.0	182.0	0.0	1674.0	6040.0	192.0	0.0	4125.0	6412.0	76.0	1560.0	0.0	0.0	129.0	63.0	1.0	55.0	26.0	0.0	0.0	0.0	85.0	0.0	0.0	1.0	30.0	0.0	0.0	0.0	0.0	0.0	0.0	0.0	0.0	0.0	0.0	0.0	0.0	0.0	0.0	0.0	0.0	0.0	0.0	0.0	0.0	0.0	0.0
SRR5532761	28.0	1362.0	663.0	624.0	549.0	0.0	1095.0	4223.0	221.0	0.0	3255.0	19381.0	89.0	1797.0	0.0	0.0	55.0	54.0	2.0	1.0	0.0	34.0	0.0	0.0	14.0	0.0	0.0	35.0	2.0	0.0	0.0	0.0	0.0	0.0	0.0	0.0	27.0	75.0	0.0	0.0	0.0	0.0	0.0	0.0	0.0	0.0	0.0	0.0	0.0	0.0	0.0
SRR5532762	7.0	361.0	122.0	310.0	79.0	0.0	448.0	13239.0	67.0	0.0	1588.0	6732.0	40.0	957.0	0.0	0.0	42.0	0.0	0.0	3.0	15.0	14.0	0.0	0.0	0.0	0.0	0.0	0.0	4.0	0.0	0.0	0.0	0.0	0.0	0.0	0.0	8.0	15.0	0.0	0.0	5.0	0.0	0.0	0.0	0.0	0.0	0.0	0.0	0.0	0.0	0.0
SRR5532763	14.0	3686.0	426.0	2327.0	340.0	0.0	565.0	15819.0	101.0	0.0	2168.0	10948.0	7.0	609.0	0.0	0.0	14.0	41.0	20.0	15.0	70.0	0.0	0.0	3.0	83.0	0.0	0.0	1.0	0.0	0.0	0.0	0.0	0.0	0.0	0.0	0.0	6.0	22.0	0.0	0.0	0.0	0.0	0.0	0.0	0.0	0.0	0.0	0.0	0.0	0.0	0.0
SRR5532764	0.0	606.0	254.0	994.0	57.0	0.0	5024.0	5446.0	51.0	0.0	2245.0	10030.0	0.0	308.0	0.0	0.0	29.0	3.0	60.0	9.0	0.0	0.0	0.0	0.0	446.0	0.0	0.0	0.0	6.0	0.0	0.0	0.0	0.0	0.0	0.0	0.0	8.0	0.0	0.0	0.0	0.0	0.0	0.0	0.0	0.0	0.0	0.0	0.0	0.0	0.0	0.0
SRR5532765	8.0	719.0	289.0	3935.0	46.0	0.0	371.0	15586.0	22.0	0.0	1485.0	7427.0	5.0	203.0	0.0	0.0	0.0	18.0	0.0	0.0	21.0	0.0	0.0	0.0	184.0	0.0	0.0	0.0	0.0	0.0	0.0	0.0	0.0	0.0	0.0	0.0	0.0	237.0	0.0	0.0	0.0	0.0	0.0	0.0	0.0	0.0	0.0	0.0	0.0	0.0	0.0
SRR5532766	6.0	1447.0	155.0	2915.0	152.0	0.0	1012.0	7315.0	38.0	0.0	1059.0	10388.0	5.0	301.0	0.0	0.0	10.0	42.0	16.0	0.0	43.0	0.0	0.0	0.0	36.0	0.0	0.0	0.0	2.0	0.0	0.0	0.0	0.0	0.0	0.0	0.0	0.0	0.0	0.0	0.0	0.0	0.0	0.0	0.0	0.0	0.0	0.0	0.0	0.0	0.0	0.0
SRR5532767	2.0	36.0	66.0	476.0	21.0	0.0	3697.0	3973.0	20.0	0.0	2115.0	203.0	0.0	372.0	0.0	0.0	0.0	42.0	0.0	3.0	5.0	0.0	0.0	0.0	328.0	0.0	0.0	0.0	0.0	0.0	5.0	0.0	0.0	0.0	0.0	0.0	0.0	0.0	0.0	0.0	0.0	0.0	0.0	0.0	0.0	0.0	0.0	0.0	0.0	0.0	0.0
SRR5532768	6.0	150.0	194.0	930.0	54.0	0.0	1829.0	8491.0	29.0	0.0	1670.0	907.0	3.0	273.0	0.0	0.0	2.0	33.0	9.0	0.0	18.0	3.0	0.0	0.0	504.0	0.0	0.0	0.0	0.0	0.0	0.0	0.0	0.0	0.0	0.0	0.0	0.0	0.0	0.0	0.0	0.0	0.0	0.0	0.0	0.0	0.0	0.0	0.0	0.0	0.0	0.0
SRR5532769	5.0	35.0	263.0	1147.0	11.0	0.0	2588.0	6886.0	31.0	0.0	2707.0	581.0	0.0	642.0	0.0	0.0	0.0	53.0	0.0	9.0	0.0	0.0	0.0	0.0	1730.0	0.0	0.0	0.0	0.0	0.0	0.0	0.0	0.0	0.0	0.0	1.0	0.0	0.0	0.0	0.0	0.0	0.0	0.0	0.0	0.0	0.0	0.0	0.0	0.0	0.0	0.0
SRR5532770	10.0	73.0	155.0	572.0	15.0	0.0	1909.0	3574.0	32.0	0.0	2663.0	687.0	3.0	532.0	0.0	0.0	0.0	26.0	0.0	0.0	0.0	0.0	0.0	0.0	2141.0	0.0	0.0	0.0	2.0	0.0	0.0	0.0	0.0	0.0	0.0	0.0	0.0	0.0	0.0	0.0	0.0	0.0	0.0	0.0	0.0	0.0	0.0	0.0	0.0	0.0	0.0
SRR5532771	20.0	750.0	224.0	957.0	110.0	0.0	2402.0	8697.0	46.0	0.0	2066.0	5224.0	9.0	375.0	0.0	0.0	9.0	9.0	5.0	4.0	22.0	0.0	0.0	0.0	218.0	0.0	0.0	0.0	2.0	0.0	0.0	0.0	0.0	3.0	0.0	0.0	0.0	0.0	0.0	0.0	4.0	0.0	0.0	0.0	0.0	0.0	0.0	0.0	0.0	0.0	0.0
SRR5532772	7.0	598.0	161.0	1234.0	170.0	0.0	2606.0	12729.0	51.0	0.0	2875.0	3229.0	15.0	267.0	0.0	0.0	11.0	8.0	4.0	20.0	16.0	1.0	0.0	16.0	56.0	0.0	0.0	0.0	0.0	0.0	0.0	0.0	0.0	0.0	0.0	0.0	11.0	0.0	0.0	0.0	0.0	0.0	0.0	0.0	0.0	0.0	0.0	0.0	0.0	0.0	0.0
SRR5532773	16.0	397.0	119.0	426.0	55.0	0.0	2368.0	4469.0	39.0	0.0	3074.0	3658.0	9.0	184.0	0.0	0.0	23.0	11.0	0.0	20.0	7.0	0.0	0.0	0.0	74.0	0.0	0.0	0.0	0.0	0.0	0.0	0.0	0.0	0.0	0.0	0.0	3.0	0.0	0.0	0.0	0.0	0.0	0.0	0.0	0.0	0.0	0.0	0.0	0.0	0.0	0.0
SRR5532777	10.0	56.0	139.0	1088.0	52.0	0.0	568.0	6412.0	23.0	0.0	1857.0	2558.0	11.0	211.0	0.0	0.0	17.0	25.0	2.0	88.0	18.0	0.0	0.0	0.0	1367.0	0.0	0.0	0.0	0.0	0.0	0.0	0.0	0.0	0.0	0.0	0.0	0.0	0.0	0.0	0.0	0.0	0.0	0.0	0.0	0.0	0.0	0.0	0.0	0.0	0.0	0.0
SRR5532778	23.0	1317.0	284.0	1152.0	105.0	0.0	877.0	15637.0	25.0	0.0	2531.0	3790.0	0.0	553.0	0.0	1.0	0.0	13.0	5.0	74.0	33.0	0.0	6.0	0.0	1258.0	0.0	0.0	0.0	20.0	0.0	0.0	0.0	0.0	0.0	0.0	0.0	0.0	0.0	0.0	0.0	0.0	0.0	0.0	0.0	0.0	0.0	0.0	0.0	0.0	0.0	0.0
SRR5532779	241.0	330.0	1830.0	386.0	1683.0	32.0	734.0	6154.0	335.0	17.0	3043.0	3226.0	290.0	6848.0	3.0	2.0	72.0	594.0	55.0	102.0	19.0	35.0	19.0	4.0	45.0	0.0	2.0	124.0	293.0	0.0	0.0	0.0	0.0	9.0	3.0	0.0	9.0	0.0	0.0	1.0	11.0	0.0	0.0	0.0	0.0	0.0	0.0	0.0	0.0	0.0	0.0
SRR5532780	184.0	1398.0	1766.0	832.0	1708.0	15.0	1042.0	6190.0	746.0	78.0	8640.0	4924.0	990.0	9665.0	0.0	4.0	88.0	932.0	83.0	90.0	135.0	97.0	45.0	35.0	80.0	0.0	0.0	371.0	159.0	0.0	0.0	10.0	0.0	0.0	2.0	1.0	41.0	0.0	5.0	3.0	49.0	0.0	0.0	6.0	0.0	0.0	0.0	0.0	0.0	0.0	0.0
SRR5532781	27.0	526.0	591.0	877.0	321.0	13.0	809.0	6221.0	1138.0	47.0	1741.0	2006.0	183.0	3632.0	0.0	16.0	175.0	2236.0	58.0	51.0	63.0	33.0	12.0	46.0	56.0	0.0	0.0	72.0	172.0	0.0	0.0	0.0	0.0	0.0	0.0	0.0	3.0	0.0	0.0	0.0	19.0	5.0	0.0	0.0	0.0	0.0	0.0	0.0	0.0	0.0	0.0
SRR5532782	81.0	1089.0	864.0	1948.0	994.0	0.0	1600.0	8924.0	1180.0	91.0	3032.0	4096.0	244.0	5202.0	0.0	2.0	156.0	3162.0	84.0	156.0	117.0	23.0	19.0	73.0	62.0	0.0	0.0	60.0	98.0	0.0	12.0	3.0	0.0	9.0	0.0	0.0	5.0	6.0	0.0	0.0	42.0	19.0	0.0	0.0	0.0	0.0	7.0	0.0	0.0	0.0	0.0
SRR5532783	6.0	207.0	168.0	1251.0	118.0	0.0	490.0	15511.0	32.0	0.0	784.0	3315.0	2.0	232.0	0.0	0.0	0.0	16.0	0.0	7.0	9.0	0.0	0.0	0.0	263.0	0.0	0.0	0.0	0.0	0.0	0.0	0.0	0.0	0.0	0.0	0.0	0.0	0.0	0.0	0.0	4.0	0.0	0.0	0.0	0.0	0.0	0.0	0.0	0.0	0.0	0.0
SRR5532784	12.0	258.0	236.0	818.0	158.0	0.0	962.0	11209.0	22.0	0.0	1172.0	4420.0	2.0	289.0	0.0	1.0	0.0	48.0	5.0	0.0	32.0	0.0	0.0	0.0	258.0	0.0	0.0	0.0	0.0	0.0	5.0	0.0	0.0	0.0	0.0	0.0	0.0	359.0	0.0	0.0	0.0	0.0	0.0	0.0	0.0	0.0	0.0	0.0	0.0	0.0	0.0
SRR5532785	48.0	405.0	768.0	282.0	847.0	49.0	392.0	2500.0	388.0	22.0	2999.0	2157.0	316.0	4486.0	0.0	2.0	46.0	589.0	27.0	3.0	30.0	33.0	26.0	7.0	25.0	0.0	0.0	97.0	258.0	0.0	5.0	3.0	0.0	0.0	0.0	0.0	14.0	0.0	0.0	10.0	17.0	0.0	0.0	0.0	0.0	0.0	0.0	0.0	0.0	0.0	0.0
SRR5532786	440.0	1110.0	3977.0	991.0	1743.0	110.0	1978.0	9732.0	1328.0	122.0	11913.0	5658.0	1070.0	14582.0	14.0	3.0	97.0	2135.0	123.0	175.0	109.0	112.0	37.0	41.0	52.0	0.0	0.0	342.0	292.0	0.0	0.0	6.0	0.0	9.0	0.0	0.0	67.0	0.0	9.0	84.0	40.0	0.0	0.0	31.0	0.0	0.0	0.0	0.0	0.0	0.0	0.0
SRR5532788	83.0	267.0	1457.0	290.0	900.0	20.0	6103.0	5270.0	524.0	8.0	5613.0	2547.0	507.0	3164.0	0.0	0.0	78.0	412.0	19.0	39.0	13.0	11.0	19.0	0.0	0.0	0.0	0.0	75.0	81.0	0.0	5.0	0.0	0.0	0.0	2.0	0.0	0.0	0.0	0.0	9.0	0.0	0.0	0.0	0.0	0.0	0.0	0.0	0.0	0.0	0.0	0.0
SRR5532790	93.0	793.0	1300.0	1776.0	412.0	6.0	11032.0	10905.0	1778.0	15.0	7812.0	2365.0	260.0	4457.0	4.0	0.0	100.0	5002.0	26.0	41.0	41.0	17.0	0.0	17.0	191.0	0.0	0.0	25.0	44.0	0.0	6.0	0.0	0.0	0.0	0.0	0.0	0.0	0.0	3.0	0.0	15.0	0.0	0.0	0.0	0.0	0.0	0.0	0.0	0.0	0.0	0.0
SRR5532791	82.0	1557.0	1088.0	1780.0	806.0	11.0	11694.0	14327.0	1028.0	32.0	7913.0	2574.0	255.0	3492.0	0.0	3.0	65.0	2867.0	3.0	65.0	39.0	32.0	9.0	67.0	137.0	3.0	0.0	16.0	64.0	4.0	12.0	7.0	0.0	0.0	0.0	0.0	0.0	0.0	0.0	0.0	27.0	0.0	0.0	0.0	0.0	0.0	0.0	0.0	0.0	0.0	0.0
SRR5532792	10.0	656.0	459.0	123.0	661.0	4.0	10330.0	4031.0	592.0	0.0	5060.0	1494.0	404.0	2797.0	0.0	0.0	72.0	470.0	4.0	26.0	38.0	19.0	14.0	0.0	10.0	0.0	0.0	10.0	35.0	0.0	20.0	2.0	0.0	0.0	0.0	0.0	0.0	0.0	0.0	12.0	0.0	0.0	0.0	0.0	0.0	0.0	0.0	0.0	0.0	0.0	0.0
SRR5532794	17.0	172.0	203.0	534.0	135.0	0.0	2155.0	2716.0	167.0	4.0	1575.0	320.0	41.0	1004.0	0.0	4.0	24.0	762.0	8.0	3.0	5.0	0.0	5.0	17.0	360.0	0.0	0.0	2.0	55.0	0.0	0.0	0.0	0.0	0.0	1.0	0.0	0.0	0.0	0.0	0.0	0.0	0.0	0.0	0.0	2.0	0.0	0.0	0.0	0.0	0.0	0.0
SRR5532795	89.0	229.0	900.0	2506.0	373.0	42.0	4200.0	9786.0	1175.0	26.0	4080.0	922.0	244.0	3544.0	0.0	17.0	121.0	3477.0	23.0	36.0	13.0	23.0	11.0	62.0	735.0	3.0	0.0	22.0	49.0	0.0	36.0	0.0	0.0	0.0	0.0	0.0	0.0	0.0	0.0	0.0	0.0	0.0	0.0	0.0	1.0	0.0	0.0	0.0	0.0	0.0	0.0
SRR5532796	66.0	578.0	411.0	1272.0	306.0	0.0	10389.0	15663.0	383.0	8.0	4868.0	1500.0	105.0	1078.0	0.0	0.0	66.0	742.0	1.0	40.0	17.0	10.0	7.0	16.0	57.0	0.0	0.0	0.0	0.0	0.0	14.0	5.0	0.0	8.0	0.0	0.0	6.0	0.0	0.0	0.0	33.0	0.0	0.0	0.0	0.0	0.0	0.0	0.0	0.0	0.0	0.0
SRR5532797	75.0	1204.0	1288.0	1865.0	508.0	4.0	13733.0	13590.0	1010.0	24.0	9034.0	2435.0	128.0	3066.0	0.0	0.0	56.0	1914.0	21.0	39.0	26.0	25.0	0.0	23.0	137.0	2.0	0.0	8.0	20.0	0.0	13.0	1.0	0.0	13.0	0.0	0.0	0.0	0.0	0.0	0.0	20.0	0.0	0.0	0.0	0.0	0.0	0.0	0.0	0.0	0.0	0.0
SRR5532798	9.0	264.0	506.0	362.0	161.0	2.0	2756.0	5278.0	1535.0	93.0	3273.0	2459.0	332.0	5589.0	0.0	0.0	527.0	3586.0	36.0	145.0	52.0	14.0	0.0	34.0	15.0	0.0	0.0	23.0	85.0	0.0	0.0	0.0	0.0	9.0	1.0	0.0	0.0	0.0	0.0	0.0	0.0	0.0	9.0	0.0	0.0	0.0	0.0	0.0	0.0	0.0	0.0
SRR5532799	95.0	1560.0	1250.0	1447.0	456.0	53.0	2514.0	8086.0	1494.0	96.0	4666.0	3078.0	466.0	8185.0	6.0	9.0	610.0	3996.0	83.0	154.0	64.0	64.0	73.0	78.0	36.0	0.0	3.0	61.0	501.0	0.0	32.0	0.0	0.0	0.0	0.0	0.0	0.0	0.0	0.0	0.0	0.0	0.0	0.0	1.0	108.0	0.0	0.0	0.0	0.0	0.0	0.0
SRR5532800	773.0	316.0	953.0	344.0	276.0	15.0	3163.0	5639.0	1442.0	11.0	8721.0	4474.0	525.0	9947.0	3.0	6.0	229.0	1706.0	46.0	182.0	50.0	39.0	8.0	0.0	6.0	0.0	0.0	254.0	135.0	0.0	0.0	0.0	0.0	24.0	0.0	0.0	0.0	0.0	0.0	49.0	2.0	0.0	17.0	0.0	0.0	0.0	0.0	0.0	0.0	0.0	0.0
SRR5532801	60.0	9968.0	625.0	1399.0	464.0	50.0	1912.0	2696.0	1319.0	68.0	5657.0	4248.0	457.0	5381.0	0.0	0.0	158.0	1800.0	108.0	30.0	431.0	126.0	11.0	60.0	36.0	0.0	0.0	51.0	98.0	0.0	13.0	4.0	0.0	0.0	8.0	0.0	15.0	0.0	0.0	0.0	65.0	8.0	0.0	0.0	0.0	0.0	0.0	0.0	0.0	0.0	0.0
SRR5532802	17.0	2612.0	569.0	956.0	329.0	0.0	2475.0	5806.0	1524.0	71.0	4242.0	5400.0	303.0	5743.0	0.0	2.0	659.0	3372.0	119.0	73.0	164.0	78.0	12.0	75.0	18.0	0.0	0.0	55.0	83.0	0.0	6.0	0.0	0.0	0.0	0.0	0.0	6.0	0.0	0.0	0.0	38.0	19.0	0.0	1.0	14.0	0.0	0.0	0.0	0.0	0.0	0.0
SRR5532803	51.0	3463.0	1055.0	958.0	404.0	25.0	2302.0	6233.0	1738.0	115.0	4182.0	3041.0	353.0	8186.0	4.0	22.0	173.0	4734.0	49.0	3.0	52.0	66.0	114.0	52.0	7.0	0.0	0.0	138.0	398.0	0.0	27.0	0.0	0.0	0.0	1.0	0.0	0.0	0.0	0.0	0.0	0.0	21.0	0.0	6.0	3.0	0.0	0.0	0.0	0.0	0.0	0.0
SRR5532804	53.0	742.0	735.0	351.0	300.0	24.0	1802.0	2128.0	406.0	79.0	7410.0	3176.0	462.0	11399.0	3.0	7.0	19.0	1243.0	58.0	20.0	138.0	49.0	13.0	7.0	17.0	0.0	0.0	315.0	119.0	0.0	15.0	2.0	0.0	3.0	0.0	0.0	0.0	0.0	0.0	6.0	19.0	1.0	0.0	0.0	0.0	0.0	0.0	0.0	0.0	0.0	0.0
SRR5532805	44.0	2102.0	907.0	1888.0	428.0	17.0	2495.0	7920.0	1726.0	84.0	4977.0	4856.0	513.0	6787.0	11.0	0.0	1911.0	3663.0	124.0	69.0	186.0	94.0	0.0	44.0	21.0	0.0	0.0	77.0	136.0	0.0	14.0	0.0	0.0	0.0	5.0	0.0	3.0	0.0	0.0	18.0	34.0	0.0	0.0	0.0	0.0	0.0	0.0	0.0	0.0	0.0	0.0
SRR5532806	40.0	1496.0	496.0	799.0	294.0	1.0	836.0	3227.0	850.0	76.0	2490.0	1344.0	271.0	6645.0	0.0	1.0	219.0	2132.0	20.0	7.0	61.0	27.0	54.0	44.0	50.0	0.0	0.0	59.0	160.0	0.0	14.0	3.0	0.0	0.0	0.0	0.0	5.0	0.0	0.0	0.0	5.0	0.0	0.0	0.0	14.0	0.0	0.0	0.0	0.0	0.0	0.0
SRR5532807	459.0	304.0	841.0	450.0	317.0	0.0	3971.0	7359.0	1250.0	35.0	7735.0	4533.0	483.0	8959.0	3.0	0.0	140.0	1697.0	43.0	150.0	49.0	35.0	12.0	1.0	1.0	0.0	0.0	139.0	120.0	0.0	0.0	0.0	0.0	33.0	0.0	0.0	0.0	0.0	0.0	70.0	0.0	2.0	3.0	5.0	0.0	0.0	0.0	0.0	0.0	0.0	0.0
SRR5532808	16.0	347.0	497.0	398.0	281.0	9.0	4430.0	7343.0	1542.0	114.0	4276.0	3141.0	197.0	6501.0	0.0	0.0	85.0	4092.0	23.0	170.0	14.0	28.0	0.0	35.0	14.0	0.0	0.0	19.0	101.0	0.0	0.0	0.0	0.0	10.0	0.0	0.0	0.0	0.0	0.0	0.0	0.0	0.0	8.0	0.0	0.0	0.0	0.0	0.0	0.0	0.0	0.0
SRR5532809	44.0	93.0	523.0	998.0	182.0	0.0	2198.0	7368.0	1667.0	128.0	4235.0	1562.0	310.0	8824.0	0.0	8.0	973.0	3782.0	24.0	93.0	6.0	16.0	21.0	21.0	15.0	0.0	0.0	65.0	235.0	0.0	10.0	0.0	0.0	0.0	0.0	0.0	0.0	0.0	0.0	0.0	6.0	0.0	0.0	2.0	2.0	0.0	0.0	0.0	0.0	0.0	0.0
SRR5532810	36.0	11.0	202.0	208.0	62.0	0.0	3254.0	1924.0	108.0	0.0	1719.0	2430.0	34.0	311.0	0.0	0.0	12.0	31.0	0.0	30.0	2.0	0.0	0.0	0.0	0.0	0.0	0.0	0.0	1.0	0.0	0.0	0.0	0.0	0.0	0.0	0.0	4.0	0.0	0.0	0.0	0.0	0.0	0.0	0.0	0.0	0.0	0.0	0.0	0.0	0.0	0.0
SRR5532811	9.0	96.0	129.0	181.0	39.0	0.0	1587.0	1216.0	131.0	0.0	1543.0	5666.0	35.0	367.0	0.0	0.0	21.0	13.0	0.0	0.0	3.0	0.0	0.0	0.0	14.0	0.0	0.0	0.0	0.0	0.0	0.0	0.0	0.0	0.0	0.0	0.0	16.0	0.0	0.0	0.0	3.0	0.0	0.0	0.0	0.0	0.0	0.0	0.0	0.0	0.0	0.0
SRR5532812	201.0	2707.0	1080.0	1883.0	1227.0	41.0	567.0	8532.0	606.0	34.0	1971.0	1835.0	163.0	3737.0	1.0	12.0	97.0	1591.0	44.0	29.0	61.0	35.0	30.0	15.0	162.0	0.0	0.0	22.0	66.0	0.0	49.0	3.0	0.0	0.0	0.0	0.0	2.0	690.0	0.0	0.0	15.0	9.0	0.0	0.0	0.0	0.0	0.0	0.0	0.0	0.0	0.0
SRR5532813	227.0	1974.0	1213.0	2490.0	1219.0	15.0	443.0	9781.0	691.0	29.0	1942.0	2187.0	114.0	4255.0	0.0	11.0	88.0	1534.0	106.0	46.0	53.0	62.0	42.0	50.0	183.0	0.0	0.0	37.0	167.0	3.0	30.0	0.0	4.0	0.0	0.0	3.0	0.0	19.0	0.0	0.0	0.0	0.0	7.0	0.0	0.0	0.0	0.0	0.0	0.0	0.0	0.0
SRR5532814	115.0	965.0	1100.0	1467.0	567.0	7.0	896.0	9198.0	1182.0	68.0	4137.0	2056.0	224.0	6200.0	4.0	10.0	266.0	2338.0	67.0	145.0	61.0	44.0	30.0	40.0	219.0	0.0	0.0	66.0	273.0	0.0	17.0	4.0	0.0	0.0	0.0	4.0	4.0	0.0	0.0	0.0	0.0	0.0	10.0	8.0	31.0	0.0	0.0	0.0	0.0	0.0	0.0
SRR5532815	80.0	423.0	994.0	1998.0	871.0	35.0	726.0	6859.0	757.0	33.0	1729.0	1666.0	113.0	4480.0	0.0	10.0	1939.0	2128.0	84.0	124.0	22.0	27.0	27.0	24.0	222.0	0.0	0.0	65.0	169.0	2.0	8.0	0.0	0.0	8.0	0.0	0.0	0.0	0.0	0.0	0.0	0.0	7.0	8.0	0.0	1.0	0.0	0.0	0.0	0.0	0.0	0.0
SRR5532816	17.0	167.0	269.0	184.0	120.0	0.0	1678.0	3085.0	159.0	0.0	1624.0	3689.0	5.0	705.0	0.0	0.0	39.0	0.0	5.0	0.0	23.0	3.0	0.0	0.0	22.0	0.0	0.0	0.0	0.0	0.0	0.0	0.0	0.0	0.0	0.0	1.0	7.0	0.0	0.0	0.0	17.0	0.0	0.0	0.0	0.0	0.0	0.0	0.0	0.0	0.0	0.0
SRR5532818	30.0	46.0	247.0	219.0	89.0	0.0	1689.0	1368.0	58.0	0.0	1688.0	6543.0	25.0	485.0	0.0	0.0	5.0	10.0	0.0	72.0	0.0	1.0	0.0	0.0	0.0	0.0	0.0	0.0	0.0	0.0	0.0	4.0	0.0	0.0	0.0	0.0	0.0	0.0	0.0	0.0	0.0	0.0	0.0	0.0	0.0	0.0	0.0	0.0	0.0	0.0	0.0
SRR5532819	5.0	25.0	242.0	291.0	124.0	0.0	2653.0	3866.0	120.0	0.0	1432.0	4961.0	92.0	826.0	0.0	0.0	0.0	44.0	0.0	55.0	0.0	6.0	0.0	0.0	49.0	0.0	0.0	0.0	0.0	0.0	0.0	0.0	0.0	0.0	0.0	0.0	0.0	0.0	0.0	0.0	7.0	0.0	0.0	0.0	0.0	0.0	0.0	0.0	0.0	0.0	0.0
SRR5532820	200.0	4640.0	3704.0	2981.0	821.0	31.0	858.0	7562.0	848.0	52.0	2724.0	3124.0	250.0	3944.0	0.0	6.0	75.0	2039.0	66.0	60.0	111.0	37.0	0.0	43.0	103.0	0.0	0.0	35.0	44.0	0.0	13.0	11.0	0.0	4.0	0.0	0.0	4.0	517.0	0.0	0.0	55.0	7.0	0.0	0.0	0.0	0.0	0.0	0.0	0.0	0.0	0.0
SRR5532821	115.0	1562.0	748.0	1837.0	891.0	15.0	860.0	5569.0	448.0	34.0	1597.0	2453.0	130.0	2539.0	0.0	1.0	113.0	1790.0	64.0	49.0	61.0	18.0	9.0	16.0	100.0	0.0	0.0	24.0	60.0	0.0	10.0	0.0	0.0	0.0	0.0	0.0	8.0	2.0	0.0	0.0	23.0	7.0	0.0	0.0	0.0	0.0	0.0	0.0	0.0	0.0	0.0
SRR5532822	11.0	977.0	48.0	587.0	19.0	0.0	2878.0	3204.0	48.0	0.0	4081.0	303.0	11.0	755.0	0.0	0.0	6.0	73.0	0.0	8.0	0.0	0.0	0.0	7.0	169.0	0.0	0.0	0.0	0.0	0.0	8.0	0.0	0.0	0.0	0.0	0.0	0.0	0.0	0.0	0.0	0.0	0.0	0.0	0.0	0.0	0.0	0.0	0.0	0.0	0.0	0.0
SRR5532823	10.0	547.0	111.0	952.0	13.0	0.0	3162.0	10799.0	41.0	0.0	3454.0	229.0	0.0	435.0	0.0	0.0	28.0	70.0	0.0	17.0	0.0	0.0	0.0	0.0	162.0	0.0	0.0	0.0	0.0	0.0	7.0	0.0	0.0	0.0	0.0	0.0	0.0	0.0	0.0	0.0	0.0	0.0	0.0	0.0	0.0	0.0	0.0	0.0	0.0	0.0	0.0
SRR5532824	64.0	5202.0	808.0	1477.0	744.0	25.0	7689.0	14914.0	2294.0	82.0	8405.0	3001.0	661.0	5607.0	0.0	3.0	143.0	5431.0	14.0	15.0	64.0	64.0	0.0	81.0	41.0	0.0	0.0	8.0	44.0	0.0	14.0	1.0	0.0	0.0	0.0	0.0	0.0	0.0	0.0	0.0	8.0	0.0	0.0	0.0	0.0	0.0	0.0	0.0	0.0	0.0	0.0
SRR5532825	15.0	1922.0	532.0	1249.0	248.0	4.0	6520.0	13249.0	1455.0	36.0	4963.0	1957.0	249.0	3924.0	0.0	0.0	71.0	4907.0	22.0	58.0	7.0	12.0	0.0	7.0	1.0	0.0	0.0	2.0	28.0	0.0	13.0	0.0	0.0	3.0	0.0	0.0	0.0	17.0	0.0	0.0	7.0	0.0	0.0	0.0	0.0	0.0	0.0	0.0	0.0	0.0	0.0
SRR5532826	32.0	2970.0	260.0	992.0	173.0	0.0	5347.0	13375.0	1233.0	70.0	5711.0	1928.0	253.0	3953.0	0.0	0.0	54.0	6694.0	5.0	20.0	3.0	21.0	0.0	33.0	57.0	0.0	0.0	8.0	20.0	0.0	12.0	0.0	0.0	0.0	0.0	0.0	0.0	9.0	0.0	0.0	0.0	0.0	0.0	0.0	0.0	0.0	0.0	0.0	0.0	0.0	0.0
SRR5532827	15.0	970.0	888.0	2405.0	228.0	0.0	4234.0	11956.0	1580.0	2.0	4777.0	2675.0	227.0	3599.0	2.0	2.0	74.0	4799.0	135.0	43.0	15.0	10.0	0.0	37.0	437.0	0.0	0.0	35.0	30.0	0.0	0.0	0.0	0.0	0.0	0.0	0.0	0.0	0.0	0.0	0.0	0.0	0.0	0.0	0.0	0.0	0.0	0.0	0.0	0.0	0.0	0.0
SRR5532828	74.0	1179.0	567.0	272.0	664.0	27.0	10623.0	7557.0	1145.0	9.0	8492.0	3195.0	797.0	4526.0	0.0	0.0	80.0	1052.0	34.0	19.0	90.0	57.0	9.0	9.0	11.0	0.0	0.0	169.0	38.0	0.0	12.0	8.0	0.0	2.0	0.0	0.0	9.0	0.0	0.0	4.0	31.0	0.0	0.0	1.0	0.0	0.0	0.0	0.0	0.0	0.0	0.0
SRR5532829	7.0	2275.0	1355.0	471.0	759.0	14.0	12555.0	9430.0	2202.0	39.0	9499.0	3244.0	1044.0	6904.0	0.0	0.0	209.0	1426.0	31.0	81.0	35.0	72.0	0.0	9.0	59.0	0.0	0.0	29.0	30.0	0.0	21.0	0.0	0.0	3.0	1.0	0.0	0.0	0.0	0.0	24.0	22.0	0.0	0.0	2.0	0.0	0.0	0.0	0.0	0.0	0.0	0.0
SRR5532830	67.0	1129.0	1754.0	554.0	789.0	59.0	14419.0	11219.0	2635.0	58.0	11041.0	4498.0	1307.0	7668.0	0.0	0.0	86.0	780.0	34.0	113.0	106.0	71.0	23.0	11.0	33.0	0.0	0.0	121.0	125.0	0.0	8.0	3.0	0.0	14.0	0.0	0.0	18.0	5.0	0.0	27.0	32.0	0.0	2.0	7.0	0.0	0.0	0.0	0.0	0.0	0.0	0.0
SRR5532831	1356.0	439.0	1370.0	381.0	518.0	32.0	4326.0	8239.0	1413.0	9.0	6634.0	4301.0	917.0	6553.0	0.0	3.0	55.0	1106.0	27.0	148.0	18.0	27.0	0.0	2.0	56.0	0.0	0.0	94.0	27.0	0.0	0.0	0.0	0.0	48.0	0.0	0.0	0.0	0.0	0.0	26.0	10.0	0.0	0.0	0.0	0.0	0.0	0.0	0.0	0.0	0.0	0.0
